gameid,tourneyid,tie,winnerid,winnername,winnerscore,winneroldrating,winnernewrating,winnerpos,loserid,losername,loserscore,loseroldrating,losernewrating,loserpos,round,division,date,lexicon
1,1,False,268,Harriette Lakernick,0,1568,1684,1,429,Patricia Barrett,0,1915,1872,3,1,1,1998-12-06,False
2,1,False,268,Harriette Lakernick,0,1568,1684,1,435,Chris Cree,0,1840,1798,6,2,1,1998-12-06,False
3,1,False,268,Harriette Lakernick,0,1568,1684,1,441,Caesar Jaramillo,0,1622,1606,10,3,1,1998-12-06,False
4,1,False,268,Harriette Lakernick,0,1568,1684,1,456,Mike Chitwood,0,1612,1600,9,4,1,1998-12-06,False
5,1,False,268,Harriette Lakernick,0,1568,1684,1,1334,Nancy Scott,0,1537,1590,4,6,1,1998-12-06,False
6,1,False,268,Harriette Lakernick,0,1568,1684,1,454,Mary Rhoades,0,1676,1647,8,8,1,1998-12-06,False
7,1,False,268,Harriette Lakernick,0,1568,1684,1,5766,Stephen Fierros,0,1647,1640,7,9,1,1998-12-06,False
8,1,False,268,Harriette Lakernick,0,1568,1684,1,442,Matt Dewaelsche,0,1739,1747,2,10,1,1998-12-06,False
9,1,False,429,Patricia Barrett,0,1915,1872,3,456,Mike Chitwood,0,1612,1600,9,3,1,1998-12-06,False
10,1,False,429,Patricia Barrett,0,1915,1872,3,1334,Nancy Scott,0,1537,1590,4,5,1,1998-12-06,False
11,1,False,429,Patricia Barrett,0,1915,1872,3,431,Sam Dick-Onuoha,0,1557,1650,5,6,1,1998-12-06,False
12,1,False,429,Patricia Barrett,0,1915,1872,3,435,Chris Cree,0,1840,1798,6,9,1,1998-12-06,False
13,1,False,429,Patricia Barrett,0,1915,1872,3,435,Chris Cree,0,1840,1798,6,10,1,1998-12-06,False
14,1,False,429,Patricia Barrett,0,1915,1872,3,431,Sam Dick-Onuoha,0,1557,1650,5,11,1,1998-12-06,False
15,1,False,431,Sam Dick-Onuoha,0,1557,1650,5,435,Chris Cree,0,1840,1798,6,3,1,1998-12-06,False
16,1,False,431,Sam Dick-Onuoha,0,1557,1650,5,454,Mary Rhoades,0,1676,1647,8,4,1,1998-12-06,False
17,1,False,431,Sam Dick-Onuoha,0,1557,1650,5,268,Harriette Lakernick,0,1568,1684,1,7,1,1998-12-06,False
18,1,False,431,Sam Dick-Onuoha,0,1557,1650,5,441,Caesar Jaramillo,0,1622,1606,10,8,1,1998-12-06,False
19,1,False,431,Sam Dick-Onuoha,0,1557,1650,5,456,Mike Chitwood,0,1612,1600,9,9,1,1998-12-06,False
20,1,False,431,Sam Dick-Onuoha,0,1557,1650,5,5766,Stephen Fierros,0,1647,1640,7,10,1,1998-12-06,False
21,1,False,435,Chris Cree,0,1840,1798,6,1334,Nancy Scott,0,1537,1590,4,1,1,1998-12-06,False
22,1,False,435,Chris Cree,0,1840,1798,6,441,Caesar Jaramillo,0,1622,1606,10,4,1,1998-12-06,False
23,1,False,435,Chris Cree,0,1840,1798,6,454,Mary Rhoades,0,1676,1647,8,5,1,1998-12-06,False
24,1,False,435,Chris Cree,0,1840,1798,6,5766,Stephen Fierros,0,1647,1640,7,7,1,1998-12-06,False
25,1,False,435,Chris Cree,0,1840,1798,6,454,Mary Rhoades,0,1676,1647,8,11,1,1998-12-06,False
26,1,False,440,John Dalton,0,1093,1071,5,5946,Mark Setty,0,922,776,17,2,3,1998-12-06,False
27,1,False,440,John Dalton,0,1093,1071,5,1712,Dave Rubin,0,883,873,11,3,3,1998-12-06,False
28,1,False,440,John Dalton,0,1093,1071,5,4412,Ivy Kaminsky,0,970,990,4,5,3,1998-12-06,False
29,1,False,440,John Dalton,0,1093,1071,5,3251,Roger Dimick,0,765,825,8,6,3,1998-12-06,False
30,1,False,440,John Dalton,0,1093,1071,5,452,Bruce Shuman,0,1002,1010,6,7,3,1998-12-06,False
31,1,False,440,John Dalton,0,1093,1071,5,2574,Waheed Thompson,0,1053,1036,10,11,3,1998-12-06,False
32,1,False,441,Caesar Jaramillo,0,1622,1606,10,429,Patricia Barrett,0,1915,1872,3,2,1,1998-12-06,False
33,1,False,441,Caesar Jaramillo,0,1622,1606,10,442,Matt Dewaelsche,0,1739,1747,2,6,1,1998-12-06,False
34,1,False,441,Caesar Jaramillo,0,1622,1606,10,1334,Nancy Scott,0,1537,1590,4,7,1,1998-12-06,False
35,1,False,441,Caesar Jaramillo,0,1622,1606,10,456,Mike Chitwood,0,1612,1600,9,11,1,1998-12-06,False
36,1,False,442,Matt Dewaelsche,0,1739,1747,2,431,Sam Dick-Onuoha,0,1557,1650,5,1,1,1998-12-06,False
37,1,False,442,Matt Dewaelsche,0,1739,1747,2,454,Mary Rhoades,0,1676,1647,8,2,1,1998-12-06,False
38,1,False,442,Matt Dewaelsche,0,1739,1747,2,429,Patricia Barrett,0,1915,1872,3,4,1,1998-12-06,False
39,1,False,442,Matt Dewaelsche,0,1739,1747,2,268,Harriette Lakernick,0,1568,1684,1,5,1,1998-12-06,False
40,1,False,442,Matt Dewaelsche,0,1739,1747,2,456,Mike Chitwood,0,1612,1600,9,7,1,1998-12-06,False
41,1,False,442,Matt Dewaelsche,0,1739,1747,2,435,Chris Cree,0,1840,1798,6,8,1,1998-12-06,False
42,1,False,442,Matt Dewaelsche,0,1739,1747,2,268,Harriette Lakernick,0,1568,1684,1,11,1,1998-12-06,False
43,1,False,444,Maureen Delgado,0,1536,1507,11,465,Carl Hickerson,0,1307,1282,17,2,2,1998-12-06,False
44,1,False,444,Maureen Delgado,0,1536,1507,11,2121,Cheryl Tyler,0,1496,1482,7,3,2,1998-12-06,False
45,1,False,444,Maureen Delgado,0,1536,1507,11,491,Mary Lou Thurman,0,1224,1216,20,5,2,1998-12-06,False
46,1,False,444,Maureen Delgado,0,1536,1507,11,1335,Charlotte Ferris,0,1411,1416,8,6,2,1998-12-06,False
47,1,False,444,Maureen Delgado,0,1536,1507,11,1461,T A Sanders,0,1436,1442,10,7,2,1998-12-06,False
48,1,False,444,Maureen Delgado,0,1536,1507,11,1315,Rhonda Roederer,0,1140,1225,12,10,2,1998-12-06,False
49,1,False,447,Robin Lewis,0,1459,1443,14,479,Ruth Sawyer,0,1449,1411,19,1,2,1998-12-06,False
50,1,False,447,Robin Lewis,0,1459,1443,14,3011,Scott Lucas,0,1407,1449,2,2,2,1998-12-06,False
51,1,False,447,Robin Lewis,0,1459,1443,14,444,Maureen Delgado,0,1536,1507,11,4,2,1998-12-06,False
52,1,False,447,Robin Lewis,0,1459,1443,14,1335,Charlotte Ferris,0,1411,1416,8,5,2,1998-12-06,False
53,1,False,447,Robin Lewis,0,1459,1443,14,1461,T A Sanders,0,1436,1442,10,6,2,1998-12-06,False
54,1,False,449,Judy Newhouse,0,1103,1095,3,2574,Waheed Thompson,0,1053,1036,10,1,3,1998-12-06,False
55,1,False,449,Judy Newhouse,0,1103,1095,3,5945,Sylvia Setty,0,0,633,16,2,3,1998-12-06,False
56,1,False,449,Judy Newhouse,0,1103,1095,3,482,Jane Tacker,0,960,958,9,3,3,1998-12-06,False
57,1,False,449,Judy Newhouse,0,1103,1095,3,1712,Dave Rubin,0,883,873,11,6,3,1998-12-06,False
58,1,False,449,Judy Newhouse,0,1103,1095,3,440,John Dalton,0,1093,1071,5,8,3,1998-12-06,False
59,1,False,449,Judy Newhouse,0,1103,1095,3,720,Andrea Salinas,0,683,697,12,9,3,1998-12-06,False
60,1,False,449,Judy Newhouse,0,1103,1095,3,452,Bruce Shuman,0,1002,1010,6,10,3,1998-12-06,False
61,1,False,452,Bruce Shuman,0,1002,1010,6,5944,Henry Moses,0,500,573,15,3,3,1998-12-06,False
62,1,False,452,Bruce Shuman,0,1002,1010,6,1712,Dave Rubin,0,883,873,11,4,3,1998-12-06,False
63,1,False,452,Bruce Shuman,0,1002,1010,6,482,Jane Tacker,0,960,958,9,5,3,1998-12-06,False
64,1,False,452,Bruce Shuman,0,1002,1010,6,2574,Waheed Thompson,0,1053,1036,10,8,3,1998-12-06,False
65,1,False,452,Bruce Shuman,0,1002,1010,6,5945,Sylvia Setty,0,0,633,16,9,3,1998-12-06,False
66,1,False,452,Bruce Shuman,0,1002,1010,6,5805,Lynne Murphy,0,855,936,7,11,3,1998-12-06,False
67,1,False,454,Mary Rhoades,0,1676,1647,8,456,Mike Chitwood,0,1612,1600,9,1,1,1998-12-06,False
68,1,False,454,Mary Rhoades,0,1676,1647,8,5766,Stephen Fierros,0,1647,1640,7,6,1,1998-12-06,False
69,1,False,454,Mary Rhoades,0,1676,1647,8,429,Patricia Barrett,0,1915,1872,3,7,1,1998-12-06,False
70,1,False,454,Mary Rhoades,0,1676,1647,8,441,Caesar Jaramillo,0,1622,1606,10,9,1,1998-12-06,False
71,1,False,455,Carole Miller,0,1401,1310,24,2223,Karen Slaton,0,1209,1188,23,10,2,1998-12-06,False
72,1,False,455,Carole Miller,0,1401,1310,24,2223,Karen Slaton,0,1209,1188,23,11,2,1998-12-06,False
73,1,False,456,Mike Chitwood,0,1612,1600,9,441,Caesar Jaramillo,0,1622,1606,10,5,1,1998-12-06,False
74,1,False,456,Mike Chitwood,0,1612,1600,9,435,Chris Cree,0,1840,1798,6,6,1,1998-12-06,False
75,1,False,456,Mike Chitwood,0,1612,1600,9,1334,Nancy Scott,0,1537,1590,4,8,1,1998-12-06,False
76,1,False,456,Mike Chitwood,0,1612,1600,9,441,Caesar Jaramillo,0,1622,1606,10,10,1,1998-12-06,False
77,1,False,458,Jan Asuquo,0,1254,1255,15,455,Carole Miller,0,1401,1310,24,4,2,1998-12-06,False
78,1,True,458,Jan Asuquo,0,1254,1255,15,2223,Karen Slaton,0,1209,1188,23,5,2,1998-12-06,False
79,1,True,458,Jan Asuquo,0,1254,1255,15,465,Carl Hickerson,0,1307,1282,17,6,2,1998-12-06,False
80,1,False,458,Jan Asuquo,0,1254,1255,15,491,Mary Lou Thurman,0,1224,1216,20,8,2,1998-12-06,False
81,1,False,458,Jan Asuquo,0,1254,1255,15,477,Beulah Cooper,0,1396,1322,22,9,2,1998-12-06,False
82,1,False,458,Jan Asuquo,0,1254,1255,15,491,Mary Lou Thurman,0,1224,1216,20,10,2,1998-12-06,False
83,1,False,462,Lee Brooks,0,1377,1346,18,458,Jan Asuquo,0,1254,1255,15,3,2,1998-12-06,False
84,1,False,462,Lee Brooks,0,1377,1346,18,477,Beulah Cooper,0,1396,1322,22,5,2,1998-12-06,False
85,1,False,462,Lee Brooks,0,1377,1346,18,4209,Priscilla Fournet,0,1251,1250,21,6,2,1998-12-06,False
86,1,False,462,Lee Brooks,0,1377,1346,18,4209,Priscilla Fournet,0,1251,1250,21,10,2,1998-12-06,False
87,1,False,465,Carl Hickerson,0,1307,1282,17,455,Carole Miller,0,1401,1310,24,5,2,1998-12-06,False
88,1,False,465,Carl Hickerson,0,1307,1282,17,2223,Karen Slaton,0,1209,1188,23,8,2,1998-12-06,False
89,1,False,465,Carl Hickerson,0,1307,1282,17,462,Lee Brooks,0,1377,1346,18,9,2,1998-12-06,False
90,1,False,465,Carl Hickerson,0,1307,1282,17,463,April McCarley,0,1185,1220,16,10,2,1998-12-06,False
91,1,False,477,Beulah Cooper,0,1396,1322,22,465,Carl Hickerson,0,1307,1282,17,3,2,1998-12-06,False
92,1,False,477,Beulah Cooper,0,1396,1322,22,455,Carole Miller,0,1401,1310,24,6,2,1998-12-06,False
93,1,False,477,Beulah Cooper,0,1396,1322,22,463,April McCarley,0,1185,1220,16,7,2,1998-12-06,False
94,1,False,479,Ruth Sawyer,0,1449,1411,19,455,Carole Miller,0,1401,1310,24,2,2,1998-12-06,False
95,1,False,479,Ruth Sawyer,0,1449,1411,19,486,Thelma Litton,0,1209,1250,13,3,2,1998-12-06,False
96,1,False,479,Ruth Sawyer,0,1449,1411,19,491,Mary Lou Thurman,0,1224,1216,20,7,2,1998-12-06,False
97,1,False,479,Ruth Sawyer,0,1449,1411,19,444,Maureen Delgado,0,1536,1507,11,8,2,1998-12-06,False
98,1,False,482,Jane Tacker,0,960,958,9,5946,Mark Setty,0,922,776,17,1,3,1998-12-06,False
99,1,False,482,Jane Tacker,0,960,958,9,4412,Ivy Kaminsky,0,970,990,4,2,3,1998-12-06,False
100,1,False,482,Jane Tacker,0,960,958,9,5805,Lynne Murphy,0,855,936,7,4,3,1998-12-06,False
101,1,False,482,Jane Tacker,0,960,958,9,720,Andrea Salinas,0,683,697,12,7,3,1998-12-06,False
102,1,False,482,Jane Tacker,0,960,958,9,5945,Sylvia Setty,0,0,633,16,8,3,1998-12-06,False
103,1,False,486,Thelma Litton,0,1209,1250,13,491,Mary Lou Thurman,0,1224,1216,20,1,2,1998-12-06,False
104,1,False,486,Thelma Litton,0,1209,1250,13,458,Jan Asuquo,0,1254,1255,15,7,2,1998-12-06,False
105,1,False,486,Thelma Litton,0,1209,1250,13,455,Carole Miller,0,1401,1310,24,8,2,1998-12-06,False
106,1,False,486,Thelma Litton,0,1209,1250,13,477,Beulah Cooper,0,1396,1322,22,10,2,1998-12-06,False
107,1,False,486,Thelma Litton,0,1209,1250,13,465,Carl Hickerson,0,1307,1282,17,11,2,1998-12-06,False
108,1,False,491,Mary Lou Thurman,0,1224,1216,20,2505,Harvey Wilson,0,1359,1372,9,2,2,1998-12-06,False
109,1,False,491,Mary Lou Thurman,0,1224,1216,20,465,Carl Hickerson,0,1307,1282,17,4,2,1998-12-06,False
110,1,False,491,Mary Lou Thurman,0,1224,1216,20,2223,Karen Slaton,0,1209,1188,23,6,2,1998-12-06,False
111,1,False,491,Mary Lou Thurman,0,1224,1216,20,455,Carole Miller,0,1401,1310,24,9,2,1998-12-06,False
112,1,False,720,Andrea Salinas,0,683,697,12,4414,Lena Norman,0,909,862,14,3,3,1998-12-06,False
113,1,False,720,Andrea Salinas,0,683,697,12,5944,Henry Moses,0,500,573,15,8,3,1998-12-06,False
114,1,False,720,Andrea Salinas,0,683,697,12,5945,Sylvia Setty,0,0,633,16,10,3,1998-12-06,False
115,1,False,720,Andrea Salinas,0,683,697,12,1712,Dave Rubin,0,883,873,11,11,3,1998-12-06,False
116,1,False,743,Cason Lane,0,1498,1506,6,2121,Cheryl Tyler,0,1496,1482,7,1,2,1998-12-06,False
117,1,False,743,Cason Lane,0,1498,1506,6,462,Lee Brooks,0,1377,1346,18,4,2,1998-12-06,False
118,1,False,743,Cason Lane,0,1498,1506,6,4209,Priscilla Fournet,0,1251,1250,21,5,2,1998-12-06,False
119,1,False,743,Cason Lane,0,1498,1506,6,2505,Harvey Wilson,0,1359,1372,9,7,2,1998-12-06,False
120,1,False,743,Cason Lane,0,1498,1506,6,1461,T A Sanders,0,1436,1442,10,8,2,1998-12-06,False
121,1,False,743,Cason Lane,0,1498,1506,6,444,Maureen Delgado,0,1536,1507,11,9,2,1998-12-06,False
122,1,False,743,Cason Lane,0,1498,1506,6,1335,Charlotte Ferris,0,1411,1416,8,11,2,1998-12-06,False
123,1,False,1315,Rhonda Roederer,0,1140,1225,12,465,Carl Hickerson,0,1307,1282,17,1,2,1998-12-06,False
124,1,False,1315,Rhonda Roederer,0,1140,1225,12,2223,Karen Slaton,0,1209,1188,23,4,2,1998-12-06,False
125,1,False,1315,Rhonda Roederer,0,1140,1225,12,2505,Harvey Wilson,0,1359,1372,9,5,2,1998-12-06,False
126,1,False,1315,Rhonda Roederer,0,1140,1225,12,477,Beulah Cooper,0,1396,1322,22,8,2,1998-12-06,False
127,1,False,1315,Rhonda Roederer,0,1140,1225,12,486,Thelma Litton,0,1209,1250,13,9,2,1998-12-06,False
128,1,False,1315,Rhonda Roederer,0,1140,1225,12,458,Jan Asuquo,0,1254,1255,15,11,2,1998-12-06,False
129,1,False,1329,Clay Colwell,0,1385,1425,4,2505,Harvey Wilson,0,1359,1372,9,1,2,1998-12-06,False
130,1,False,1329,Clay Colwell,0,1385,1425,4,486,Thelma Litton,0,1209,1250,13,2,2,1998-12-06,False
131,1,False,1329,Clay Colwell,0,1385,1425,4,479,Ruth Sawyer,0,1449,1411,19,6,2,1998-12-06,False
132,1,False,1329,Clay Colwell,0,1385,1425,4,462,Lee Brooks,0,1377,1346,18,7,2,1998-12-06,False
133,1,False,1329,Clay Colwell,0,1385,1425,4,447,Robin Lewis,0,1459,1443,14,8,2,1998-12-06,False
134,1,False,1329,Clay Colwell,0,1385,1425,4,447,Robin Lewis,0,1459,1443,14,10,2,1998-12-06,False
135,1,False,1329,Clay Colwell,0,1385,1425,4,2121,Cheryl Tyler,0,1496,1482,7,11,2,1998-12-06,False
136,1,False,1330,Carl Davis,0,1434,1465,3,1331,Michelle Davis,0,1450,1467,5,1,2,1998-12-06,False
137,1,False,1330,Carl Davis,0,1434,1465,3,743,Cason Lane,0,1498,1506,6,3,2,1998-12-06,False
138,1,True,1330,Carl Davis,0,1434,1465,3,486,Thelma Litton,0,1209,1250,13,4,2,1998-12-06,False
139,1,False,1330,Carl Davis,0,1434,1465,3,479,Ruth Sawyer,0,1449,1411,19,5,2,1998-12-06,False
140,1,False,1330,Carl Davis,0,1434,1465,3,1315,Rhonda Roederer,0,1140,1225,12,6,2,1998-12-06,False
141,1,False,1330,Carl Davis,0,1434,1465,3,447,Robin Lewis,0,1459,1443,14,7,2,1998-12-06,False
142,1,False,1330,Carl Davis,0,1434,1465,3,3011,Scott Lucas,0,1407,1449,2,8,2,1998-12-06,False
143,1,False,1330,Carl Davis,0,1434,1465,3,5555,Leslie Millard,0,1498,1547,1,9,2,1998-12-06,False
144,1,False,1331,Michelle Davis,0,1450,1467,5,458,Jan Asuquo,0,1254,1255,15,2,2,1998-12-06,False
145,1,False,1331,Michelle Davis,0,1450,1467,5,2223,Karen Slaton,0,1209,1188,23,3,2,1998-12-06,False
146,1,False,1331,Michelle Davis,0,1450,1467,5,2121,Cheryl Tyler,0,1496,1482,7,4,2,1998-12-06,False
147,1,False,1331,Michelle Davis,0,1450,1467,5,1329,Clay Colwell,0,1385,1425,4,5,2,1998-12-06,False
148,1,False,1331,Michelle Davis,0,1450,1467,5,743,Cason Lane,0,1498,1506,6,6,2,1998-12-06,False
149,1,False,1331,Michelle Davis,0,1450,1467,5,3011,Scott Lucas,0,1407,1449,2,7,2,1998-12-06,False
150,1,False,1331,Michelle Davis,0,1450,1467,5,447,Robin Lewis,0,1459,1443,14,9,2,1998-12-06,False
151,1,False,1333,Bryan Pepper,0,1092,1205,1,440,John Dalton,0,1093,1071,5,1,3,1998-12-06,False
152,1,False,1333,Bryan Pepper,0,1092,1205,1,5944,Henry Moses,0,500,573,15,2,3,1998-12-06,False
153,1,False,1333,Bryan Pepper,0,1092,1205,1,3709,Kyle Bozeman,0,1069,1102,2,3,3,1998-12-06,False
154,1,False,1333,Bryan Pepper,0,1092,1205,1,449,Judy Newhouse,0,1103,1095,3,4,3,1998-12-06,False
155,1,False,1333,Bryan Pepper,0,1092,1205,1,2574,Waheed Thompson,0,1053,1036,10,5,3,1998-12-06,False
156,1,False,1333,Bryan Pepper,0,1092,1205,1,452,Bruce Shuman,0,1002,1010,6,6,3,1998-12-06,False
157,1,False,1333,Bryan Pepper,0,1092,1205,1,5805,Lynne Murphy,0,855,936,7,7,3,1998-12-06,False
158,1,False,1333,Bryan Pepper,0,1092,1205,1,4412,Ivy Kaminsky,0,970,990,4,8,3,1998-12-06,False
159,1,False,1333,Bryan Pepper,0,1092,1205,1,482,Jane Tacker,0,960,958,9,9,3,1998-12-06,False
160,1,False,1333,Bryan Pepper,0,1092,1205,1,3709,Kyle Bozeman,0,1069,1102,2,10,3,1998-12-06,False
161,1,False,1333,Bryan Pepper,0,1092,1205,1,449,Judy Newhouse,0,1103,1095,3,11,3,1998-12-06,False
162,1,False,1334,Nancy Scott,0,1537,1590,4,431,Sam Dick-Onuoha,0,1557,1650,5,2,1,1998-12-06,False
163,1,False,1334,Nancy Scott,0,1537,1590,4,454,Mary Rhoades,0,1676,1647,8,3,1,1998-12-06,False
164,1,False,1334,Nancy Scott,0,1537,1590,4,5766,Stephen Fierros,0,1647,1640,7,4,1,1998-12-06,False
165,1,False,1334,Nancy Scott,0,1537,1590,4,442,Matt Dewaelsche,0,1739,1747,2,9,1,1998-12-06,False
166,1,False,1334,Nancy Scott,0,1537,1590,4,454,Mary Rhoades,0,1676,1647,8,10,1,1998-12-06,False
167,1,False,1334,Nancy Scott,0,1537,1590,4,5766,Stephen Fierros,0,1647,1640,7,11,1,1998-12-06,False
168,1,False,1335,Charlotte Ferris,0,1411,1416,8,477,Beulah Cooper,0,1396,1322,22,1,2,1998-12-06,False
169,1,False,1335,Charlotte Ferris,0,1411,1416,8,743,Cason Lane,0,1498,1506,6,2,2,1998-12-06,False
170,1,False,1335,Charlotte Ferris,0,1411,1416,8,4209,Priscilla Fournet,0,1251,1250,21,3,2,1998-12-06,False
171,1,False,1335,Charlotte Ferris,0,1411,1416,8,1315,Rhonda Roederer,0,1140,1225,12,7,2,1998-12-06,False
172,1,False,1335,Charlotte Ferris,0,1411,1416,8,463,April McCarley,0,1185,1220,16,9,2,1998-12-06,False
173,1,False,1335,Charlotte Ferris,0,1411,1416,8,2505,Harvey Wilson,0,1359,1372,9,10,2,1998-12-06,False
174,1,False,1338,Dolores Muhich,0,969,925,13,4414,Lena Norman,0,909,862,14,1,3,1998-12-06,False
175,1,False,1338,Dolores Muhich,0,969,925,13,720,Andrea Salinas,0,683,697,12,4,3,1998-12-06,False
176,1,False,1338,Dolores Muhich,0,969,925,13,5946,Mark Setty,0,922,776,17,8,3,1998-12-06,False
177,1,False,1338,Dolores Muhich,0,969,925,13,4414,Lena Norman,0,909,862,14,10,3,1998-12-06,False
178,1,False,1461,T A Sanders,0,1436,1442,10,462,Lee Brooks,0,1377,1346,18,1,2,1998-12-06,False
179,1,False,1461,T A Sanders,0,1436,1442,10,463,April McCarley,0,1185,1220,16,2,2,1998-12-06,False
180,1,False,1461,T A Sanders,0,1436,1442,10,1329,Clay Colwell,0,1385,1425,4,3,2,1998-12-06,False
181,1,False,1461,T A Sanders,0,1436,1442,10,1335,Charlotte Ferris,0,1411,1416,8,4,2,1998-12-06,False
182,1,False,1461,T A Sanders,0,1436,1442,10,479,Ruth Sawyer,0,1449,1411,19,10,2,1998-12-06,False
183,1,False,1461,T A Sanders,0,1436,1442,10,447,Robin Lewis,0,1459,1443,14,11,2,1998-12-06,False
184,1,False,1712,Dave Rubin,0,883,873,11,4414,Lena Norman,0,909,862,14,2,3,1998-12-06,False
185,1,False,1712,Dave Rubin,0,883,873,11,720,Andrea Salinas,0,683,697,12,5,3,1998-12-06,False
186,1,False,1712,Dave Rubin,0,883,873,11,5946,Mark Setty,0,922,776,17,7,3,1998-12-06,False
187,1,False,1712,Dave Rubin,0,883,873,11,1338,Dolores Muhich,0,969,925,13,9,3,1998-12-06,False
188,1,False,2121,Cheryl Tyler,0,1496,1482,7,477,Beulah Cooper,0,1396,1322,22,2,2,1998-12-06,False
189,1,False,2121,Cheryl Tyler,0,1496,1482,7,486,Thelma Litton,0,1209,1250,13,5,2,1998-12-06,False
190,1,False,2121,Cheryl Tyler,0,1496,1482,7,463,April McCarley,0,1185,1220,16,6,2,1998-12-06,False
191,1,False,2121,Cheryl Tyler,0,1496,1482,7,1335,Charlotte Ferris,0,1411,1416,8,8,2,1998-12-06,False
192,1,False,2121,Cheryl Tyler,0,1496,1482,7,479,Ruth Sawyer,0,1449,1411,19,9,2,1998-12-06,False
193,1,False,2121,Cheryl Tyler,0,1496,1482,7,743,Cason Lane,0,1498,1506,6,10,2,1998-12-06,False
194,1,False,2505,Harvey Wilson,0,1359,1372,9,455,Carole Miller,0,1401,1310,24,3,2,1998-12-06,False
195,1,False,2505,Harvey Wilson,0,1359,1372,9,477,Beulah Cooper,0,1396,1322,22,4,2,1998-12-06,False
196,1,False,2505,Harvey Wilson,0,1359,1372,9,486,Thelma Litton,0,1209,1250,13,6,2,1998-12-06,False
197,1,False,2505,Harvey Wilson,0,1359,1372,9,462,Lee Brooks,0,1377,1346,18,8,2,1998-12-06,False
198,1,False,2505,Harvey Wilson,0,1359,1372,9,1461,T A Sanders,0,1436,1442,10,9,2,1998-12-06,False
199,1,False,2505,Harvey Wilson,0,1359,1372,9,444,Maureen Delgado,0,1536,1507,11,11,2,1998-12-06,False
200,1,False,2574,Waheed Thompson,0,1053,1036,10,5805,Lynne Murphy,0,855,936,7,2,3,1998-12-06,False
201,1,False,2574,Waheed Thompson,0,1053,1036,10,5945,Sylvia Setty,0,0,633,16,3,3,1998-12-06,False
202,1,False,2574,Waheed Thompson,0,1053,1036,10,4412,Ivy Kaminsky,0,970,990,4,4,3,1998-12-06,False
203,1,False,2574,Waheed Thompson,0,1053,1036,10,482,Jane Tacker,0,960,958,9,6,3,1998-12-06,False
204,1,False,2574,Waheed Thompson,0,1053,1036,10,482,Jane Tacker,0,960,958,9,10,3,1998-12-06,False
205,1,False,3011,Scott Lucas,0,1407,1449,2,455,Carole Miller,0,1401,1310,24,1,2,1998-12-06,False
206,1,False,3011,Scott Lucas,0,1407,1449,2,1315,Rhonda Roederer,0,1140,1225,12,3,2,1998-12-06,False
207,1,False,3011,Scott Lucas,0,1407,1449,2,4209,Priscilla Fournet,0,1251,1250,21,4,2,1998-12-06,False
208,1,False,3011,Scott Lucas,0,1407,1449,2,463,April McCarley,0,1185,1220,16,5,2,1998-12-06,False
209,1,False,3011,Scott Lucas,0,1407,1449,2,5555,Leslie Millard,0,1498,1547,1,6,2,1998-12-06,False
210,1,False,3011,Scott Lucas,0,1407,1449,2,1329,Clay Colwell,0,1385,1425,4,9,2,1998-12-06,False
211,1,False,3011,Scott Lucas,0,1407,1449,2,1331,Michelle Davis,0,1450,1467,5,10,2,1998-12-06,False
212,1,False,3011,Scott Lucas,0,1407,1449,2,1331,Michelle Davis,0,1450,1467,5,11,2,1998-12-06,False
213,1,False,3251,Roger Dimick,0,765,825,8,720,Andrea Salinas,0,683,697,12,2,3,1998-12-06,False
214,1,False,3251,Roger Dimick,0,765,825,8,5944,Henry Moses,0,500,573,15,4,3,1998-12-06,False
215,1,False,3251,Roger Dimick,0,765,825,8,1338,Dolores Muhich,0,969,925,13,5,3,1998-12-06,False
216,1,False,3251,Roger Dimick,0,765,825,8,449,Judy Newhouse,0,1103,1095,3,7,3,1998-12-06,False
217,1,False,3251,Roger Dimick,0,765,825,8,1338,Dolores Muhich,0,969,925,13,11,3,1998-12-06,False
218,1,False,463,April McCarley,0,1185,1220,16,2223,Karen Slaton,0,1209,1188,23,1,2,1998-12-06,False
219,1,False,463,April McCarley,0,1185,1220,16,491,Mary Lou Thurman,0,1224,1216,20,3,2,1998-12-06,False
220,1,False,463,April McCarley,0,1185,1220,16,479,Ruth Sawyer,0,1449,1411,19,4,2,1998-12-06,False
221,1,False,463,April McCarley,0,1185,1220,16,4209,Priscilla Fournet,0,1251,1250,21,8,2,1998-12-06,False
222,1,False,463,April McCarley,0,1185,1220,16,491,Mary Lou Thurman,0,1224,1216,20,11,2,1998-12-06,False
223,1,False,3709,Kyle Bozeman,0,1069,1102,2,452,Bruce Shuman,0,1002,1010,6,1,3,1998-12-06,False
224,1,False,3709,Kyle Bozeman,0,1069,1102,2,1338,Dolores Muhich,0,969,925,13,2,3,1998-12-06,False
225,1,False,3709,Kyle Bozeman,0,1069,1102,2,440,John Dalton,0,1093,1071,5,4,3,1998-12-06,False
226,1,False,3709,Kyle Bozeman,0,1069,1102,2,449,Judy Newhouse,0,1103,1095,3,5,3,1998-12-06,False
227,1,False,3709,Kyle Bozeman,0,1069,1102,2,5805,Lynne Murphy,0,855,936,7,6,3,1998-12-06,False
228,1,False,3709,Kyle Bozeman,0,1069,1102,2,2574,Waheed Thompson,0,1053,1036,10,7,3,1998-12-06,False
229,1,False,3709,Kyle Bozeman,0,1069,1102,2,3251,Roger Dimick,0,765,825,8,8,3,1998-12-06,False
230,1,False,3709,Kyle Bozeman,0,1069,1102,2,4412,Ivy Kaminsky,0,970,990,4,11,3,1998-12-06,False
231,1,False,2223,Karen Slaton,0,1209,1188,23,462,Lee Brooks,0,1377,1346,18,2,2,1998-12-06,False
232,1,True,2223,Karen Slaton,0,1209,1188,23,455,Carole Miller,0,1401,1310,24,7,2,1998-12-06,False
233,1,False,2223,Karen Slaton,0,1209,1188,23,4209,Priscilla Fournet,0,1251,1250,21,9,2,1998-12-06,False
234,1,False,4209,Priscilla Fournet,0,1251,1250,21,458,Jan Asuquo,0,1254,1255,15,1,2,1998-12-06,False
235,1,False,4209,Priscilla Fournet,0,1251,1250,21,1330,Carl Davis,0,1434,1465,3,2,2,1998-12-06,False
236,1,False,4209,Priscilla Fournet,0,1251,1250,21,465,Carl Hickerson,0,1307,1282,17,7,2,1998-12-06,False
237,1,False,4209,Priscilla Fournet,0,1251,1250,21,477,Beulah Cooper,0,1396,1322,22,11,2,1998-12-06,False
238,1,False,4412,Ivy Kaminsky,0,970,990,4,1712,Dave Rubin,0,883,873,11,1,3,1998-12-06,False
239,1,False,4412,Ivy Kaminsky,0,970,990,4,3251,Roger Dimick,0,765,825,8,3,3,1998-12-06,False
240,1,False,4412,Ivy Kaminsky,0,970,990,4,1338,Dolores Muhich,0,969,925,13,6,3,1998-12-06,False
241,1,False,4412,Ivy Kaminsky,0,970,990,4,4414,Lena Norman,0,909,862,14,7,3,1998-12-06,False
242,1,False,4412,Ivy Kaminsky,0,970,990,4,3709,Kyle Bozeman,0,1069,1102,2,9,3,1998-12-06,False
243,1,False,4412,Ivy Kaminsky,0,970,990,4,440,John Dalton,0,1093,1071,5,10,3,1998-12-06,False
244,1,False,4414,Lena Norman,0,909,862,14,5944,Henry Moses,0,500,573,15,5,3,1998-12-06,False
245,1,False,4414,Lena Norman,0,909,862,14,5945,Sylvia Setty,0,0,633,16,6,3,1998-12-06,False
246,1,False,4414,Lena Norman,0,909,862,14,3251,Roger Dimick,0,765,825,8,9,3,1998-12-06,False
247,1,False,4414,Lena Norman,0,909,862,14,5945,Sylvia Setty,0,0,633,16,11,3,1998-12-06,False
248,1,False,5555,Leslie Millard,0,1498,1547,1,444,Maureen Delgado,0,1536,1507,11,1,2,1998-12-06,False
249,1,False,5555,Leslie Millard,0,1498,1547,1,1315,Rhonda Roederer,0,1140,1225,12,2,2,1998-12-06,False
250,1,False,5555,Leslie Millard,0,1498,1547,1,447,Robin Lewis,0,1459,1443,14,3,2,1998-12-06,False
251,1,False,5555,Leslie Millard,0,1498,1547,1,1329,Clay Colwell,0,1385,1425,4,4,2,1998-12-06,False
252,1,False,5555,Leslie Millard,0,1498,1547,1,1461,T A Sanders,0,1436,1442,10,5,2,1998-12-06,False
253,1,False,5555,Leslie Millard,0,1498,1547,1,2121,Cheryl Tyler,0,1496,1482,7,7,2,1998-12-06,False
254,1,False,5555,Leslie Millard,0,1498,1547,1,1331,Michelle Davis,0,1450,1467,5,8,2,1998-12-06,False
255,1,False,5555,Leslie Millard,0,1498,1547,1,1330,Carl Davis,0,1434,1465,3,10,2,1998-12-06,False
256,1,False,5555,Leslie Millard,0,1498,1547,1,1330,Carl Davis,0,1434,1465,3,11,2,1998-12-06,False
257,1,False,5766,Stephen Fierros,0,1647,1640,7,441,Caesar Jaramillo,0,1622,1606,10,1,1,1998-12-06,False
258,1,False,5766,Stephen Fierros,0,1647,1640,7,456,Mike Chitwood,0,1612,1600,9,2,1,1998-12-06,False
259,1,False,5766,Stephen Fierros,0,1647,1640,7,442,Matt Dewaelsche,0,1739,1747,2,3,1,1998-12-06,False
260,1,False,5766,Stephen Fierros,0,1647,1640,7,431,Sam Dick-Onuoha,0,1557,1650,5,5,1,1998-12-06,False
261,1,False,5766,Stephen Fierros,0,1647,1640,7,429,Patricia Barrett,0,1915,1872,3,8,1,1998-12-06,False
262,1,False,5805,Lynne Murphy,0,855,936,7,3251,Roger Dimick,0,765,825,8,1,3,1998-12-06,False
263,1,False,5805,Lynne Murphy,0,855,936,7,1338,Dolores Muhich,0,969,925,13,3,3,1998-12-06,False
264,1,False,5805,Lynne Murphy,0,855,936,7,5946,Mark Setty,0,922,776,17,5,3,1998-12-06,False
265,1,False,5805,Lynne Murphy,0,855,936,7,4414,Lena Norman,0,909,862,14,8,3,1998-12-06,False
266,1,False,5805,Lynne Murphy,0,855,936,7,440,John Dalton,0,1093,1071,5,9,3,1998-12-06,False
267,1,False,5805,Lynne Murphy,0,855,936,7,1712,Dave Rubin,0,883,873,11,10,3,1998-12-06,False
268,1,False,5944,Henry Moses,0,500,573,15,5946,Mark Setty,0,922,776,17,9,3,1998-12-06,False
269,1,False,5944,Henry Moses,0,500,573,15,5946,Mark Setty,0,922,776,17,10,3,1998-12-06,False
270,1,False,5944,Henry Moses,0,500,573,15,5946,Mark Setty,0,922,776,17,11,3,1998-12-06,False
271,1,False,5945,Sylvia Setty,0,0,633,16,720,Andrea Salinas,0,683,697,12,1,3,1998-12-06,False
272,1,False,5945,Sylvia Setty,0,0,633,16,5944,Henry Moses,0,500,573,15,7,3,1998-12-06,False
273,1,False,5946,Mark Setty,0,922,776,17,5945,Sylvia Setty,0,0,633,16,4,3,1998-12-06,False
274,2,False,983,Anita Rackham,0,1501,1533,5,2009,Ruth Nabi,0,1379,1372,12,1,1,1998-12-19,False
275,2,False,983,Anita Rackham,0,1501,1533,5,3093,Steven MacNeil,0,1592,1628,4,2,1,1998-12-19,False
276,2,False,983,Anita Rackham,0,1501,1533,5,2921,Jakob Teitelbaum,0,1633,1672,3,5,1,1998-12-19,False
277,2,False,983,Anita Rackham,0,1501,1533,5,5177,Len Borer,0,1562,1530,11,6,1,1998-12-19,False
278,2,False,1106,Fran Silver,0,1807,1801,6,5145,Peter Teitelbaum,0,1725,1746,2,1,1,1998-12-19,False
279,2,False,1106,Fran Silver,0,1807,1801,6,5711,Max Garfinkle,0,1844,1800,10,2,1,1998-12-19,False
280,2,False,1106,Fran Silver,0,1807,1801,6,5177,Len Borer,0,1562,1530,11,3,1,1998-12-19,False
281,2,False,1106,Fran Silver,0,1807,1801,6,3093,Steven MacNeil,0,1592,1628,4,4,1,1998-12-19,False
282,2,False,1243,Bernard Gotlieb,0,1746,1729,9,1685,Linda Espallardo,0,1759,1738,8,3,1,1998-12-19,False
283,2,False,1243,Bernard Gotlieb,0,1746,1729,9,5177,Len Borer,0,1562,1530,11,5,1,1998-12-19,False
284,2,False,1243,Bernard Gotlieb,0,1746,1729,9,5711,Max Garfinkle,0,1844,1800,10,6,1,1998-12-19,False
285,2,False,1685,Linda Espallardo,0,1759,1738,8,1106,Fran Silver,0,1807,1801,6,5,1,1998-12-19,False
286,2,False,1685,Linda Espallardo,0,1759,1738,8,3093,Steven MacNeil,0,1592,1628,4,6,1,1998-12-19,False
287,2,False,1685,Linda Espallardo,0,1759,1738,8,5177,Len Borer,0,1562,1530,11,7,1,1998-12-19,False
288,2,False,2009,Ruth Nabi,0,1379,1372,12,4109,Joe Peters,0,1635,1620,7,4,1,1998-12-19,False
289,2,False,2921,Jakob Teitelbaum,0,1633,1672,3,1685,Linda Espallardo,0,1759,1738,8,1,1,1998-12-19,False
290,2,False,2921,Jakob Teitelbaum,0,1633,1672,3,5711,Max Garfinkle,0,1844,1800,10,3,1,1998-12-19,False
291,2,False,2921,Jakob Teitelbaum,0,1633,1672,3,1243,Bernard Gotlieb,0,1746,1729,9,4,1,1998-12-19,False
292,2,False,2921,Jakob Teitelbaum,0,1633,1672,3,2009,Ruth Nabi,0,1379,1372,12,6,1,1998-12-19,False
293,2,False,2921,Jakob Teitelbaum,0,1633,1672,3,1106,Fran Silver,0,1807,1801,6,7,1,1998-12-19,False
294,2,False,3093,Steven MacNeil,0,1592,1628,4,1243,Bernard Gotlieb,0,1746,1729,9,1,1,1998-12-19,False
295,2,False,3093,Steven MacNeil,0,1592,1628,4,4109,Joe Peters,0,1635,1620,7,3,1,1998-12-19,False
296,2,False,3093,Steven MacNeil,0,1592,1628,4,5711,Max Garfinkle,0,1844,1800,10,5,1,1998-12-19,False
297,2,False,3093,Steven MacNeil,0,1592,1628,4,2009,Ruth Nabi,0,1379,1372,12,7,1,1998-12-19,False
298,2,False,4109,Joe Peters,0,1635,1620,7,5177,Len Borer,0,1562,1530,11,1,1,1998-12-19,False
299,2,False,4109,Joe Peters,0,1635,1620,7,2921,Jakob Teitelbaum,0,1633,1672,3,2,1,1998-12-19,False
300,2,False,4109,Joe Peters,0,1635,1620,7,983,Anita Rackham,0,1501,1533,5,7,1,1998-12-19,False
301,2,False,5104,James Cherry,0,1843,1877,1,5711,Max Garfinkle,0,1844,1800,10,1,1,1998-12-19,False
302,2,False,5104,James Cherry,0,1843,1877,1,1685,Linda Espallardo,0,1759,1738,8,2,1,1998-12-19,False
303,2,False,5104,James Cherry,0,1843,1877,1,2009,Ruth Nabi,0,1379,1372,12,3,1,1998-12-19,False
304,2,False,5104,James Cherry,0,1843,1877,1,983,Anita Rackham,0,1501,1533,5,4,1,1998-12-19,False
305,2,False,5104,James Cherry,0,1843,1877,1,4109,Joe Peters,0,1635,1620,7,5,1,1998-12-19,False
306,2,False,5104,James Cherry,0,1843,1877,1,1106,Fran Silver,0,1807,1801,6,6,1,1998-12-19,False
307,2,False,5104,James Cherry,0,1843,1877,1,1243,Bernard Gotlieb,0,1746,1729,9,7,1,1998-12-19,False
308,2,False,5145,Peter Teitelbaum,0,1725,1746,2,1243,Bernard Gotlieb,0,1746,1729,9,2,1,1998-12-19,False
309,2,False,5145,Peter Teitelbaum,0,1725,1746,2,983,Anita Rackham,0,1501,1533,5,3,1,1998-12-19,False
310,2,False,5145,Peter Teitelbaum,0,1725,1746,2,1685,Linda Espallardo,0,1759,1738,8,4,1,1998-12-19,False
311,2,False,5145,Peter Teitelbaum,0,1725,1746,2,2009,Ruth Nabi,0,1379,1372,12,5,1,1998-12-19,False
312,2,False,5145,Peter Teitelbaum,0,1725,1746,2,4109,Joe Peters,0,1635,1620,7,6,1,1998-12-19,False
313,2,False,5177,Len Borer,0,1562,1530,11,2009,Ruth Nabi,0,1379,1372,12,2,1,1998-12-19,False
314,2,False,5711,Max Garfinkle,0,1844,1800,10,5177,Len Borer,0,1562,1530,11,4,1,1998-12-19,False
315,2,False,5711,Max Garfinkle,0,1844,1800,10,5145,Peter Teitelbaum,0,1725,1746,2,7,1,1998-12-19,False
316,3,False,31,Matt Graham,0,1941,1946,8,299,Steve Polatnick,0,1887,1914,3,1,1,1999-01-22,False
317,3,False,31,Matt Graham,0,1941,1946,8,72,James Dodds,0,1728,1735,32,3,1,1999-01-22,False
318,3,False,31,Matt Graham,0,1941,1946,8,56,Lloyd Mills,0,1927,1931,4,4,1,1999-01-22,False
319,3,False,31,Matt Graham,0,1941,1946,8,2627,Randy Hersom,0,1888,1869,16,6,1,1999-01-22,False
320,3,False,31,Matt Graham,0,1941,1946,8,2629,Rich Baker,0,1933,1914,22,8,1,1999-01-22,False
321,3,False,31,Matt Graham,0,1941,1946,8,1949,Barry Keith,0,1849,1867,10,9,1,1999-01-22,False
322,3,False,31,Matt Graham,0,1941,1946,8,560,Marlon Hill,0,1891,1873,17,12,1,1999-01-22,False
323,3,False,32,Larry Sherman,0,1883,1862,21,2035,Bruce Adams,0,1708,1646,40,2,1,1999-01-22,False
324,3,False,32,Larry Sherman,0,1883,1862,21,1998,Richard Buck,0,1808,1758,36,3,1,1999-01-22,False
325,3,False,32,Larry Sherman,0,1883,1862,21,88,Phil Polsky,0,1761,1753,27,9,1,1999-01-22,False
326,3,False,32,Larry Sherman,0,1883,1862,21,114,Diana Grosman,0,1697,1706,31,10,1,1999-01-22,False
327,3,False,32,Larry Sherman,0,1883,1862,21,1998,Richard Buck,0,1808,1758,36,11,1,1999-01-22,False
328,3,False,32,Larry Sherman,0,1883,1862,21,430,Avi Moss,0,1885,1847,26,12,1,1999-01-22,False
329,3,False,35,Howard Greenspan,0,1605,1611,9,95,Glenn Filzer,0,1521,1478,41,1,2,1999-01-22,False
330,3,False,35,Howard Greenspan,0,1605,1611,9,123,Jo Anne Cohen,0,1430,1520,6,2,2,1999-01-22,False
331,3,False,35,Howard Greenspan,0,1605,1611,9,1951,Steve Gawtry,0,1354,1447,26,5,2,1999-01-22,False
332,3,False,35,Howard Greenspan,0,1605,1611,9,3433,Sheldon Silverstein,0,1433,1456,38,7,2,1999-01-22,False
333,3,False,35,Howard Greenspan,0,1605,1611,9,2333,Hillary Goldberg,0,1500,1472,44,8,2,1999-01-22,False
334,3,False,35,Howard Greenspan,0,1605,1611,9,1951,Steve Gawtry,0,1354,1447,26,9,2,1999-01-22,False
335,3,False,35,Howard Greenspan,0,1605,1611,9,2932,Milton Villanueva,0,1643,1623,19,11,2,1999-01-22,False
336,3,False,35,Howard Greenspan,0,1605,1611,9,3371,Wendy Littman,0,1490,1540,18,12,2,1999-01-22,False
337,3,False,37,Ron Tiekert,0,2016,2034,1,2316,Sammy Okosagah,0,1891,1940,2,1,1,1999-01-22,False
338,3,False,37,Ron Tiekert,0,2016,2034,1,115,Vicki Kahn,0,1745,1721,38,3,1,1999-01-22,False
339,3,False,37,Ron Tiekert,0,2016,2034,1,54,Rose Kreiswirth,0,1765,1827,5,4,1,1999-01-22,False
340,3,False,37,Ron Tiekert,0,2016,2034,1,31,Matt Graham,0,1941,1946,8,5,1,1999-01-22,False
341,3,False,37,Ron Tiekert,0,2016,2034,1,51,Webster Phillips,0,1850,1849,25,6,1,1999-01-22,False
342,3,False,37,Ron Tiekert,0,2016,2034,1,31,Matt Graham,0,1941,1946,8,7,1,1999-01-22,False
343,3,False,37,Ron Tiekert,0,2016,2034,1,587,Randy Greenspan,0,1927,1947,6,8,1,1999-01-22,False
344,3,False,37,Ron Tiekert,0,2016,2034,1,1847,Ian Weinstein,0,1930,1925,11,9,1,1999-01-22,False
345,3,False,37,Ron Tiekert,0,2016,2034,1,47,Joe Weinike,0,1909,1920,9,10,1,1999-01-22,False
346,3,False,37,Ron Tiekert,0,2016,2034,1,299,Steve Polatnick,0,1887,1914,3,11,1,1999-01-22,False
347,3,False,38,Matt Laufer,0,1916,1845,35,580,Lynn Cushman,0,1878,1863,19,1,1,1999-01-22,False
348,3,False,38,Matt Laufer,0,1916,1845,35,2035,Bruce Adams,0,1708,1646,40,6,1,1999-01-22,False
349,3,False,38,Matt Laufer,0,1916,1845,35,114,Diana Grosman,0,1697,1706,31,9,1,1999-01-22,False
350,3,False,38,Matt Laufer,0,1916,1845,35,3416,Jill Pfeiffer,0,1709,1748,24,10,1,1999-01-22,False
351,3,False,44,Paul Avrin,0,1735,1761,1,116,Ann Raymond,0,1562,1510,42,1,2,1999-01-22,False
352,3,False,44,Paul Avrin,0,1735,1761,1,5890,Anita Shields,0,1416,1361,61,2,2,1999-01-22,False
353,3,False,44,Paul Avrin,0,1735,1761,1,2912,Jim Piazza,0,1466,1455,39,3,2,1999-01-22,False
354,3,False,44,Paul Avrin,0,1735,1761,1,1773,Lois Giordano,0,1394,1404,51,5,2,1999-01-22,False
355,3,False,44,Paul Avrin,0,1735,1761,1,109,Helene Browe,0,1393,1432,34,6,2,1999-01-22,False
356,3,False,44,Paul Avrin,0,1735,1761,1,123,Jo Anne Cohen,0,1430,1520,6,7,2,1999-01-22,False
357,3,False,44,Paul Avrin,0,1735,1761,1,10074,C Pollard,0,1624,1705,4,8,2,1999-01-22,False
358,3,False,44,Paul Avrin,0,1735,1761,1,92,Mark Berg,0,1748,1757,3,9,2,1999-01-22,False
359,3,False,44,Paul Avrin,0,1735,1761,1,69,Judy Horn,0,1632,1627,20,10,2,1999-01-22,False
360,3,False,44,Paul Avrin,0,1735,1761,1,92,Mark Berg,0,1748,1757,3,11,2,1999-01-22,False
361,3,False,45,Diane Firstman,0,1538,1515,46,97,Betty Burton,0,1482,1478,33,2,2,1999-01-22,False
362,3,False,45,Diane Firstman,0,1538,1515,46,1957,Pat Brown,0,1416,1400,56,3,2,1999-01-22,False
363,3,False,45,Diane Firstman,0,1538,1515,46,3931,Vince Anzalone,0,1412,1407,53,7,2,1999-01-22,False
364,3,False,45,Diane Firstman,0,1538,1515,46,82,Sally Ricketts,0,1538,1508,43,8,2,1999-01-22,False
365,3,False,45,Diane Firstman,0,1538,1515,46,618,Gregg Foster,0,1422,1456,21,9,2,1999-01-22,False
366,3,False,47,Joe Weinike,0,1909,1920,9,3189,Gordon Shapiro,0,1865,1872,14,1,1,1999-01-22,False
367,3,False,47,Joe Weinike,0,1909,1920,9,105,Dee Jackson,0,1685,1704,28,2,1,1999-01-22,False
368,3,False,47,Joe Weinike,0,1909,1920,9,3706,Martin Smith,0,1762,1775,20,3,1,1999-01-22,False
369,3,False,47,Joe Weinike,0,1909,1920,9,1847,Ian Weinstein,0,1930,1925,11,4,1,1999-01-22,False
370,3,False,47,Joe Weinike,0,1909,1920,9,587,Randy Greenspan,0,1927,1947,6,5,1,1999-01-22,False
371,3,False,47,Joe Weinike,0,1909,1920,9,2629,Rich Baker,0,1933,1914,22,7,1,1999-01-22,False
372,3,False,47,Joe Weinike,0,1909,1920,9,587,Randy Greenspan,0,1927,1947,6,9,1,1999-01-22,False
373,3,False,48,Rick Julian,0,1822,1792,37,72,James Dodds,0,1728,1735,32,1,1,1999-01-22,False
374,3,False,48,Rick Julian,0,1822,1792,37,31,Matt Graham,0,1941,1946,8,2,1,1999-01-22,False
375,3,False,48,Rick Julian,0,1822,1792,37,299,Steve Polatnick,0,1887,1914,3,3,1,1999-01-22,False
376,3,False,48,Rick Julian,0,1822,1792,37,430,Avi Moss,0,1885,1847,26,6,1,1999-01-22,False
377,3,False,49,Arnie Horowitz,0,1829,1828,23,115,Vicki Kahn,0,1745,1721,38,1,1,1999-01-22,False
378,3,False,49,Arnie Horowitz,0,1829,1828,23,37,Ron Tiekert,0,2016,2034,1,2,1,1999-01-22,False
379,3,False,49,Arnie Horowitz,0,1829,1828,23,2316,Sammy Okosagah,0,1891,1940,2,3,1,1999-01-22,False
380,3,False,49,Arnie Horowitz,0,1829,1828,23,2627,Randy Hersom,0,1888,1869,16,4,1,1999-01-22,False
381,3,False,49,Arnie Horowitz,0,1829,1828,23,1998,Richard Buck,0,1808,1758,36,10,1,1999-01-22,False
382,3,False,49,Arnie Horowitz,0,1829,1828,23,72,James Dodds,0,1728,1735,32,12,1,1999-01-22,False
383,3,False,51,Webster Phillips,0,1850,1849,25,88,Phil Polsky,0,1761,1753,27,2,1,1999-01-22,False
384,3,False,51,Webster Phillips,0,1850,1849,25,68,David Abolafia,0,1677,1736,18,3,1,1999-01-22,False
385,3,False,51,Webster Phillips,0,1850,1849,25,3189,Gordon Shapiro,0,1865,1872,14,4,1,1999-01-22,False
386,3,False,51,Webster Phillips,0,1850,1849,25,580,Lynn Cushman,0,1878,1863,19,5,1,1999-01-22,False
387,3,False,51,Webster Phillips,0,1850,1849,25,48,Rick Julian,0,1822,1792,37,9,1,1999-01-22,False
388,3,False,51,Webster Phillips,0,1850,1849,25,58,Sal Piro,0,1845,1823,33,10,1,1999-01-22,False
389,3,False,54,Rose Kreiswirth,0,1765,1827,5,114,Diana Grosman,0,1697,1706,31,1,1,1999-01-22,False
390,3,False,54,Rose Kreiswirth,0,1765,1827,5,38,Matt Laufer,0,1916,1845,35,2,1,1999-01-22,False
391,3,False,54,Rose Kreiswirth,0,1765,1827,5,56,Lloyd Mills,0,1927,1931,4,5,1,1999-01-22,False
392,3,False,54,Rose Kreiswirth,0,1765,1827,5,85,Tom Kelly,0,1653,1693,29,6,1,1999-01-22,False
393,3,False,54,Rose Kreiswirth,0,1765,1827,5,85,Tom Kelly,0,1653,1693,29,8,1,1999-01-22,False
394,3,False,54,Rose Kreiswirth,0,1765,1827,5,560,Marlon Hill,0,1891,1873,17,10,1,1999-01-22,False
395,3,False,54,Rose Kreiswirth,0,1765,1827,5,1949,Barry Keith,0,1849,1867,10,11,1,1999-01-22,False
396,3,False,54,Rose Kreiswirth,0,1765,1827,5,1847,Ian Weinstein,0,1930,1925,11,12,1,1999-01-22,False
397,3,False,56,Lloyd Mills,0,1927,1931,4,51,Webster Phillips,0,1850,1849,25,1,1,1999-01-22,False
398,3,False,56,Lloyd Mills,0,1927,1931,4,68,David Abolafia,0,1677,1736,18,2,1,1999-01-22,False
399,3,False,56,Lloyd Mills,0,1927,1931,4,105,Dee Jackson,0,1685,1704,28,6,1,1999-01-22,False
400,3,False,56,Lloyd Mills,0,1927,1931,4,560,Marlon Hill,0,1891,1873,17,7,1,1999-01-22,False
401,3,False,56,Lloyd Mills,0,1927,1931,4,59,Marjorie Schoneboom,0,1836,1819,30,8,1,1999-01-22,False
402,3,False,56,Lloyd Mills,0,1927,1931,4,66,Joel Horn,0,1704,1773,15,9,1,1999-01-22,False
403,3,False,56,Lloyd Mills,0,1927,1931,4,2629,Rich Baker,0,1933,1914,22,11,1,1999-01-22,False
404,3,False,56,Lloyd Mills,0,1927,1931,4,3189,Gordon Shapiro,0,1865,1872,14,12,1,1999-01-22,False
405,3,False,58,Sal Piro,0,1845,1823,33,85,Tom Kelly,0,1653,1693,29,1,1,1999-01-22,False
406,3,False,58,Sal Piro,0,1845,1823,33,1489,John Luebkemann,0,1978,1952,13,2,1,1999-01-22,False
407,3,False,58,Sal Piro,0,1845,1823,33,2035,Bruce Adams,0,1708,1646,40,7,1,1999-01-22,False
408,3,False,58,Sal Piro,0,1845,1823,33,38,Matt Laufer,0,1916,1845,35,8,1,1999-01-22,False
409,3,False,58,Sal Piro,0,1845,1823,33,3416,Jill Pfeiffer,0,1709,1748,24,9,1,1999-01-22,False
410,3,False,59,Marjorie Schoneboom,0,1836,1819,30,430,Avi Moss,0,1885,1847,26,2,1,1999-01-22,False
411,3,False,59,Marjorie Schoneboom,0,1836,1819,30,38,Matt Laufer,0,1916,1845,35,4,1,1999-01-22,False
412,3,False,59,Marjorie Schoneboom,0,1836,1819,30,32,Larry Sherman,0,1883,1862,21,6,1,1999-01-22,False
413,3,False,59,Marjorie Schoneboom,0,1836,1819,30,1489,John Luebkemann,0,1978,1952,13,7,1,1999-01-22,False
414,3,False,59,Marjorie Schoneboom,0,1836,1819,30,1998,Richard Buck,0,1808,1758,36,9,1,1999-01-22,False
415,3,False,62,Bobbie Butterfield,0,1641,1682,2,108,George Spanfelner,0,1538,1465,60,1,2,1999-01-22,False
416,3,False,62,Bobbie Butterfield,0,1641,1682,2,134,Nancy Okolsky,0,1402,1429,62,2,2,1999-01-22,False
417,3,False,62,Bobbie Butterfield,0,1641,1682,2,2599,Rose Noel,0,1449,1415,52,3,2,1999-01-22,False
418,3,False,62,Bobbie Butterfield,0,1641,1682,2,303,Roy Dixon,0,1759,1746,5,4,2,1999-01-22,False
419,3,False,62,Bobbie Butterfield,0,1641,1682,2,4260,Shirley Fliesser,0,1599,1594,15,7,2,1999-01-22,False
420,3,False,62,Bobbie Butterfield,0,1641,1682,2,83,Florence Spanfelner,0,1561,1567,22,8,2,1999-01-22,False
421,3,False,62,Bobbie Butterfield,0,1641,1682,2,2932,Milton Villanueva,0,1643,1623,19,10,2,1999-01-22,False
422,3,False,62,Bobbie Butterfield,0,1641,1682,2,612,Ellen Miller,0,1521,1569,8,11,2,1999-01-22,False
423,3,False,62,Bobbie Butterfield,0,1641,1682,2,44,Paul Avrin,0,1735,1761,1,12,2,1999-01-22,False
424,3,False,66,Joel Horn,0,1704,1773,15,2931,Josh Silber,0,1875,1903,7,2,1,1999-01-22,False
425,3,False,66,Joel Horn,0,1704,1773,15,114,Diana Grosman,0,1697,1706,31,4,1,1999-01-22,False
426,3,False,66,Joel Horn,0,1704,1773,15,1998,Richard Buck,0,1808,1758,36,5,1,1999-01-22,False
427,3,False,66,Joel Horn,0,1704,1773,15,580,Lynn Cushman,0,1878,1863,19,7,1,1999-01-22,False
428,3,False,66,Joel Horn,0,1704,1773,15,1998,Richard Buck,0,1808,1758,36,8,1,1999-01-22,False
429,3,False,66,Joel Horn,0,1704,1773,15,49,Arnie Horowitz,0,1829,1828,23,11,1,1999-01-22,False
430,3,False,66,Joel Horn,0,1704,1773,15,51,Webster Phillips,0,1850,1849,25,12,1,1999-01-22,False
431,3,False,68,David Abolafia,0,1677,1736,18,88,Phil Polsky,0,1761,1753,27,1,1,1999-01-22,False
432,3,False,68,David Abolafia,0,1677,1736,18,105,Dee Jackson,0,1685,1704,28,4,1,1999-01-22,False
433,3,False,68,David Abolafia,0,1677,1736,18,32,Larry Sherman,0,1883,1862,21,7,1,1999-01-22,False
434,3,False,68,David Abolafia,0,1677,1736,18,430,Avi Moss,0,1885,1847,26,9,1,1999-01-22,False
435,3,False,68,David Abolafia,0,1677,1736,18,38,Matt Laufer,0,1916,1845,35,11,1,1999-01-22,False
436,3,False,68,David Abolafia,0,1677,1736,18,59,Marjorie Schoneboom,0,1836,1819,30,12,1,1999-01-22,False
437,3,False,69,Judy Horn,0,1632,1627,20,82,Sally Ricketts,0,1538,1508,43,1,2,1999-01-22,False
438,3,False,69,Judy Horn,0,1632,1627,20,4351,Edward Coker,0,1448,1452,40,3,2,1999-01-22,False
439,3,False,69,Judy Horn,0,1632,1627,20,45,Diane Firstman,0,1538,1515,46,4,2,1999-01-22,False
440,3,False,69,Judy Horn,0,1632,1627,20,35,Howard Greenspan,0,1605,1611,9,6,2,1999-01-22,False
441,3,False,69,Judy Horn,0,1632,1627,20,2932,Milton Villanueva,0,1643,1623,19,7,2,1999-01-22,False
442,3,False,69,Judy Horn,0,1632,1627,20,71,Noel Livermore,0,1582,1601,7,8,2,1999-01-22,False
443,3,False,69,Judy Horn,0,1632,1627,20,3371,Wendy Littman,0,1490,1540,18,9,2,1999-01-22,False
444,3,False,71,Noel Livermore,0,1582,1601,7,618,Gregg Foster,0,1422,1456,21,1,2,1999-01-22,False
445,3,False,71,Noel Livermore,0,1582,1601,7,569,Jay Strieb,0,1320,1363,29,3,2,1999-01-22,False
446,3,False,71,Noel Livermore,0,1582,1601,7,3433,Sheldon Silverstein,0,1433,1456,38,4,2,1999-01-22,False
447,3,False,71,Noel Livermore,0,1582,1601,7,69,Judy Horn,0,1632,1627,20,5,2,1999-01-22,False
448,3,False,71,Noel Livermore,0,1582,1601,7,62,Bobbie Butterfield,0,1641,1682,2,6,2,1999-01-22,False
449,3,False,71,Noel Livermore,0,1582,1601,7,5244,Pat Cole,0,1512,1529,25,9,2,1999-01-22,False
450,3,False,71,Noel Livermore,0,1582,1601,7,19676,Celia Dayrit Thompson,0,1430,1443,28,11,2,1999-01-22,False
451,3,False,71,Noel Livermore,0,1582,1601,7,69,Judy Horn,0,1632,1627,20,12,2,1999-01-22,False
452,3,False,72,James Dodds,0,1728,1735,32,88,Phil Polsky,0,1761,1753,27,6,1,1999-01-22,False
453,3,False,72,James Dodds,0,1728,1735,32,242,Verna Richards Berg,0,1740,1770,12,7,1,1999-01-22,False
454,3,False,72,James Dodds,0,1728,1735,32,581,Joanne Cohen,0,1792,1754,34,8,1,1999-01-22,False
455,3,False,72,James Dodds,0,1728,1735,32,858,David Moersdorf,0,1659,1632,39,9,1,1999-01-22,False
456,3,False,72,James Dodds,0,1728,1735,32,48,Rick Julian,0,1822,1792,37,10,1,1999-01-22,False
457,3,False,77,Thomas M Hall,0,1321,1350,47,5531,Carroll Smith,0,1593,1504,54,1,2,1999-01-22,False
458,3,False,77,Thomas M Hall,0,1321,1350,47,5308,James W Flomo,0,1328,1354,45,3,2,1999-01-22,False
459,3,False,77,Thomas M Hall,0,1321,1350,47,5890,Anita Shields,0,1416,1361,61,7,2,1999-01-22,False
460,3,False,77,Thomas M Hall,0,1321,1350,47,80,Carole Denton,0,1441,1444,24,8,2,1999-01-22,False
461,3,False,77,Thomas M Hall,0,1321,1350,47,596,David Lieberfarb,0,1590,1591,12,9,2,1999-01-22,False
462,3,False,79,Sarah Rosenblum,0,1461,1487,23,83,Florence Spanfelner,0,1561,1567,22,2,2,1999-01-22,False
463,3,False,79,Sarah Rosenblum,0,1461,1487,23,95,Glenn Filzer,0,1521,1478,41,4,2,1999-01-22,False
464,3,False,79,Sarah Rosenblum,0,1461,1487,23,1995,Martha Bedford,0,1440,1446,27,5,2,1999-01-22,False
465,3,False,79,Sarah Rosenblum,0,1461,1487,23,5890,Anita Shields,0,1416,1361,61,6,2,1999-01-22,False
466,3,False,79,Sarah Rosenblum,0,1461,1487,23,163,Bob Kilpatrick,0,1414,1442,37,8,2,1999-01-22,False
467,3,False,79,Sarah Rosenblum,0,1461,1487,23,153,Dolly Silverstein,0,1373,1379,49,11,2,1999-01-22,False
468,3,False,79,Sarah Rosenblum,0,1461,1487,23,615,Marie Puma,0,1361,1400,36,12,2,1999-01-22,False
469,3,False,80,Carole Denton,0,1441,1444,24,5308,James W Flomo,0,1328,1354,45,5,2,1999-01-22,False
470,3,False,80,Carole Denton,0,1441,1444,24,87,Joan Kelly,0,1528,1451,59,6,2,1999-01-22,False
471,3,False,80,Carole Denton,0,1441,1444,24,4269,Evelyn Lambert,0,1365,1384,48,7,2,1999-01-22,False
472,3,False,80,Carole Denton,0,1441,1444,24,109,Helene Browe,0,1393,1432,34,9,2,1999-01-22,False
473,3,False,80,Carole Denton,0,1441,1444,24,2912,Jim Piazza,0,1466,1455,39,10,2,1999-01-22,False
474,3,False,80,Carole Denton,0,1441,1444,24,1951,Steve Gawtry,0,1354,1447,26,11,2,1999-01-22,False
475,3,False,82,Sally Ricketts,0,1538,1508,43,4351,Edward Coker,0,1448,1452,40,2,2,1999-01-22,False
476,3,False,82,Sally Ricketts,0,1538,1508,43,2333,Hillary Goldberg,0,1500,1472,44,4,2,1999-01-22,False
477,3,False,82,Sally Ricketts,0,1538,1508,43,120,Marty Fialkow,0,1452,1480,35,5,2,1999-01-22,False
478,3,False,82,Sally Ricketts,0,1538,1508,43,4423,Victor Steinman,0,1558,1503,57,9,2,1999-01-22,False
479,3,False,82,Sally Ricketts,0,1538,1508,43,3931,Vince Anzalone,0,1412,1407,53,12,2,1999-01-22,False
480,3,False,83,Florence Spanfelner,0,1561,1567,22,163,Bob Kilpatrick,0,1414,1442,37,3,2,1999-01-22,False
481,3,False,83,Florence Spanfelner,0,1561,1567,22,118,Ted Mast,0,1429,1395,55,4,2,1999-01-22,False
482,3,False,83,Florence Spanfelner,0,1561,1567,22,153,Dolly Silverstein,0,1373,1379,49,5,2,1999-01-22,False
483,3,False,83,Florence Spanfelner,0,1561,1567,22,2912,Jim Piazza,0,1466,1455,39,6,2,1999-01-22,False
484,3,False,83,Florence Spanfelner,0,1561,1567,22,1995,Martha Bedford,0,1440,1446,27,7,2,1999-01-22,False
485,3,False,83,Florence Spanfelner,0,1561,1567,22,1280,Maurice Decanio,0,1621,1586,30,9,2,1999-01-22,False
486,3,False,83,Florence Spanfelner,0,1561,1567,22,99,Shah Ali,0,1615,1574,32,12,2,1999-01-22,False
487,3,False,85,Tom Kelly,0,1653,1693,29,1489,John Luebkemann,0,1978,1952,13,3,1,1999-01-22,False
488,3,False,85,Tom Kelly,0,1653,1693,29,581,Joanne Cohen,0,1792,1754,34,4,1,1999-01-22,False
489,3,False,85,Tom Kelly,0,1653,1693,29,59,Marjorie Schoneboom,0,1836,1819,30,5,1,1999-01-22,False
490,3,False,85,Tom Kelly,0,1653,1693,29,49,Arnie Horowitz,0,1829,1828,23,7,1,1999-01-22,False
491,3,False,85,Tom Kelly,0,1653,1693,29,2627,Randy Hersom,0,1888,1869,16,9,1,1999-01-22,False
492,3,False,87,Joan Kelly,0,1528,1451,59,1995,Martha Bedford,0,1440,1446,27,3,2,1999-01-22,False
493,3,False,87,Joan Kelly,0,1528,1451,59,4269,Evelyn Lambert,0,1365,1384,48,9,2,1999-01-22,False
494,3,False,87,Joan Kelly,0,1528,1451,59,4428,Jean Lithgow,0,1421,1385,58,11,2,1999-01-22,False
495,3,False,88,Phil Polsky,0,1761,1753,27,56,Lloyd Mills,0,1927,1931,4,3,1,1999-01-22,False
496,3,False,88,Phil Polsky,0,1761,1753,27,858,David Moersdorf,0,1659,1632,39,7,1,1999-01-22,False
497,3,False,88,Phil Polsky,0,1761,1753,27,581,Joanne Cohen,0,1792,1754,34,10,1,1999-01-22,False
498,3,False,88,Phil Polsky,0,1761,1753,27,115,Vicki Kahn,0,1745,1721,38,11,1,1999-01-22,False
499,3,False,88,Phil Polsky,0,1761,1753,27,38,Matt Laufer,0,1916,1845,35,12,1,1999-01-22,False
500,3,False,92,Mark Berg,0,1748,1757,3,596,David Lieberfarb,0,1590,1591,12,1,2,1999-01-22,False
501,3,False,92,Mark Berg,0,1748,1757,3,4428,Jean Lithgow,0,1421,1385,58,3,2,1999-01-22,False
502,3,False,92,Mark Berg,0,1748,1757,3,77,Thomas M Hall,0,1321,1350,47,4,2,1999-01-22,False
503,3,False,92,Mark Berg,0,1748,1757,3,1281,Mary A Lyons,0,1623,1599,14,5,2,1999-01-22,False
504,3,False,92,Mark Berg,0,1748,1757,3,4260,Shirley Fliesser,0,1599,1594,15,6,2,1999-01-22,False
505,3,False,92,Mark Berg,0,1748,1757,3,71,Noel Livermore,0,1582,1601,7,7,2,1999-01-22,False
506,3,False,92,Mark Berg,0,1748,1757,3,303,Roy Dixon,0,1759,1746,5,8,2,1999-01-22,False
507,3,False,92,Mark Berg,0,1748,1757,3,612,Ellen Miller,0,1521,1569,8,10,2,1999-01-22,False
508,3,False,92,Mark Berg,0,1748,1757,3,1112,Mary Capalbi,0,1493,1550,10,12,2,1999-01-22,False
509,3,False,95,Glenn Filzer,0,1521,1478,41,153,Dolly Silverstein,0,1373,1379,49,2,2,1999-01-22,False
510,3,False,95,Glenn Filzer,0,1521,1478,41,87,Joan Kelly,0,1528,1451,59,7,2,1999-01-22,False
511,3,False,95,Glenn Filzer,0,1521,1478,41,2599,Rose Noel,0,1449,1415,52,8,2,1999-01-22,False
512,3,False,95,Glenn Filzer,0,1521,1478,41,2599,Rose Noel,0,1449,1415,52,10,2,1999-01-22,False
513,3,False,95,Glenn Filzer,0,1521,1478,41,2912,Jim Piazza,0,1466,1455,39,11,2,1999-01-22,False
514,3,False,97,Betty Burton,0,1482,1478,33,80,Carole Denton,0,1441,1444,24,4,2,1999-01-22,False
515,3,False,97,Betty Burton,0,1482,1478,33,108,George Spanfelner,0,1538,1465,60,6,2,1999-01-22,False
516,3,False,97,Betty Burton,0,1482,1478,33,5531,Carroll Smith,0,1593,1504,54,9,2,1999-01-22,False
517,3,False,97,Betty Burton,0,1482,1478,33,995,Vivienne Muhling,0,1308,1289,63,10,2,1999-01-22,False
518,3,False,97,Betty Burton,0,1482,1478,33,82,Sally Ricketts,0,1538,1508,43,11,2,1999-01-22,False
519,3,False,97,Betty Burton,0,1482,1478,33,77,Thomas M Hall,0,1321,1350,47,12,2,1999-01-22,False
520,3,False,99,Shah Ali,0,1615,1574,32,4269,Evelyn Lambert,0,1365,1384,48,3,2,1999-01-22,False
521,3,False,99,Shah Ali,0,1615,1574,32,3931,Vince Anzalone,0,1412,1407,53,4,2,1999-01-22,False
522,3,False,99,Shah Ali,0,1615,1574,32,5890,Anita Shields,0,1416,1361,61,5,2,1999-01-22,False
523,3,False,99,Shah Ali,0,1615,1574,32,82,Sally Ricketts,0,1538,1508,43,7,2,1999-01-22,False
524,3,False,99,Shah Ali,0,1615,1574,32,120,Marty Fialkow,0,1452,1480,35,8,2,1999-01-22,False
525,3,False,99,Shah Ali,0,1615,1574,32,45,Diane Firstman,0,1538,1515,46,10,2,1999-01-22,False
526,3,False,103,David Engelhardt,0,1531,1533,17,80,Carole Denton,0,1441,1444,24,2,2,1999-01-22,False
527,3,False,103,David Engelhardt,0,1531,1533,17,596,David Lieberfarb,0,1590,1591,12,4,2,1999-01-22,False
528,3,False,103,David Engelhardt,0,1531,1533,17,5531,Carroll Smith,0,1593,1504,54,6,2,1999-01-22,False
529,3,False,103,David Engelhardt,0,1531,1533,17,5308,James W Flomo,0,1328,1354,45,9,2,1999-01-22,False
530,3,False,103,David Engelhardt,0,1531,1533,17,82,Sally Ricketts,0,1538,1508,43,10,2,1999-01-22,False
531,3,False,103,David Engelhardt,0,1531,1533,17,569,Jay Strieb,0,1320,1363,29,11,2,1999-01-22,False
532,3,False,103,David Engelhardt,0,1531,1533,17,120,Marty Fialkow,0,1452,1480,35,12,2,1999-01-22,False
533,3,False,105,Dee Jackson,0,1685,1704,28,3706,Martin Smith,0,1762,1775,20,1,1,1999-01-22,False
534,3,False,105,Dee Jackson,0,1685,1704,28,242,Verna Richards Berg,0,1740,1770,12,5,1,1999-01-22,False
535,3,False,105,Dee Jackson,0,1685,1704,28,581,Joanne Cohen,0,1792,1754,34,7,1,1999-01-22,False
536,3,False,105,Dee Jackson,0,1685,1704,28,49,Arnie Horowitz,0,1829,1828,23,9,1,1999-01-22,False
537,3,False,105,Dee Jackson,0,1685,1704,28,1998,Richard Buck,0,1808,1758,36,12,1,1999-01-22,False
538,3,False,108,George Spanfelner,0,1538,1465,60,995,Vivienne Muhling,0,1308,1289,63,7,2,1999-01-22,False
539,3,False,108,George Spanfelner,0,1538,1465,60,995,Vivienne Muhling,0,1308,1289,63,11,2,1999-01-22,False
540,3,False,108,George Spanfelner,0,1538,1465,60,5312,Jay Malarcher,0,1429,1338,64,12,2,1999-01-22,False
541,3,False,109,Helene Browe,0,1393,1432,34,80,Carole Denton,0,1441,1444,24,1,2,1999-01-22,False
542,3,False,109,Helene Browe,0,1393,1432,34,103,David Engelhardt,0,1531,1533,17,3,2,1999-01-22,False
543,3,False,109,Helene Browe,0,1393,1432,34,19676,Celia Dayrit Thompson,0,1430,1443,28,4,2,1999-01-22,False
544,3,False,109,Helene Browe,0,1393,1432,34,618,Gregg Foster,0,1422,1456,21,5,2,1999-01-22,False
545,3,False,109,Helene Browe,0,1393,1432,34,1957,Pat Brown,0,1416,1400,56,10,2,1999-01-22,False
546,3,False,109,Helene Browe,0,1393,1432,34,3433,Sheldon Silverstein,0,1433,1456,38,11,2,1999-01-22,False
547,3,False,110,Douglas Hoylman,0,1622,1638,11,612,Ellen Miller,0,1521,1569,8,1,2,1999-01-22,False
548,3,False,110,Douglas Hoylman,0,1622,1638,11,3433,Sheldon Silverstein,0,1433,1456,38,2,2,1999-01-22,False
549,3,False,110,Douglas Hoylman,0,1622,1638,11,45,Diane Firstman,0,1538,1515,46,6,2,1999-01-22,False
550,3,False,110,Douglas Hoylman,0,1622,1638,11,116,Ann Raymond,0,1562,1510,42,7,2,1999-01-22,False
551,3,False,110,Douglas Hoylman,0,1622,1638,11,4260,Shirley Fliesser,0,1599,1594,15,8,2,1999-01-22,False
552,3,False,110,Douglas Hoylman,0,1622,1638,11,79,Sarah Rosenblum,0,1461,1487,23,9,2,1999-01-22,False
553,3,False,110,Douglas Hoylman,0,1622,1638,11,35,Howard Greenspan,0,1605,1611,9,10,2,1999-01-22,False
554,3,False,110,Douglas Hoylman,0,1622,1638,11,3056,Charles Merlis,0,1674,1639,13,11,2,1999-01-22,False
555,3,False,10074,C Pollard,0,1624,1705,4,103,David Engelhardt,0,1531,1533,17,1,2,1999-01-22,False
556,3,False,10074,C Pollard,0,1624,1705,4,109,Helene Browe,0,1393,1432,34,2,2,1999-01-22,False
557,3,False,10074,C Pollard,0,1624,1705,4,80,Carole Denton,0,1441,1444,24,3,2,1999-01-22,False
558,3,False,10074,C Pollard,0,1624,1705,4,1280,Maurice Decanio,0,1621,1586,30,4,2,1999-01-22,False
559,3,False,10074,C Pollard,0,1624,1705,4,62,Bobbie Butterfield,0,1641,1682,2,5,2,1999-01-22,False
560,3,False,10074,C Pollard,0,1624,1705,4,3056,Charles Merlis,0,1674,1639,13,6,2,1999-01-22,False
561,3,False,10074,C Pollard,0,1624,1705,4,303,Roy Dixon,0,1759,1746,5,7,2,1999-01-22,False
562,3,False,10074,C Pollard,0,1624,1705,4,303,Roy Dixon,0,1759,1746,5,10,2,1999-01-22,False
563,3,False,10074,C Pollard,0,1624,1705,4,123,Jo Anne Cohen,0,1430,1520,6,11,2,1999-01-22,False
564,3,False,114,Diana Grosman,0,1697,1706,31,38,Matt Laufer,0,1916,1845,35,3,1,1999-01-22,False
565,3,False,114,Diana Grosman,0,1697,1706,31,858,David Moersdorf,0,1659,1632,39,5,1,1999-01-22,False
566,3,False,114,Diana Grosman,0,1697,1706,31,115,Vicki Kahn,0,1745,1721,38,7,1,1999-01-22,False
567,3,False,114,Diana Grosman,0,1697,1706,31,858,David Moersdorf,0,1659,1632,39,11,1,1999-01-22,False
568,3,False,114,Diana Grosman,0,1697,1706,31,48,Rick Julian,0,1822,1792,37,12,1,1999-01-22,False
569,3,False,115,Vicki Kahn,0,1745,1721,38,72,James Dodds,0,1728,1735,32,4,1,1999-01-22,False
570,3,False,115,Vicki Kahn,0,1745,1721,38,2035,Bruce Adams,0,1708,1646,40,5,1,1999-01-22,False
571,3,False,115,Vicki Kahn,0,1745,1721,38,32,Larry Sherman,0,1883,1862,21,8,1,1999-01-22,False
572,3,False,115,Vicki Kahn,0,1745,1721,38,2035,Bruce Adams,0,1708,1646,40,12,1,1999-01-22,False
573,3,False,116,Ann Raymond,0,1562,1510,42,4428,Jean Lithgow,0,1421,1385,58,4,2,1999-01-22,False
574,3,False,116,Ann Raymond,0,1562,1510,42,995,Vivienne Muhling,0,1308,1289,63,5,2,1999-01-22,False
575,3,False,116,Ann Raymond,0,1562,1510,42,3931,Vince Anzalone,0,1412,1407,53,6,2,1999-01-22,False
576,3,False,116,Ann Raymond,0,1562,1510,42,1995,Martha Bedford,0,1440,1446,27,9,2,1999-01-22,False
577,3,False,116,Ann Raymond,0,1562,1510,42,153,Dolly Silverstein,0,1373,1379,49,10,2,1999-01-22,False
578,3,False,118,Ted Mast,0,1429,1395,55,995,Vivienne Muhling,0,1308,1289,63,1,2,1999-01-22,False
579,3,False,118,Ted Mast,0,1429,1395,55,1957,Pat Brown,0,1416,1400,56,5,2,1999-01-22,False
580,3,False,118,Ted Mast,0,1429,1395,55,5312,Jay Malarcher,0,1429,1338,64,8,2,1999-01-22,False
581,3,False,118,Ted Mast,0,1429,1395,55,5312,Jay Malarcher,0,1429,1338,64,10,2,1999-01-22,False
582,3,False,120,Marty Fialkow,0,1452,1480,35,3931,Vince Anzalone,0,1412,1407,53,1,2,1999-01-22,False
583,3,False,120,Marty Fialkow,0,1452,1480,35,87,Joan Kelly,0,1528,1451,59,4,2,1999-01-22,False
584,3,False,120,Marty Fialkow,0,1452,1480,35,19676,Celia Dayrit Thompson,0,1430,1443,28,6,2,1999-01-22,False
585,3,False,120,Marty Fialkow,0,1452,1480,35,103,David Engelhardt,0,1531,1533,17,7,2,1999-01-22,False
586,3,False,120,Marty Fialkow,0,1452,1480,35,2333,Hillary Goldberg,0,1500,1472,44,10,2,1999-01-22,False
587,3,False,120,Marty Fialkow,0,1452,1480,35,1280,Maurice Decanio,0,1621,1586,30,11,2,1999-01-22,False
588,3,False,123,Jo Anne Cohen,0,1430,1520,6,153,Dolly Silverstein,0,1373,1379,49,1,2,1999-01-22,False
589,3,False,123,Jo Anne Cohen,0,1430,1520,6,95,Glenn Filzer,0,1521,1478,41,3,2,1999-01-22,False
590,3,False,123,Jo Anne Cohen,0,1430,1520,6,77,Thomas M Hall,0,1321,1350,47,5,2,1999-01-22,False
591,3,False,123,Jo Anne Cohen,0,1430,1520,6,615,Marie Puma,0,1361,1400,36,6,2,1999-01-22,False
592,3,False,123,Jo Anne Cohen,0,1430,1520,6,3056,Charles Merlis,0,1674,1639,13,8,2,1999-01-22,False
593,3,False,123,Jo Anne Cohen,0,1430,1520,6,1112,Mary Capalbi,0,1493,1550,10,9,2,1999-01-22,False
594,3,False,123,Jo Anne Cohen,0,1430,1520,6,71,Noel Livermore,0,1582,1601,7,10,2,1999-01-22,False
595,3,False,123,Jo Anne Cohen,0,1430,1520,6,4260,Shirley Fliesser,0,1599,1594,15,12,2,1999-01-22,False
596,3,False,124,Lisa Thomas,0,1197,1214,6,5151,Kerry Hamilton,0,960,950,43,1,3,1999-01-22,False
597,3,False,124,Lisa Thomas,0,1197,1214,6,5381,Emily Herczeg,0,1055,1113,10,4,3,1999-01-22,False
598,3,False,124,Lisa Thomas,0,1197,1214,6,186,Claire Pleczynski,0,955,952,45,5,3,1999-01-22,False
599,3,False,124,Lisa Thomas,0,1197,1214,6,25312,Dianne Socha Kaplan,0,1281,1279,8,6,3,1999-01-22,False
600,3,False,124,Lisa Thomas,0,1197,1214,6,4795,Lynn Gillespie,0,1129,1184,2,7,3,1999-01-22,False
601,3,False,124,Lisa Thomas,0,1197,1214,6,2700,Teri Peppe,0,1167,1156,20,10,3,1999-01-22,False
602,3,False,124,Lisa Thomas,0,1197,1214,6,1495,John Kopp,0,1154,1165,15,11,3,1999-01-22,False
603,3,False,124,Lisa Thomas,0,1197,1214,6,4433,Concepta Siembab,0,1201,1208,14,12,3,1999-01-22,False
604,3,False,131,Margo Kuno,0,726,740,37,2294,Virginia Wallis,0,900,874,20,1,4,1999-01-22,False
605,3,False,131,Margo Kuno,0,726,740,37,5894,Betty Goldin,0,0,816,21,2,4,1999-01-22,False
606,3,False,131,Margo Kuno,0,726,740,37,5905,Irvin Booker,0,0,553,51,3,4,1999-01-22,False
607,3,False,131,Margo Kuno,0,726,740,37,5136,Debi Gavin,0,847,896,10,6,4,1999-01-22,False
608,3,False,131,Margo Kuno,0,726,740,37,2942,Sheila Greenspan,0,927,864,36,10,4,1999-01-22,False
609,3,False,132,Muriel Sparrow Reedy,0,1214,1162,33,3930,Phyllis Clare,0,1161,1174,11,2,3,1999-01-22,False
610,3,False,132,Muriel Sparrow Reedy,0,1214,1162,33,634,Irene Zeleniuk,0,1056,1065,29,3,3,1999-01-22,False
611,3,False,132,Muriel Sparrow Reedy,0,1214,1162,33,138,Donald Hake,0,1059,1071,28,4,3,1999-01-22,False
612,3,False,132,Muriel Sparrow Reedy,0,1214,1162,33,151,Doreen Lucas,0,1030,1049,30,5,3,1999-01-22,False
613,3,False,132,Muriel Sparrow Reedy,0,1214,1162,33,2934,Rona Goldberg,0,1123,1127,26,8,3,1999-01-22,False
614,3,False,134,Nancy Okolsky,0,1402,1429,62,2599,Rose Noel,0,1449,1415,52,1,2,1999-01-22,False
615,3,False,134,Nancy Okolsky,0,1402,1429,62,108,George Spanfelner,0,1538,1465,60,3,2,1999-01-22,False
616,3,False,138,Donald Hake,0,1059,1071,28,184,Ida Ann Shapiro,0,989,930,48,1,3,1999-01-22,False
617,3,False,138,Donald Hake,0,1059,1071,28,2700,Teri Peppe,0,1167,1156,20,2,3,1999-01-22,False
618,3,False,138,Donald Hake,0,1059,1071,28,1619,Gwen Stewart,0,1175,1150,25,6,3,1999-01-22,False
619,3,False,138,Donald Hake,0,1059,1071,28,3186,Stacia Camp,0,939,919,47,7,3,1999-01-22,False
620,3,False,138,Donald Hake,0,1059,1071,28,1499,Claudia Scheda,0,1073,1058,40,8,3,1999-01-22,False
621,3,False,138,Donald Hake,0,1059,1071,28,1503,Alan Grossman,0,1047,1040,38,12,3,1999-01-22,False
622,3,False,145,Mary McWilliams,0,843,895,7,3726,Barbara Batson,0,0,500,57,1,4,1999-01-22,False
623,3,False,145,Mary McWilliams,0,843,895,7,2063,Marjorie Bash,0,909,886,27,2,4,1999-01-22,False
624,3,False,145,Mary McWilliams,0,843,895,7,215,Irma Roberts,0,767,762,26,3,4,1999-01-22,False
625,3,False,145,Mary McWilliams,0,843,895,7,5798,Steve Lynch,0,800,985,3,4,4,1999-01-22,False
626,3,False,145,Mary McWilliams,0,843,895,7,4452,Spencer Camishion,0,0,834,38,7,4,1999-01-22,False
627,3,False,145,Mary McWilliams,0,843,895,7,175,Elliott Schiff,0,714,841,15,8,4,1999-01-22,False
628,3,False,145,Mary McWilliams,0,843,895,7,4538,Jaki Jackson,0,850,879,13,9,4,1999-01-22,False
629,3,False,145,Mary McWilliams,0,843,895,7,3698,Dolores Furye,0,938,964,6,10,4,1999-01-22,False
630,3,False,151,Doreen Lucas,0,1030,1049,30,2875,Eileen Willis,0,1105,1092,24,1,3,1999-01-22,False
631,3,False,151,Doreen Lucas,0,1030,1049,30,25312,Dianne Socha Kaplan,0,1281,1279,8,2,3,1999-01-22,False
632,3,False,151,Doreen Lucas,0,1030,1049,30,5891,James Totin,0,1043,1053,32,4,3,1999-01-22,False
633,3,True,151,Doreen Lucas,0,1030,1049,30,186,Claire Pleczynski,0,955,952,45,8,3,1999-01-22,False
634,3,False,151,Doreen Lucas,0,1030,1049,30,186,Claire Pleczynski,0,955,952,45,11,3,1999-01-22,False
635,3,False,151,Doreen Lucas,0,1030,1049,30,634,Irene Zeleniuk,0,1056,1065,29,12,3,1999-01-22,False
636,3,False,153,Dolly Silverstein,0,1373,1379,49,35,Howard Greenspan,0,1605,1611,9,3,2,1999-01-22,False
637,3,False,153,Dolly Silverstein,0,1373,1379,49,1957,Pat Brown,0,1416,1400,56,4,2,1999-01-22,False
638,3,False,153,Dolly Silverstein,0,1373,1379,49,4428,Jean Lithgow,0,1421,1385,58,7,2,1999-01-22,False
639,3,False,153,Dolly Silverstein,0,1373,1379,49,1773,Lois Giordano,0,1394,1404,51,8,2,1999-01-22,False
640,3,False,153,Dolly Silverstein,0,1373,1379,49,4435,Jerry Mory,0,1255,1293,50,9,2,1999-01-22,False
641,3,False,155,Wayne Ollick,0,0,612,46,214,Ruth McCandless,0,709,704,47,2,4,1999-01-22,False
642,3,False,155,Wayne Ollick,0,0,612,46,5902,Nancy Glover,0,0,554,48,6,4,1999-01-22,False
643,3,False,155,Wayne Ollick,0,0,612,46,3726,Barbara Batson,0,0,500,57,8,4,1999-01-22,False
644,3,False,155,Wayne Ollick,0,0,612,46,4541,Betty Kirklin,0,0,505,55,10,4,1999-01-22,False
645,3,False,155,Wayne Ollick,0,0,612,46,4805,Avis Casely,0,523,553,52,11,4,1999-01-22,False
646,3,False,156,Marjorie Milne,0,1188,1202,17,1509,Wendell Smith,0,1032,1050,35,2,3,1999-01-22,False
647,3,False,156,Marjorie Milne,0,1188,1202,17,5465,Emily Weidner,0,1317,1243,19,3,3,1999-01-22,False
648,3,False,156,Marjorie Milne,0,1188,1202,17,1495,John Kopp,0,1154,1165,15,4,3,1999-01-22,False
649,3,False,156,Marjorie Milne,0,1188,1202,17,2655,Herb Lewis,0,1170,1152,27,6,3,1999-01-22,False
650,3,False,156,Marjorie Milne,0,1188,1202,17,1495,John Kopp,0,1154,1165,15,7,3,1999-01-22,False
651,3,False,156,Marjorie Milne,0,1188,1202,17,124,Lisa Thomas,0,1197,1214,6,8,3,1999-01-22,False
652,3,False,156,Marjorie Milne,0,1188,1202,17,2934,Rona Goldberg,0,1123,1127,26,12,3,1999-01-22,False
653,3,False,162,Betty C McDaniel,0,1230,1192,16,138,Donald Hake,0,1059,1071,28,3,3,1999-01-22,False
654,3,False,162,Betty C McDaniel,0,1230,1192,16,4454,John Carassai,0,956,986,39,5,3,1999-01-22,False
655,3,False,162,Betty C McDaniel,0,1230,1192,16,2875,Eileen Willis,0,1105,1092,24,8,3,1999-01-22,False
656,3,False,162,Betty C McDaniel,0,1230,1192,16,24800,Flo Schneier,0,1022,971,46,9,3,1999-01-22,False
657,3,False,162,Betty C McDaniel,0,1230,1192,16,1503,Alan Grossman,0,1047,1040,38,10,3,1999-01-22,False
658,3,False,162,Betty C McDaniel,0,1230,1192,16,4454,John Carassai,0,956,986,39,11,3,1999-01-22,False
659,3,False,162,Betty C McDaniel,0,1230,1192,16,5891,James Totin,0,1043,1053,32,12,3,1999-01-22,False
660,3,False,163,Bob Kilpatrick,0,1414,1442,37,79,Sarah Rosenblum,0,1461,1487,23,1,2,1999-01-22,False
661,3,False,163,Bob Kilpatrick,0,1414,1442,37,3056,Charles Merlis,0,1674,1639,13,2,2,1999-01-22,False
662,3,False,163,Bob Kilpatrick,0,1414,1442,37,110,Douglas Hoylman,0,1622,1638,11,5,2,1999-01-22,False
663,3,False,163,Bob Kilpatrick,0,1414,1442,37,618,Gregg Foster,0,1422,1456,21,6,2,1999-01-22,False
664,3,False,163,Bob Kilpatrick,0,1414,1442,37,5308,James W Flomo,0,1328,1354,45,11,2,1999-01-22,False
665,3,False,163,Bob Kilpatrick,0,1414,1442,37,153,Dolly Silverstein,0,1373,1379,49,12,2,1999-01-22,False
666,3,False,175,Elliott Schiff,0,714,841,15,5900,Jacqueline Blyther,0,867,818,42,1,4,1999-01-22,False
667,3,False,175,Elliott Schiff,0,714,841,15,190,John Brown,0,0,955,11,2,4,1999-01-22,False
668,3,False,175,Elliott Schiff,0,714,841,15,5902,Nancy Glover,0,0,554,48,3,4,1999-01-22,False
669,3,False,175,Elliott Schiff,0,714,841,15,5440,Susan Patton,0,633,698,40,5,4,1999-01-22,False
670,3,False,175,Elliott Schiff,0,714,841,15,4434,John Zeller,0,0,965,5,6,4,1999-01-22,False
671,3,False,175,Elliott Schiff,0,714,841,15,5248,Ed Quinn,0,858,908,9,9,4,1999-01-22,False
672,3,False,175,Elliott Schiff,0,714,841,15,3710,Mitchell Peck,0,0,904,14,10,4,1999-01-22,False
673,3,False,180,Deborah Avins,0,715,763,19,333,Maureen Glover,0,0,714,32,2,4,1999-01-22,False
674,3,False,180,Deborah Avins,0,715,763,19,211,Bernice Brown,0,0,651,39,3,4,1999-01-22,False
675,3,False,180,Deborah Avins,0,715,763,19,2024,Margaret Olson,0,952,899,31,4,4,1999-01-22,False
676,3,False,180,Deborah Avins,0,715,763,19,5725,Evi Pike,0,862,841,30,8,4,1999-01-22,False
677,3,False,180,Deborah Avins,0,715,763,19,5897,Stevie Wells,0,680,728,28,10,4,1999-01-22,False
678,3,False,180,Deborah Avins,0,715,763,19,3720,Janice White,0,0,729,44,11,4,1999-01-22,False
679,3,False,180,Deborah Avins,0,715,763,19,2024,Margaret Olson,0,952,899,31,12,4,1999-01-22,False
680,3,False,184,Ida Ann Shapiro,0,989,930,48,162,Betty C McDaniel,0,1230,1192,16,2,3,1999-01-22,False
681,3,False,184,Ida Ann Shapiro,0,989,930,48,3186,Stacia Camp,0,939,919,47,12,3,1999-01-22,False
682,3,False,186,Claire Pleczynski,0,955,952,45,2011,Annette Zeff,0,1045,1052,31,1,3,1999-01-22,False
683,3,False,186,Claire Pleczynski,0,955,952,45,1619,Gwen Stewart,0,1175,1150,25,4,3,1999-01-22,False
684,3,False,186,Claire Pleczynski,0,955,952,45,1592,Edward Stewart,0,1190,1174,13,6,3,1999-01-22,False
685,3,False,190,John Brown,0,0,955,11,5902,Nancy Glover,0,0,554,48,1,4,1999-01-22,False
686,3,False,190,John Brown,0,0,955,11,5900,Jacqueline Blyther,0,867,818,42,3,4,1999-01-22,False
687,3,False,190,John Brown,0,0,955,11,1782,Gloria Chazin,0,901,892,16,4,4,1999-01-22,False
688,3,False,190,John Brown,0,0,955,11,4438,Hennie Berdinis,0,837,912,8,5,4,1999-01-22,False
689,3,False,190,John Brown,0,0,955,11,5895,Jim Dalton,0,874,846,23,6,4,1999-01-22,False
690,3,False,190,John Brown,0,0,955,11,5895,Jim Dalton,0,874,846,23,8,4,1999-01-22,False
691,3,False,190,John Brown,0,0,955,11,1522,Bob Godfrey,0,837,866,17,10,4,1999-01-22,False
692,3,False,190,John Brown,0,0,955,11,5894,Betty Goldin,0,0,816,21,12,4,1999-01-22,False
693,3,False,192,Denise Forys Wieche,0,639,666,41,5908,Josh Pollard,0,0,500,59,4,4,1999-01-22,False
694,3,False,192,Denise Forys Wieche,0,639,666,41,5894,Betty Goldin,0,0,816,21,5,4,1999-01-22,False
695,3,False,192,Denise Forys Wieche,0,639,666,41,201,Walt Blackie Sudnikovich,0,614,627,43,7,4,1999-01-22,False
696,3,False,192,Denise Forys Wieche,0,639,666,41,211,Bernice Brown,0,0,651,39,10,4,1999-01-22,False
697,3,False,192,Denise Forys Wieche,0,639,666,41,5903,Janet Hamilton,0,857,793,49,12,4,1999-01-22,False
698,3,False,201,Walt Blackie Sudnikovich,0,614,627,43,5909,Ryan Pollard,0,0,500,60,1,4,1999-01-22,False
699,3,False,201,Walt Blackie Sudnikovich,0,614,627,43,2942,Sheila Greenspan,0,927,864,36,3,4,1999-01-22,False
700,3,False,201,Walt Blackie Sudnikovich,0,614,627,43,231,Evelyn Ringold,0,792,726,58,9,4,1999-01-22,False
701,3,False,201,Walt Blackie Sudnikovich,0,614,627,43,5907,Laura Lou Seefeldt,0,0,562,56,11,4,1999-01-22,False
702,3,False,201,Walt Blackie Sudnikovich,0,614,627,43,4805,Avis Casely,0,523,553,52,12,4,1999-01-22,False
703,3,False,206,Hilda Siegel,0,1182,1240,3,24800,Flo Schneier,0,1022,971,46,1,3,1999-01-22,False
704,3,False,206,Hilda Siegel,0,1182,1240,3,2485,Varney Senii,0,1272,1278,4,2,3,1999-01-22,False
705,3,False,206,Hilda Siegel,0,1182,1240,3,1509,Wendell Smith,0,1032,1050,35,4,3,1999-01-22,False
706,3,False,206,Hilda Siegel,0,1182,1240,3,635,Ellen Massey,0,1156,1136,21,5,3,1999-01-22,False
707,3,False,206,Hilda Siegel,0,1182,1240,3,132,Muriel Sparrow Reedy,0,1214,1162,33,7,3,1999-01-22,False
708,3,False,206,Hilda Siegel,0,1182,1240,3,1442,Lynda Woods Cleary,0,1050,1103,18,8,3,1999-01-22,False
709,3,False,206,Hilda Siegel,0,1182,1240,3,5465,Emily Weidner,0,1317,1243,19,9,3,1999-01-22,False
710,3,False,206,Hilda Siegel,0,1182,1240,3,1604,Sherrie Saint John,0,1203,1237,9,10,3,1999-01-22,False
711,3,False,206,Hilda Siegel,0,1182,1240,3,4427,Nick Denezzo,0,1273,1294,1,11,3,1999-01-22,False
712,3,False,209,Marilyn Hake,0,991,985,44,132,Muriel Sparrow Reedy,0,1214,1162,33,1,3,1999-01-22,False
713,3,False,209,Marilyn Hake,0,991,985,44,3930,Phyllis Clare,0,1161,1174,11,3,3,1999-01-22,False
714,3,False,209,Marilyn Hake,0,991,985,44,2655,Herb Lewis,0,1170,1152,27,4,3,1999-01-22,False
715,3,False,209,Marilyn Hake,0,991,985,44,184,Ida Ann Shapiro,0,989,930,48,11,3,1999-01-22,False
716,3,False,211,Bernice Brown,0,0,651,39,333,Maureen Glover,0,0,714,32,1,4,1999-01-22,False
717,3,False,211,Bernice Brown,0,0,651,39,231,Evelyn Ringold,0,792,726,58,4,4,1999-01-22,False
718,3,False,211,Bernice Brown,0,0,651,39,4458,Jametta Garnett,0,695,697,34,9,4,1999-01-22,False
719,3,False,211,Bernice Brown,0,0,651,39,5905,Irvin Booker,0,0,553,51,11,4,1999-01-22,False
720,3,False,211,Bernice Brown,0,0,651,39,5904,Robert Hicks,0,594,582,50,12,4,1999-01-22,False
721,3,False,214,Ruth McCandless,0,709,704,47,5725,Evi Pike,0,862,841,30,3,4,1999-01-22,False
722,3,False,214,Ruth McCandless,0,709,704,47,4448,William Pittinos,0,0,785,29,4,4,1999-01-22,False
723,3,False,214,Ruth McCandless,0,709,704,47,2942,Sheila Greenspan,0,927,864,36,5,4,1999-01-22,False
724,3,False,214,Ruth McCandless,0,709,704,47,180,Deborah Avins,0,715,763,19,7,4,1999-01-22,False
725,3,False,215,Irma Roberts,0,767,762,26,5904,Robert Hicks,0,594,582,50,5,4,1999-01-22,False
726,3,False,215,Irma Roberts,0,767,762,26,5139,Susan Barker,0,517,534,54,6,4,1999-01-22,False
727,3,False,215,Irma Roberts,0,767,762,26,5900,Jacqueline Blyther,0,867,818,42,7,4,1999-01-22,False
728,3,False,215,Irma Roberts,0,767,762,26,192,Denise Forys Wieche,0,639,666,41,8,4,1999-01-22,False
729,3,False,215,Irma Roberts,0,767,762,26,180,Deborah Avins,0,715,763,19,9,4,1999-01-22,False
730,3,False,215,Irma Roberts,0,767,762,26,131,Margo Kuno,0,726,740,37,11,4,1999-01-22,False
731,3,False,231,Evelyn Ringold,0,792,726,58,5139,Susan Barker,0,517,534,54,2,4,1999-01-22,False
732,3,False,231,Evelyn Ringold,0,792,726,58,155,Wayne Ollick,0,0,612,46,5,4,1999-01-22,False
733,3,False,242,Verna Richards Berg,0,1740,1770,12,560,Marlon Hill,0,1891,1873,17,2,1,1999-01-22,False
734,3,False,242,Verna Richards Berg,0,1740,1770,12,858,David Moersdorf,0,1659,1632,39,6,1,1999-01-22,False
735,3,False,242,Verna Richards Berg,0,1740,1770,12,88,Phil Polsky,0,1761,1753,27,8,1,1999-01-22,False
736,3,False,242,Verna Richards Berg,0,1740,1770,12,115,Vicki Kahn,0,1745,1721,38,9,1,1999-01-22,False
737,3,False,242,Verna Richards Berg,0,1740,1770,12,105,Dee Jackson,0,1685,1704,28,10,1,1999-01-22,False
738,3,False,242,Verna Richards Berg,0,1740,1770,12,59,Marjorie Schoneboom,0,1836,1819,30,11,1,1999-01-22,False
739,3,False,242,Verna Richards Berg,0,1740,1770,12,580,Lynn Cushman,0,1878,1863,19,12,1,1999-01-22,False
740,3,False,299,Steve Polatnick,0,1887,1914,3,72,James Dodds,0,1728,1735,32,2,1,1999-01-22,False
741,3,False,299,Steve Polatnick,0,1887,1914,3,58,Sal Piro,0,1845,1823,33,5,1,1999-01-22,False
742,3,False,299,Steve Polatnick,0,1887,1914,3,2931,Josh Silber,0,1875,1903,7,6,1,1999-01-22,False
743,3,False,299,Steve Polatnick,0,1887,1914,3,48,Rick Julian,0,1822,1792,37,7,1,1999-01-22,False
744,3,False,299,Steve Polatnick,0,1887,1914,3,2627,Randy Hersom,0,1888,1869,16,8,1,1999-01-22,False
745,3,False,299,Steve Polatnick,0,1887,1914,3,54,Rose Kreiswirth,0,1765,1827,5,9,1,1999-01-22,False
746,3,False,299,Steve Polatnick,0,1887,1914,3,31,Matt Graham,0,1941,1946,8,10,1,1999-01-22,False
747,3,False,299,Steve Polatnick,0,1887,1914,3,2931,Josh Silber,0,1875,1903,7,12,1,1999-01-22,False
748,3,False,303,Roy Dixon,0,1759,1746,5,45,Diane Firstman,0,1538,1515,46,1,2,1999-01-22,False
749,3,False,303,Roy Dixon,0,1759,1746,5,1957,Pat Brown,0,1416,1400,56,2,2,1999-01-22,False
750,3,False,303,Roy Dixon,0,1759,1746,5,97,Betty Burton,0,1482,1478,33,3,2,1999-01-22,False
751,3,False,303,Roy Dixon,0,1759,1746,5,1280,Maurice Decanio,0,1621,1586,30,5,2,1999-01-22,False
752,3,False,303,Roy Dixon,0,1759,1746,5,5244,Pat Cole,0,1512,1529,25,6,2,1999-01-22,False
753,3,False,303,Roy Dixon,0,1759,1746,5,10074,C Pollard,0,1624,1705,4,9,2,1999-01-22,False
754,3,False,303,Roy Dixon,0,1759,1746,5,5244,Pat Cole,0,1512,1529,25,11,2,1999-01-22,False
755,3,False,303,Roy Dixon,0,1759,1746,5,110,Douglas Hoylman,0,1622,1638,11,12,2,1999-01-22,False
756,3,False,329,Emma Lewarenko,0,1000,1013,34,1619,Gwen Stewart,0,1175,1150,25,1,3,1999-01-22,False
757,3,False,329,Emma Lewarenko,0,1000,1013,34,1592,Edward Stewart,0,1190,1174,13,4,3,1999-01-22,False
758,3,False,329,Emma Lewarenko,0,1000,1013,34,3932,Victoria Moreines,0,981,962,41,8,3,1999-01-22,False
759,3,False,329,Emma Lewarenko,0,1000,1013,34,5151,Kerry Hamilton,0,960,950,43,9,3,1999-01-22,False
760,3,False,329,Emma Lewarenko,0,1000,1013,34,5315,Paul Feser,0,995,978,42,12,3,1999-01-22,False
761,3,False,333,Maureen Glover,0,0,714,32,5895,Jim Dalton,0,874,846,23,3,4,1999-01-22,False
762,3,False,333,Maureen Glover,0,0,714,32,155,Wayne Ollick,0,0,612,46,4,4,1999-01-22,False
763,3,False,333,Maureen Glover,0,0,714,32,211,Bernice Brown,0,0,651,39,5,4,1999-01-22,False
764,3,False,333,Maureen Glover,0,0,714,32,4458,Jametta Garnett,0,695,697,34,8,4,1999-01-22,False
765,3,False,333,Maureen Glover,0,0,714,32,5904,Robert Hicks,0,594,582,50,9,4,1999-01-22,False
766,3,False,333,Maureen Glover,0,0,714,32,5898,Bill Woodford,0,815,784,33,10,4,1999-01-22,False
767,3,False,430,Avi Moss,0,1885,1847,26,3416,Jill Pfeiffer,0,1709,1748,24,3,1,1999-01-22,False
768,3,False,430,Avi Moss,0,1885,1847,26,242,Verna Richards Berg,0,1740,1770,12,4,1,1999-01-22,False
769,3,False,430,Avi Moss,0,1885,1847,26,68,David Abolafia,0,1677,1736,18,5,1,1999-01-22,False
770,3,False,430,Avi Moss,0,1885,1847,26,115,Vicki Kahn,0,1745,1721,38,10,1,1999-01-22,False
771,3,False,430,Avi Moss,0,1885,1847,26,105,Dee Jackson,0,1685,1704,28,11,1,1999-01-22,False
772,3,False,440,John Dalton,0,1071,1125,7,24800,Flo Schneier,0,1022,971,46,2,3,1999-01-22,False
773,3,False,440,John Dalton,0,1071,1125,7,206,Hilda Siegel,0,1182,1240,3,3,3,1999-01-22,False
774,3,False,440,John Dalton,0,1071,1125,7,2011,Annette Zeff,0,1045,1052,31,5,3,1999-01-22,False
775,3,False,440,John Dalton,0,1071,1125,7,209,Marilyn Hake,0,991,985,44,7,3,1999-01-22,False
776,3,False,440,John Dalton,0,1071,1125,7,634,Irene Zeleniuk,0,1056,1065,29,8,3,1999-01-22,False
777,3,False,440,John Dalton,0,1071,1125,7,138,Donald Hake,0,1059,1071,28,9,3,1999-01-22,False
778,3,False,440,John Dalton,0,1071,1125,7,2981,Joan Gray,0,1128,1125,22,11,3,1999-01-22,False
779,3,False,440,John Dalton,0,1071,1125,7,1442,Lynda Woods Cleary,0,1050,1103,18,12,3,1999-01-22,False
780,3,False,560,Marlon Hill,0,1891,1873,17,858,David Moersdorf,0,1659,1632,39,3,1,1999-01-22,False
781,3,False,560,Marlon Hill,0,1891,1873,17,58,Sal Piro,0,1845,1823,33,4,1,1999-01-22,False
782,3,False,560,Marlon Hill,0,1891,1873,17,581,Joanne Cohen,0,1792,1754,34,6,1,1999-01-22,False
783,3,False,560,Marlon Hill,0,1891,1873,17,49,Arnie Horowitz,0,1829,1828,23,8,1,1999-01-22,False
784,3,False,560,Marlon Hill,0,1891,1873,17,3706,Martin Smith,0,1762,1775,20,9,1,1999-01-22,False
785,3,False,560,Marlon Hill,0,1891,1873,17,51,Webster Phillips,0,1850,1849,25,11,1,1999-01-22,False
786,3,False,561,Mitchell Brook,0,1199,1201,12,4795,Lynn Gillespie,0,1129,1184,2,1,3,1999-01-22,False
787,3,False,561,Mitchell Brook,0,1199,1201,12,186,Claire Pleczynski,0,955,952,45,2,3,1999-01-22,False
788,3,False,561,Mitchell Brook,0,1199,1201,12,2981,Joan Gray,0,1128,1125,22,4,3,1999-01-22,False
789,3,False,561,Mitchell Brook,0,1199,1201,12,209,Marilyn Hake,0,991,985,44,5,3,1999-01-22,False
790,3,False,561,Mitchell Brook,0,1199,1201,12,132,Muriel Sparrow Reedy,0,1214,1162,33,6,3,1999-01-22,False
791,3,False,561,Mitchell Brook,0,1199,1201,12,124,Lisa Thomas,0,1197,1214,6,9,3,1999-01-22,False
792,3,False,561,Mitchell Brook,0,1199,1201,12,1619,Gwen Stewart,0,1175,1150,25,12,3,1999-01-22,False
793,3,False,25312,Dianne Socha Kaplan,0,1281,1279,8,3057,Jane Clark,0,1125,1251,5,1,3,1999-01-22,False
794,3,False,25312,Dianne Socha Kaplan,0,1281,1279,8,2875,Eileen Willis,0,1105,1092,24,3,3,1999-01-22,False
795,3,False,25312,Dianne Socha Kaplan,0,1281,1279,8,871,Frank Schin,0,1143,1113,37,4,3,1999-01-22,False
796,3,False,25312,Dianne Socha Kaplan,0,1281,1279,8,151,Doreen Lucas,0,1030,1049,30,7,3,1999-01-22,False
797,3,False,25312,Dianne Socha Kaplan,0,1281,1279,8,2981,Joan Gray,0,1128,1125,22,8,3,1999-01-22,False
798,3,False,25312,Dianne Socha Kaplan,0,1281,1279,8,2700,Teri Peppe,0,1167,1156,20,9,3,1999-01-22,False
799,3,False,25312,Dianne Socha Kaplan,0,1281,1279,8,561,Mitchell Brook,0,1199,1201,12,10,3,1999-01-22,False
800,3,False,25312,Dianne Socha Kaplan,0,1281,1279,8,3057,Jane Clark,0,1125,1251,5,11,3,1999-01-22,False
801,3,False,569,Jay Strieb,0,1320,1363,29,5308,James W Flomo,0,1328,1354,45,4,2,1999-01-22,False
802,3,False,569,Jay Strieb,0,1320,1363,29,97,Betty Burton,0,1482,1478,33,5,2,1999-01-22,False
803,3,False,569,Jay Strieb,0,1320,1363,29,2912,Jim Piazza,0,1466,1455,39,7,2,1999-01-22,False
804,3,False,569,Jay Strieb,0,1320,1363,29,1995,Martha Bedford,0,1440,1446,27,8,2,1999-01-22,False
805,3,False,569,Jay Strieb,0,1320,1363,29,4351,Edward Coker,0,1448,1452,40,9,2,1999-01-22,False
806,3,False,569,Jay Strieb,0,1320,1363,29,2333,Hillary Goldberg,0,1500,1472,44,12,2,1999-01-22,False
807,3,False,577,Josephine Williams,0,700,726,24,5909,Ryan Pollard,0,0,500,60,5,4,1999-01-22,False
808,3,False,577,Josephine Williams,0,700,726,24,5908,Josh Pollard,0,0,500,59,6,4,1999-01-22,False
809,3,False,577,Josephine Williams,0,700,726,24,4541,Betty Kirklin,0,0,505,55,7,4,1999-01-22,False
810,3,False,577,Josephine Williams,0,700,726,24,5902,Nancy Glover,0,0,554,48,8,4,1999-01-22,False
811,3,False,577,Josephine Williams,0,700,726,24,155,Wayne Ollick,0,0,612,46,9,4,1999-01-22,False
812,3,False,577,Josephine Williams,0,700,726,24,5895,Jim Dalton,0,874,846,23,11,4,1999-01-22,False
813,3,False,580,Lynn Cushman,0,1878,1863,19,114,Diana Grosman,0,1697,1706,31,2,1,1999-01-22,False
814,3,False,580,Lynn Cushman,0,1878,1863,19,54,Rose Kreiswirth,0,1765,1827,5,3,1,1999-01-22,False
815,3,False,580,Lynn Cushman,0,1878,1863,19,32,Larry Sherman,0,1883,1862,21,4,1,1999-01-22,False
816,3,False,580,Lynn Cushman,0,1878,1863,19,68,David Abolafia,0,1677,1736,18,8,1,1999-01-22,False
817,3,False,580,Lynn Cushman,0,1878,1863,19,1489,John Luebkemann,0,1978,1952,13,9,1,1999-01-22,False
818,3,False,580,Lynn Cushman,0,1878,1863,19,59,Marjorie Schoneboom,0,1836,1819,30,10,1,1999-01-22,False
819,3,False,581,Joanne Cohen,0,1792,1754,34,66,Joel Horn,0,1704,1773,15,1,1,1999-01-22,False
820,3,False,581,Joanne Cohen,0,1792,1754,34,38,Matt Laufer,0,1916,1845,35,5,1,1999-01-22,False
821,3,True,581,Joanne Cohen,0,1792,1754,34,2035,Bruce Adams,0,1708,1646,40,9,1,1999-01-22,False
822,3,False,581,Joanne Cohen,0,1792,1754,34,2035,Bruce Adams,0,1708,1646,40,11,1,1999-01-22,False
823,3,False,581,Joanne Cohen,0,1792,1754,34,858,David Moersdorf,0,1659,1632,39,12,1,1999-01-22,False
824,3,False,587,Randy Greenspan,0,1927,1947,6,2931,Josh Silber,0,1875,1903,7,1,1,1999-01-22,False
825,3,False,587,Randy Greenspan,0,1927,1947,6,581,Joanne Cohen,0,1792,1754,34,2,1,1999-01-22,False
826,3,False,587,Randy Greenspan,0,1927,1947,6,66,Joel Horn,0,1704,1773,15,3,1,1999-01-22,False
827,3,False,587,Randy Greenspan,0,1927,1947,6,1949,Barry Keith,0,1849,1867,10,4,1,1999-01-22,False
828,3,False,587,Randy Greenspan,0,1927,1947,6,2629,Rich Baker,0,1933,1914,22,6,1,1999-01-22,False
829,3,False,587,Randy Greenspan,0,1927,1947,6,1949,Barry Keith,0,1849,1867,10,7,1,1999-01-22,False
830,3,False,587,Randy Greenspan,0,1927,1947,6,31,Matt Graham,0,1941,1946,8,11,1,1999-01-22,False
831,3,False,587,Randy Greenspan,0,1927,1947,6,47,Joe Weinike,0,1909,1920,9,12,1,1999-01-22,False
832,3,False,596,David Lieberfarb,0,1590,1591,12,3371,Wendy Littman,0,1490,1540,18,3,2,1999-01-22,False
833,3,False,596,David Lieberfarb,0,1590,1591,12,4269,Evelyn Lambert,0,1365,1384,48,5,2,1999-01-22,False
834,3,False,596,David Lieberfarb,0,1590,1591,12,118,Ted Mast,0,1429,1395,55,6,2,1999-01-22,False
835,3,False,596,David Lieberfarb,0,1590,1591,12,2599,Rose Noel,0,1449,1415,52,7,2,1999-01-22,False
836,3,False,596,David Lieberfarb,0,1590,1591,12,109,Helene Browe,0,1393,1432,34,8,2,1999-01-22,False
837,3,False,596,David Lieberfarb,0,1590,1591,12,79,Sarah Rosenblum,0,1461,1487,23,10,2,1999-01-22,False
838,3,False,596,David Lieberfarb,0,1590,1591,12,83,Florence Spanfelner,0,1561,1567,22,11,2,1999-01-22,False
839,3,False,596,David Lieberfarb,0,1590,1591,12,80,Carole Denton,0,1441,1444,24,12,2,1999-01-22,False
840,3,False,603,Christine Economos,0,923,921,12,5904,Robert Hicks,0,594,582,50,2,4,1999-01-22,False
841,3,False,603,Christine Economos,0,923,921,12,3720,Janice White,0,0,729,44,3,4,1999-01-22,False
842,3,False,603,Christine Economos,0,923,921,12,5897,Stevie Wells,0,680,728,28,4,4,1999-01-22,False
843,3,True,603,Christine Economos,0,923,921,12,5895,Jim Dalton,0,874,846,23,5,4,1999-01-22,False
844,3,False,603,Christine Economos,0,923,921,12,5894,Betty Goldin,0,0,816,21,8,4,1999-01-22,False
845,3,False,603,Christine Economos,0,923,921,12,661,Dorothy Siegel,0,793,773,35,9,4,1999-01-22,False
846,3,False,603,Christine Economos,0,923,921,12,5895,Jim Dalton,0,874,846,23,10,4,1999-01-22,False
847,3,False,603,Christine Economos,0,923,921,12,4538,Jaki Jackson,0,850,879,13,11,4,1999-01-22,False
848,3,False,612,Ellen Miller,0,1521,1569,8,1357,Nancy Hanley,0,1387,1424,16,2,2,1999-01-22,False
849,3,False,612,Ellen Miller,0,1521,1569,8,4269,Evelyn Lambert,0,1365,1384,48,4,2,1999-01-22,False
850,3,False,612,Ellen Miller,0,1521,1569,8,103,David Engelhardt,0,1531,1533,17,5,2,1999-01-22,False
851,3,False,612,Ellen Miller,0,1521,1569,8,99,Shah Ali,0,1615,1574,32,6,2,1999-01-22,False
852,3,False,612,Ellen Miller,0,1521,1569,8,983,Anita Rackham,0,1533,1530,31,7,2,1999-01-22,False
853,3,False,612,Ellen Miller,0,1521,1569,8,1280,Maurice Decanio,0,1621,1586,30,8,2,1999-01-22,False
854,3,False,612,Ellen Miller,0,1521,1569,8,62,Bobbie Butterfield,0,1641,1682,2,9,2,1999-01-22,False
855,3,False,612,Ellen Miller,0,1521,1569,8,618,Gregg Foster,0,1422,1456,21,12,2,1999-01-22,False
856,3,False,615,Marie Puma,0,1361,1400,36,87,Joan Kelly,0,1528,1451,59,2,2,1999-01-22,False
857,3,False,615,Marie Puma,0,1361,1400,36,1281,Mary A Lyons,0,1623,1599,14,3,2,1999-01-22,False
858,3,False,615,Marie Puma,0,1361,1400,36,2912,Jim Piazza,0,1466,1455,39,4,2,1999-01-22,False
859,3,False,615,Marie Puma,0,1361,1400,36,4423,Victor Steinman,0,1558,1503,57,5,2,1999-01-22,False
860,3,False,615,Marie Puma,0,1361,1400,36,109,Helene Browe,0,1393,1432,34,7,2,1999-01-22,False
861,3,False,615,Marie Puma,0,1361,1400,36,77,Thomas M Hall,0,1321,1350,47,11,2,1999-01-22,False
862,3,False,618,Gregg Foster,0,1422,1456,21,569,Jay Strieb,0,1320,1363,29,2,2,1999-01-22,False
863,3,False,618,Gregg Foster,0,1422,1456,21,4435,Jerry Mory,0,1255,1293,50,3,2,1999-01-22,False
864,3,False,618,Gregg Foster,0,1422,1456,21,2932,Milton Villanueva,0,1643,1623,19,4,2,1999-01-22,False
865,3,False,618,Gregg Foster,0,1422,1456,21,1773,Lois Giordano,0,1394,1404,51,7,2,1999-01-22,False
866,3,False,618,Gregg Foster,0,1422,1456,21,4423,Victor Steinman,0,1558,1503,57,8,2,1999-01-22,False
867,3,False,618,Gregg Foster,0,1422,1456,21,615,Marie Puma,0,1361,1400,36,10,2,1999-01-22,False
868,3,False,618,Gregg Foster,0,1422,1456,21,99,Shah Ali,0,1615,1574,32,11,2,1999-01-22,False
869,3,False,19676,Celia Dayrit Thompson,0,1430,1443,28,99,Shah Ali,0,1615,1574,32,2,2,1999-01-22,False
870,3,False,19676,Celia Dayrit Thompson,0,1430,1443,28,5244,Pat Cole,0,1512,1529,25,3,2,1999-01-22,False
871,3,False,19676,Celia Dayrit Thompson,0,1430,1443,28,5531,Carroll Smith,0,1593,1504,54,7,2,1999-01-22,False
872,3,False,19676,Celia Dayrit Thompson,0,1430,1443,28,5308,James W Flomo,0,1328,1354,45,8,2,1999-01-22,False
873,3,False,19676,Celia Dayrit Thompson,0,1430,1443,28,3433,Sheldon Silverstein,0,1433,1456,38,9,2,1999-01-22,False
874,3,False,19676,Celia Dayrit Thompson,0,1430,1443,28,4269,Evelyn Lambert,0,1365,1384,48,10,2,1999-01-22,False
875,3,False,634,Irene Zeleniuk,0,1056,1065,29,209,Marilyn Hake,0,991,985,44,2,3,1999-01-22,False
876,3,False,634,Irene Zeleniuk,0,1056,1065,29,4454,John Carassai,0,956,986,39,4,3,1999-01-22,False
877,3,False,634,Irene Zeleniuk,0,1056,1065,29,162,Betty C McDaniel,0,1230,1192,16,6,3,1999-01-22,False
878,3,False,634,Irene Zeleniuk,0,1056,1065,29,5135,Barbara Staudt,0,1089,1092,23,7,3,1999-01-22,False
879,3,False,634,Irene Zeleniuk,0,1056,1065,29,1499,Claudia Scheda,0,1073,1058,40,9,3,1999-01-22,False
880,3,False,634,Irene Zeleniuk,0,1056,1065,29,138,Donald Hake,0,1059,1071,28,11,3,1999-01-22,False
881,3,False,635,Ellen Massey,0,1156,1136,21,5381,Emily Herczeg,0,1055,1113,10,1,3,1999-01-22,False
882,3,False,635,Ellen Massey,0,1156,1136,21,184,Ida Ann Shapiro,0,989,930,48,4,3,1999-01-22,False
883,3,False,635,Ellen Massey,0,1156,1136,21,2011,Annette Zeff,0,1045,1052,31,8,3,1999-01-22,False
884,3,False,635,Ellen Massey,0,1156,1136,21,1503,Alan Grossman,0,1047,1040,38,9,3,1999-01-22,False
885,3,False,635,Ellen Massey,0,1156,1136,21,2011,Annette Zeff,0,1045,1052,31,11,3,1999-01-22,False
886,3,False,635,Ellen Massey,0,1156,1136,21,132,Muriel Sparrow Reedy,0,1214,1162,33,12,3,1999-01-22,False
887,3,False,661,Dorothy Siegel,0,793,773,35,215,Irma Roberts,0,767,762,26,4,4,1999-01-22,False
888,3,False,661,Dorothy Siegel,0,793,773,35,5902,Nancy Glover,0,0,554,48,5,4,1999-01-22,False
889,3,False,661,Dorothy Siegel,0,793,773,35,201,Walt Blackie Sudnikovich,0,614,627,43,6,4,1999-01-22,False
890,3,False,661,Dorothy Siegel,0,793,773,35,3720,Janice White,0,0,729,44,7,4,1999-01-22,False
891,3,True,661,Dorothy Siegel,0,793,773,35,214,Ruth McCandless,0,709,704,47,8,4,1999-01-22,False
892,3,False,661,Dorothy Siegel,0,793,773,35,214,Ruth McCandless,0,709,704,47,11,4,1999-01-22,False
893,3,False,858,David Moersdorf,0,1659,1632,39,242,Verna Richards Berg,0,1740,1770,12,1,1,1999-01-22,False
894,3,False,858,David Moersdorf,0,1659,1632,39,2035,Bruce Adams,0,1708,1646,40,8,1,1999-01-22,False
895,3,False,858,David Moersdorf,0,1659,1632,39,2035,Bruce Adams,0,1708,1646,40,10,1,1999-01-22,False
896,3,False,871,Frank Schin,0,1143,1113,37,1503,Alan Grossman,0,1047,1040,38,2,3,1999-01-22,False
897,3,False,871,Frank Schin,0,1143,1113,37,4454,John Carassai,0,956,986,39,3,3,1999-01-22,False
898,3,False,871,Frank Schin,0,1143,1113,37,4033,Peter Braxton,0,1242,1143,36,5,3,1999-01-22,False
899,3,False,871,Frank Schin,0,1143,1113,37,3186,Stacia Camp,0,939,919,47,10,3,1999-01-22,False
900,3,False,871,Frank Schin,0,1143,1113,37,209,Marilyn Hake,0,991,985,44,12,3,1999-01-22,False
901,3,False,983,Anita Rackham,0,1533,1530,31,995,Vivienne Muhling,0,1308,1289,63,2,2,1999-01-22,False
902,3,False,983,Anita Rackham,0,1533,1530,31,118,Ted Mast,0,1429,1395,55,3,2,1999-01-22,False
903,3,False,983,Anita Rackham,0,1533,1530,31,1951,Steve Gawtry,0,1354,1447,26,4,2,1999-01-22,False
904,3,False,983,Anita Rackham,0,1533,1530,31,82,Sally Ricketts,0,1538,1508,43,6,2,1999-01-22,False
905,3,False,983,Anita Rackham,0,1533,1530,31,120,Marty Fialkow,0,1452,1480,35,9,2,1999-01-22,False
906,3,False,983,Anita Rackham,0,1533,1530,31,1280,Maurice Decanio,0,1621,1586,30,10,2,1999-01-22,False
907,3,False,995,Vivienne Muhling,0,1308,1289,63,5312,Jay Malarcher,0,1429,1338,64,4,2,1999-01-22,False
908,3,False,995,Vivienne Muhling,0,1308,1289,63,5890,Anita Shields,0,1416,1361,61,12,2,1999-01-22,False
909,3,False,1112,Mary Capalbi,0,1493,1550,10,5308,James W Flomo,0,1328,1354,45,1,2,1999-01-22,False
910,3,False,1112,Mary Capalbi,0,1493,1550,10,77,Thomas M Hall,0,1321,1350,47,2,2,1999-01-22,False
911,3,False,1112,Mary Capalbi,0,1493,1550,10,5531,Carroll Smith,0,1593,1504,54,3,2,1999-01-22,False
912,3,False,1112,Mary Capalbi,0,1493,1550,10,44,Paul Avrin,0,1735,1761,1,4,2,1999-01-22,False
913,3,False,1112,Mary Capalbi,0,1493,1550,10,4423,Victor Steinman,0,1558,1503,57,7,2,1999-01-22,False
914,3,False,1112,Mary Capalbi,0,1493,1550,10,615,Marie Puma,0,1361,1400,36,8,2,1999-01-22,False
915,3,False,1112,Mary Capalbi,0,1493,1550,10,83,Florence Spanfelner,0,1561,1567,22,10,2,1999-01-22,False
916,3,False,1112,Mary Capalbi,0,1493,1550,10,69,Judy Horn,0,1632,1627,20,11,2,1999-01-22,False
917,3,False,1280,Maurice Decanio,0,1621,1586,30,983,Anita Rackham,0,1533,1530,31,1,2,1999-01-22,False
918,3,False,1280,Maurice Decanio,0,1621,1586,30,118,Ted Mast,0,1429,1395,55,2,2,1999-01-22,False
919,3,False,1280,Maurice Decanio,0,1621,1586,30,995,Vivienne Muhling,0,1308,1289,63,3,2,1999-01-22,False
920,3,False,1280,Maurice Decanio,0,1621,1586,30,1773,Lois Giordano,0,1394,1404,51,6,2,1999-01-22,False
921,3,False,1280,Maurice Decanio,0,1621,1586,30,163,Bob Kilpatrick,0,1414,1442,37,7,2,1999-01-22,False
922,3,False,1280,Maurice Decanio,0,1621,1586,30,45,Diane Firstman,0,1538,1515,46,12,2,1999-01-22,False
923,3,False,1281,Mary A Lyons,0,1623,1599,14,87,Joan Kelly,0,1528,1451,59,1,2,1999-01-22,False
924,3,False,1281,Mary A Lyons,0,1623,1599,14,1995,Martha Bedford,0,1440,1446,27,2,2,1999-01-22,False
925,3,False,1281,Mary A Lyons,0,1623,1599,14,123,Jo Anne Cohen,0,1430,1520,6,4,2,1999-01-22,False
926,3,False,1281,Mary A Lyons,0,1623,1599,14,1112,Mary Capalbi,0,1493,1550,10,6,2,1999-01-22,False
927,3,False,1281,Mary A Lyons,0,1623,1599,14,2333,Hillary Goldberg,0,1500,1472,44,9,2,1999-01-22,False
928,3,False,1281,Mary A Lyons,0,1623,1599,14,569,Jay Strieb,0,1320,1363,29,10,2,1999-01-22,False
929,3,False,1281,Mary A Lyons,0,1623,1599,14,983,Anita Rackham,0,1533,1530,31,12,2,1999-01-22,False
930,3,False,1357,Nancy Hanley,0,1387,1424,16,110,Douglas Hoylman,0,1622,1638,11,3,2,1999-01-22,False
931,3,False,1357,Nancy Hanley,0,1387,1424,16,95,Glenn Filzer,0,1521,1478,41,5,2,1999-01-22,False
932,3,False,1357,Nancy Hanley,0,1387,1424,16,153,Dolly Silverstein,0,1373,1379,49,6,2,1999-01-22,False
933,3,False,1357,Nancy Hanley,0,1387,1424,16,1773,Lois Giordano,0,1394,1404,51,9,2,1999-01-22,False
934,3,False,1357,Nancy Hanley,0,1387,1424,16,4435,Jerry Mory,0,1255,1293,50,10,2,1999-01-22,False
935,3,False,1357,Nancy Hanley,0,1387,1424,16,45,Diane Firstman,0,1538,1515,46,11,2,1999-01-22,False
936,3,False,1357,Nancy Hanley,0,1387,1424,16,19676,Celia Dayrit Thompson,0,1430,1443,28,12,2,1999-01-22,False
937,3,False,1442,Lynda Woods Cleary,0,1050,1103,18,1495,John Kopp,0,1154,1165,15,1,3,1999-01-22,False
938,3,False,1442,Lynda Woods Cleary,0,1050,1103,18,124,Lisa Thomas,0,1197,1214,6,2,3,1999-01-22,False
939,3,False,1442,Lynda Woods Cleary,0,1050,1103,18,5151,Kerry Hamilton,0,960,950,43,3,3,1999-01-22,False
940,3,False,1442,Lynda Woods Cleary,0,1050,1103,18,1604,Sherrie Saint John,0,1203,1237,9,4,3,1999-01-22,False
941,3,False,1442,Lynda Woods Cleary,0,1050,1103,18,4433,Concepta Siembab,0,1201,1208,14,5,3,1999-01-22,False
942,3,False,1442,Lynda Woods Cleary,0,1050,1103,18,634,Irene Zeleniuk,0,1056,1065,29,10,3,1999-01-22,False
943,3,False,1442,Lynda Woods Cleary,0,1050,1103,18,156,Marjorie Milne,0,1188,1202,17,11,3,1999-01-22,False
944,3,False,1489,John Luebkemann,0,1978,1952,13,2627,Randy Hersom,0,1888,1869,16,1,1,1999-01-22,False
945,3,False,1489,John Luebkemann,0,1978,1952,13,88,Phil Polsky,0,1761,1753,27,5,1,1999-01-22,False
946,3,False,1489,John Luebkemann,0,1978,1952,13,68,David Abolafia,0,1677,1736,18,6,1,1999-01-22,False
947,3,False,1489,John Luebkemann,0,1978,1952,13,430,Avi Moss,0,1885,1847,26,8,1,1999-01-22,False
948,3,False,1489,John Luebkemann,0,1978,1952,13,68,David Abolafia,0,1677,1736,18,10,1,1999-01-22,False
949,3,False,1489,John Luebkemann,0,1978,1952,13,72,James Dodds,0,1728,1735,32,11,1,1999-01-22,False
950,3,False,1489,John Luebkemann,0,1978,1952,13,2629,Rich Baker,0,1933,1914,22,12,1,1999-01-22,False
951,3,False,1495,John Kopp,0,1154,1165,15,5151,Kerry Hamilton,0,960,950,43,2,3,1999-01-22,False
952,3,False,1495,John Kopp,0,1154,1165,15,124,Lisa Thomas,0,1197,1214,6,3,3,1999-01-22,False
953,3,False,1495,John Kopp,0,1154,1165,15,2700,Teri Peppe,0,1167,1156,20,5,3,1999-01-22,False
954,3,False,1495,John Kopp,0,1154,1165,15,2934,Rona Goldberg,0,1123,1127,26,6,3,1999-01-22,False
955,3,False,1495,John Kopp,0,1154,1165,15,2934,Rona Goldberg,0,1123,1127,26,9,3,1999-01-22,False
956,3,False,1495,John Kopp,0,1154,1165,15,138,Donald Hake,0,1059,1071,28,10,3,1999-01-22,False
957,3,False,1495,John Kopp,0,1154,1165,15,2981,Joan Gray,0,1128,1125,22,12,3,1999-01-22,False
958,3,False,1499,Claudia Scheda,0,1073,1058,40,5315,Paul Feser,0,995,978,42,3,3,1999-01-22,False
959,3,False,1499,Claudia Scheda,0,1073,1058,40,162,Betty C McDaniel,0,1230,1192,16,4,3,1999-01-22,False
960,3,False,1499,Claudia Scheda,0,1073,1058,40,634,Irene Zeleniuk,0,1056,1065,29,5,3,1999-01-22,False
961,3,False,1499,Claudia Scheda,0,1073,1058,40,209,Marilyn Hake,0,991,985,44,6,3,1999-01-22,False
962,3,False,1499,Claudia Scheda,0,1073,1058,40,186,Claire Pleczynski,0,955,952,45,12,3,1999-01-22,False
963,3,False,1503,Alan Grossman,0,1047,1040,38,2875,Eileen Willis,0,1105,1092,24,4,3,1999-01-22,False
964,3,False,1503,Alan Grossman,0,1047,1040,38,5151,Kerry Hamilton,0,960,950,43,5,3,1999-01-22,False
965,3,False,1503,Alan Grossman,0,1047,1040,38,162,Betty C McDaniel,0,1230,1192,16,7,3,1999-01-22,False
966,3,False,1503,Alan Grossman,0,1047,1040,38,3186,Stacia Camp,0,939,919,47,8,3,1999-01-22,False
967,3,False,1503,Alan Grossman,0,1047,1040,38,1499,Claudia Scheda,0,1073,1058,40,11,3,1999-01-22,False
968,3,False,1509,Wendell Smith,0,1032,1050,35,2934,Rona Goldberg,0,1123,1127,26,3,3,1999-01-22,False
969,3,False,1509,Wendell Smith,0,1032,1050,35,184,Ida Ann Shapiro,0,989,930,48,5,3,1999-01-22,False
970,3,False,1509,Wendell Smith,0,1032,1050,35,2011,Annette Zeff,0,1045,1052,31,7,3,1999-01-22,False
971,3,False,1509,Wendell Smith,0,1032,1050,35,871,Frank Schin,0,1143,1113,37,8,3,1999-01-22,False
972,3,False,1509,Wendell Smith,0,1032,1050,35,4033,Peter Braxton,0,1242,1143,36,10,3,1999-01-22,False
973,3,False,1522,Bob Godfrey,0,837,866,17,192,Denise Forys Wieche,0,639,666,41,2,4,1999-01-22,False
974,3,False,1522,Bob Godfrey,0,837,866,17,4448,William Pittinos,0,0,785,29,3,4,1999-01-22,False
975,3,False,1522,Bob Godfrey,0,837,866,17,2294,Virginia Wallis,0,900,874,20,4,4,1999-01-22,False
976,3,False,1522,Bob Godfrey,0,837,866,17,3198,Phil O'Donoghue,0,947,971,2,5,4,1999-01-22,False
977,3,False,1522,Bob Godfrey,0,837,866,17,603,Christine Economos,0,923,921,12,6,4,1999-01-22,False
978,3,False,1522,Bob Godfrey,0,837,866,17,2294,Virginia Wallis,0,900,874,20,8,4,1999-01-22,False
979,3,False,1522,Bob Godfrey,0,837,866,17,5440,Susan Patton,0,633,698,40,11,4,1999-01-22,False
980,3,False,1592,Edward Stewart,0,1190,1174,13,2981,Joan Gray,0,1128,1125,22,3,3,1999-01-22,False
981,3,False,1592,Edward Stewart,0,1190,1174,13,5315,Paul Feser,0,995,978,42,5,3,1999-01-22,False
982,3,False,1592,Edward Stewart,0,1190,1174,13,635,Ellen Massey,0,1156,1136,21,7,3,1999-01-22,False
983,3,False,1592,Edward Stewart,0,1190,1174,13,2655,Herb Lewis,0,1170,1152,27,8,3,1999-01-22,False
984,3,False,1592,Edward Stewart,0,1190,1174,13,4454,John Carassai,0,956,986,39,9,3,1999-01-22,False
985,3,False,1592,Edward Stewart,0,1190,1174,13,1619,Gwen Stewart,0,1175,1150,25,10,3,1999-01-22,False
986,3,False,1592,Edward Stewart,0,1190,1174,13,561,Mitchell Brook,0,1199,1201,12,11,3,1999-01-22,False
987,3,False,1604,Sherrie Saint John,0,1203,1237,9,3932,Victoria Moreines,0,981,962,41,1,3,1999-01-22,False
988,3,False,1604,Sherrie Saint John,0,1203,1237,9,635,Ellen Massey,0,1156,1136,21,2,3,1999-01-22,False
989,3,False,1604,Sherrie Saint John,0,1203,1237,9,5381,Emily Herczeg,0,1055,1113,10,3,3,1999-01-22,False
990,3,False,1604,Sherrie Saint John,0,1203,1237,9,4427,Nick Denezzo,0,1273,1294,1,5,3,1999-01-22,False
991,3,False,1604,Sherrie Saint John,0,1203,1237,9,206,Hilda Siegel,0,1182,1240,3,6,3,1999-01-22,False
992,3,False,1604,Sherrie Saint John,0,1203,1237,9,561,Mitchell Brook,0,1199,1201,12,7,3,1999-01-22,False
993,3,False,1604,Sherrie Saint John,0,1203,1237,9,2485,Varney Senii,0,1272,1278,4,8,3,1999-01-22,False
994,3,False,1604,Sherrie Saint John,0,1203,1237,9,5465,Emily Weidner,0,1317,1243,19,11,3,1999-01-22,False
995,3,False,1619,Gwen Stewart,0,1175,1150,25,5135,Barbara Staudt,0,1089,1092,23,2,3,1999-01-22,False
996,3,False,1619,Gwen Stewart,0,1175,1150,25,5381,Emily Herczeg,0,1055,1113,10,5,3,1999-01-22,False
997,3,False,1619,Gwen Stewart,0,1175,1150,25,329,Emma Lewarenko,0,1000,1013,34,7,3,1999-01-22,False
998,3,False,1619,Gwen Stewart,0,1175,1150,25,5135,Barbara Staudt,0,1089,1092,23,8,3,1999-01-22,False
999,3,False,1619,Gwen Stewart,0,1175,1150,25,1509,Wendell Smith,0,1032,1050,35,9,3,1999-01-22,False
1000,3,False,1619,Gwen Stewart,0,1175,1150,25,132,Muriel Sparrow Reedy,0,1214,1162,33,11,3,1999-01-22,False
1001,3,False,1773,Lois Giordano,0,1394,1404,51,4351,Edward Coker,0,1448,1452,40,1,2,1999-01-22,False
1002,3,False,1773,Lois Giordano,0,1394,1404,51,69,Judy Horn,0,1632,1627,20,2,2,1999-01-22,False
1003,3,False,1773,Lois Giordano,0,1394,1404,51,82,Sally Ricketts,0,1538,1508,43,3,2,1999-01-22,False
1004,3,False,1773,Lois Giordano,0,1394,1404,51,5890,Anita Shields,0,1416,1361,61,10,2,1999-01-22,False
1005,3,False,1773,Lois Giordano,0,1394,1404,51,4435,Jerry Mory,0,1255,1293,50,11,2,1999-01-22,False
1006,3,False,1782,Gloria Chazin,0,901,892,16,5903,Janet Hamilton,0,857,793,49,1,4,1999-01-22,False
1007,3,False,1782,Gloria Chazin,0,901,892,16,5906,Susan Cottle,0,0,580,53,2,4,1999-01-22,False
1008,3,False,1782,Gloria Chazin,0,901,892,16,3732,Letitia Dyson,0,668,709,22,5,4,1999-01-22,False
1009,3,False,1782,Gloria Chazin,0,901,892,16,4438,Hennie Berdinis,0,837,912,8,6,4,1999-01-22,False
1010,3,False,1782,Gloria Chazin,0,901,892,16,131,Margo Kuno,0,726,740,37,8,4,1999-01-22,False
1011,3,False,1782,Gloria Chazin,0,901,892,16,2024,Margaret Olson,0,952,899,31,10,4,1999-01-22,False
1012,3,False,1782,Gloria Chazin,0,901,892,16,2294,Virginia Wallis,0,900,874,20,11,4,1999-01-22,False
1013,3,False,1847,Ian Weinstein,0,1930,1925,11,32,Larry Sherman,0,1883,1862,21,1,1,1999-01-22,False
1014,3,False,1847,Ian Weinstein,0,1930,1925,11,1998,Richard Buck,0,1808,1758,36,2,1,1999-01-22,False
1015,3,False,1847,Ian Weinstein,0,1930,1925,11,2035,Bruce Adams,0,1708,1646,40,3,1,1999-01-22,False
1016,3,False,1847,Ian Weinstein,0,1930,1925,11,49,Arnie Horowitz,0,1829,1828,23,6,1,1999-01-22,False
1017,3,False,1847,Ian Weinstein,0,1930,1925,11,54,Rose Kreiswirth,0,1765,1827,5,7,1,1999-01-22,False
1018,3,False,1847,Ian Weinstein,0,1930,1925,11,47,Joe Weinike,0,1909,1920,9,8,1,1999-01-22,False
1019,3,False,1847,Ian Weinstein,0,1930,1925,11,1949,Barry Keith,0,1849,1867,10,10,1,1999-01-22,False
1020,3,False,1949,Barry Keith,0,1849,1867,10,560,Marlon Hill,0,1891,1873,17,1,1,1999-01-22,False
1021,3,False,1949,Barry Keith,0,1849,1867,10,858,David Moersdorf,0,1659,1632,39,2,1,1999-01-22,False
1022,3,False,1949,Barry Keith,0,1849,1867,10,242,Verna Richards Berg,0,1740,1770,12,3,1,1999-01-22,False
1023,3,False,1949,Barry Keith,0,1849,1867,10,1847,Ian Weinstein,0,1930,1925,11,5,1,1999-01-22,False
1024,3,False,1949,Barry Keith,0,1849,1867,10,47,Joe Weinike,0,1909,1920,9,6,1,1999-01-22,False
1025,3,False,1949,Barry Keith,0,1849,1867,10,2316,Sammy Okosagah,0,1891,1940,2,8,1,1999-01-22,False
1026,3,False,1949,Barry Keith,0,1849,1867,10,3706,Martin Smith,0,1762,1775,20,12,1,1999-01-22,False
1027,3,False,1951,Steve Gawtry,0,1354,1447,26,5312,Jay Malarcher,0,1429,1338,64,1,2,1999-01-22,False
1028,3,False,1951,Steve Gawtry,0,1354,1447,26,4260,Shirley Fliesser,0,1599,1594,15,2,2,1999-01-22,False
1029,3,False,1951,Steve Gawtry,0,1354,1447,26,77,Thomas M Hall,0,1321,1350,47,6,2,1999-01-22,False
1030,3,False,1951,Steve Gawtry,0,1354,1447,26,79,Sarah Rosenblum,0,1461,1487,23,7,2,1999-01-22,False
1031,3,False,1951,Steve Gawtry,0,1354,1447,26,1281,Mary A Lyons,0,1623,1599,14,8,2,1999-01-22,False
1032,3,False,1951,Steve Gawtry,0,1354,1447,26,95,Glenn Filzer,0,1521,1478,41,12,2,1999-01-22,False
1033,3,False,1957,Pat Brown,0,1416,1400,56,97,Betty Burton,0,1482,1478,33,1,2,1999-01-22,False
1034,3,False,1957,Pat Brown,0,1416,1400,56,108,George Spanfelner,0,1538,1465,60,8,2,1999-01-22,False
1035,3,False,1957,Pat Brown,0,1416,1400,56,118,Ted Mast,0,1429,1395,55,9,2,1999-01-22,False
1036,3,False,1957,Pat Brown,0,1416,1400,56,4428,Jean Lithgow,0,1421,1385,58,12,2,1999-01-22,False
1037,3,False,1995,Martha Bedford,0,1440,1446,27,615,Marie Puma,0,1361,1400,36,1,2,1999-01-22,False
1038,3,False,1995,Martha Bedford,0,1440,1446,27,1357,Nancy Hanley,0,1387,1424,16,4,2,1999-01-22,False
1039,3,False,1995,Martha Bedford,0,1440,1446,27,569,Jay Strieb,0,1320,1363,29,6,2,1999-01-22,False
1040,3,False,1995,Martha Bedford,0,1440,1446,27,4428,Jean Lithgow,0,1421,1385,58,10,2,1999-01-22,False
1041,3,False,1995,Martha Bedford,0,1440,1446,27,3931,Vince Anzalone,0,1412,1407,53,11,2,1999-01-22,False
1042,3,False,1995,Martha Bedford,0,1440,1446,27,116,Ann Raymond,0,1562,1510,42,12,2,1999-01-22,False
1043,3,False,1998,Richard Buck,0,1808,1758,36,2035,Bruce Adams,0,1708,1646,40,1,1,1999-01-22,False
1044,3,False,1998,Richard Buck,0,1808,1758,36,858,David Moersdorf,0,1659,1632,39,4,1,1999-01-22,False
1045,3,False,1998,Richard Buck,0,1808,1758,36,114,Diana Grosman,0,1697,1706,31,6,1,1999-01-22,False
1046,3,False,1998,Richard Buck,0,1808,1758,36,3416,Jill Pfeiffer,0,1709,1748,24,7,1,1999-01-22,False
1047,3,False,2011,Annette Zeff,0,1045,1052,31,4795,Lynn Gillespie,0,1129,1184,2,2,3,1999-01-22,False
1048,3,False,2011,Annette Zeff,0,1045,1052,31,561,Mitchell Brook,0,1199,1201,12,3,3,1999-01-22,False
1049,3,False,2011,Annette Zeff,0,1045,1052,31,3186,Stacia Camp,0,939,919,47,9,3,1999-01-22,False
1050,3,False,2011,Annette Zeff,0,1045,1052,31,151,Doreen Lucas,0,1030,1049,30,10,3,1999-01-22,False
1051,3,False,2011,Annette Zeff,0,1045,1052,31,3932,Victoria Moreines,0,981,962,41,12,3,1999-01-22,False
1052,3,False,2024,Margaret Olson,0,952,899,31,4541,Betty Kirklin,0,0,505,55,2,4,1999-01-22,False
1053,3,False,2024,Margaret Olson,0,952,899,31,3732,Letitia Dyson,0,668,709,22,3,4,1999-01-22,False
1054,3,False,2024,Margaret Olson,0,952,899,31,5725,Evi Pike,0,862,841,30,6,4,1999-01-22,False
1055,3,False,2024,Margaret Olson,0,952,899,31,4448,William Pittinos,0,0,785,29,7,4,1999-01-22,False
1056,3,False,2024,Margaret Olson,0,952,899,31,131,Margo Kuno,0,726,740,37,9,4,1999-01-22,False
1057,3,False,2024,Margaret Olson,0,952,899,31,5725,Evi Pike,0,862,841,30,11,4,1999-01-22,False
1058,3,False,2035,Bruce Adams,0,1708,1646,40,3706,Martin Smith,0,1762,1775,20,4,1,1999-01-22,False
1059,3,False,2063,Marjorie Bash,0,909,886,27,215,Irma Roberts,0,767,762,26,1,4,1999-01-22,False
1060,3,False,2063,Marjorie Bash,0,909,886,27,3726,Barbara Batson,0,0,500,57,3,4,1999-01-22,False
1061,3,False,2063,Marjorie Bash,0,909,886,27,5893,Martha Pierce,0,929,897,18,6,4,1999-01-22,False
1062,3,False,2063,Marjorie Bash,0,909,886,27,1354,Ronnie Thomas,0,0,841,25,8,4,1999-01-22,False
1063,3,False,2063,Marjorie Bash,0,909,886,27,4448,William Pittinos,0,0,785,29,9,4,1999-01-22,False
1064,3,False,2063,Marjorie Bash,0,909,886,27,1354,Ronnie Thomas,0,0,841,25,11,4,1999-01-22,False
1065,3,False,2294,Virginia Wallis,0,900,874,20,5905,Irvin Booker,0,0,553,51,2,4,1999-01-22,False
1066,3,False,2294,Virginia Wallis,0,900,874,20,5894,Betty Goldin,0,0,816,21,3,4,1999-01-22,False
1067,3,False,2294,Virginia Wallis,0,900,874,20,4805,Avis Casely,0,523,553,52,5,4,1999-01-22,False
1068,3,False,2294,Virginia Wallis,0,900,874,20,5897,Stevie Wells,0,680,728,28,6,4,1999-01-22,False
1069,3,False,2294,Virginia Wallis,0,900,874,20,1782,Gloria Chazin,0,901,892,16,7,4,1999-01-22,False
1070,3,False,2294,Virginia Wallis,0,900,874,20,5440,Susan Patton,0,633,698,40,9,4,1999-01-22,False
1071,3,False,2294,Virginia Wallis,0,900,874,20,5440,Susan Patton,0,633,698,40,12,4,1999-01-22,False
1072,3,False,2316,Sammy Okosagah,0,1891,1940,2,115,Vicki Kahn,0,1745,1721,38,2,1,1999-01-22,False
1073,3,False,2316,Sammy Okosagah,0,1891,1940,2,299,Steve Polatnick,0,1887,1914,3,4,1,1999-01-22,False
1074,3,False,2316,Sammy Okosagah,0,1891,1940,2,560,Marlon Hill,0,1891,1873,17,5,1,1999-01-22,False
1075,3,False,2316,Sammy Okosagah,0,1891,1940,2,580,Lynn Cushman,0,1878,1863,19,6,1,1999-01-22,False
1076,3,False,2316,Sammy Okosagah,0,1891,1940,2,3189,Gordon Shapiro,0,1865,1872,14,7,1,1999-01-22,False
1077,3,False,2316,Sammy Okosagah,0,1891,1940,2,2629,Rich Baker,0,1933,1914,22,9,1,1999-01-22,False
1078,3,False,2316,Sammy Okosagah,0,1891,1940,2,587,Randy Greenspan,0,1927,1947,6,10,1,1999-01-22,False
1079,3,False,2316,Sammy Okosagah,0,1891,1940,2,47,Joe Weinike,0,1909,1920,9,11,1,1999-01-22,False
1080,3,False,2316,Sammy Okosagah,0,1891,1940,2,37,Ron Tiekert,0,2016,2034,1,12,1,1999-01-22,False
1081,3,False,2333,Hillary Goldberg,0,1500,1472,44,1951,Steve Gawtry,0,1354,1447,26,3,2,1999-01-22,False
1082,3,False,2333,Hillary Goldberg,0,1500,1472,44,87,Joan Kelly,0,1528,1451,59,5,2,1999-01-22,False
1083,3,False,2333,Hillary Goldberg,0,1500,1472,44,4428,Jean Lithgow,0,1421,1385,58,6,2,1999-01-22,False
1084,3,False,2333,Hillary Goldberg,0,1500,1472,44,1357,Nancy Hanley,0,1387,1424,16,7,2,1999-01-22,False
1085,3,False,2333,Hillary Goldberg,0,1500,1472,44,118,Ted Mast,0,1429,1395,55,11,2,1999-01-22,False
1086,3,False,2378,Joe Neff,0,813,1050,1,2942,Sheila Greenspan,0,927,864,36,1,4,1999-01-22,False
1087,3,False,2378,Joe Neff,0,813,1050,1,201,Walt Blackie Sudnikovich,0,614,627,43,2,4,1999-01-22,False
1088,3,False,2378,Joe Neff,0,813,1050,1,5909,Ryan Pollard,0,0,500,60,3,4,1999-01-22,False
1089,3,False,2378,Joe Neff,0,813,1050,1,5440,Susan Patton,0,633,698,40,4,4,1999-01-22,False
1090,3,False,2378,Joe Neff,0,813,1050,1,4452,Spencer Camishion,0,0,834,38,6,4,1999-01-22,False
1091,3,False,2378,Joe Neff,0,813,1050,1,5907,Laura Lou Seefeldt,0,0,562,56,7,4,1999-01-22,False
1092,3,False,2378,Joe Neff,0,813,1050,1,5892,Patricia Williams,0,0,978,4,8,4,1999-01-22,False
1093,3,False,2378,Joe Neff,0,813,1050,1,4434,John Zeller,0,0,965,5,9,4,1999-01-22,False
1094,3,False,2378,Joe Neff,0,813,1050,1,3198,Phil O'Donoghue,0,947,971,2,10,4,1999-01-22,False
1095,3,False,2378,Joe Neff,0,813,1050,1,145,Mary McWilliams,0,843,895,7,11,4,1999-01-22,False
1096,3,False,2378,Joe Neff,0,813,1050,1,5892,Patricia Williams,0,0,978,4,12,4,1999-01-22,False
1097,3,False,2485,Varney Senii,0,1272,1278,4,440,John Dalton,0,1071,1125,7,1,3,1999-01-22,False
1098,3,False,2485,Varney Senii,0,1272,1278,4,24800,Flo Schneier,0,1022,971,46,3,3,1999-01-22,False
1099,3,False,2485,Varney Senii,0,1272,1278,4,4033,Peter Braxton,0,1242,1143,36,4,3,1999-01-22,False
1100,3,False,2485,Varney Senii,0,1272,1278,4,25312,Dianne Socha Kaplan,0,1281,1279,8,5,3,1999-01-22,False
1101,3,False,2485,Varney Senii,0,1272,1278,4,1442,Lynda Woods Cleary,0,1050,1103,18,6,3,1999-01-22,False
1102,3,False,2485,Varney Senii,0,1272,1278,4,4433,Concepta Siembab,0,1201,1208,14,7,3,1999-01-22,False
1103,3,False,2485,Varney Senii,0,1272,1278,4,3930,Phyllis Clare,0,1161,1174,11,11,3,1999-01-22,False
1104,3,False,2485,Varney Senii,0,1272,1278,4,1604,Sherrie Saint John,0,1203,1237,9,12,3,1999-01-22,False
1105,3,False,2599,Rose Noel,0,1449,1415,52,108,George Spanfelner,0,1538,1465,60,2,2,1999-01-22,False
1106,3,False,2599,Rose Noel,0,1449,1415,52,4435,Jerry Mory,0,1255,1293,50,6,2,1999-01-22,False
1107,3,False,2599,Rose Noel,0,1449,1415,52,5890,Anita Shields,0,1416,1361,61,9,2,1999-01-22,False
1108,3,False,2599,Rose Noel,0,1449,1415,52,1957,Pat Brown,0,1416,1400,56,11,2,1999-01-22,False
1109,3,False,2627,Randy Hersom,0,1888,1869,16,85,Tom Kelly,0,1653,1693,29,2,1,1999-01-22,False
1110,3,False,2627,Randy Hersom,0,1888,1869,16,58,Sal Piro,0,1845,1823,33,3,1,1999-01-22,False
1111,3,False,2627,Randy Hersom,0,1888,1869,16,48,Rick Julian,0,1822,1792,37,5,1,1999-01-22,False
1112,3,False,2627,Randy Hersom,0,1888,1869,16,51,Webster Phillips,0,1850,1849,25,7,1,1999-01-22,False
1113,3,False,2627,Randy Hersom,0,1888,1869,16,58,Sal Piro,0,1845,1823,33,11,1,1999-01-22,False
1114,3,False,2627,Randy Hersom,0,1888,1869,16,85,Tom Kelly,0,1653,1693,29,12,1,1999-01-22,False
1115,3,False,2629,Rich Baker,0,1933,1914,22,430,Avi Moss,0,1885,1847,26,1,1,1999-01-22,False
1116,3,False,2629,Rich Baker,0,1933,1914,22,3416,Jill Pfeiffer,0,1709,1748,24,2,1,1999-01-22,False
1117,3,False,2629,Rich Baker,0,1933,1914,22,59,Marjorie Schoneboom,0,1836,1819,30,3,1,1999-01-22,False
1118,3,False,2629,Rich Baker,0,1933,1914,22,48,Rick Julian,0,1822,1792,37,4,1,1999-01-22,False
1119,3,False,2629,Rich Baker,0,1933,1914,22,49,Arnie Horowitz,0,1829,1828,23,5,1,1999-01-22,False
1120,3,False,2629,Rich Baker,0,1933,1914,22,85,Tom Kelly,0,1653,1693,29,10,1,1999-01-22,False
1121,3,False,2655,Herb Lewis,0,1170,1152,27,1499,Claudia Scheda,0,1073,1058,40,2,3,1999-01-22,False
1122,3,False,2655,Herb Lewis,0,1170,1152,27,4033,Peter Braxton,0,1242,1143,36,3,3,1999-01-22,False
1123,3,False,2655,Herb Lewis,0,1170,1152,27,2981,Joan Gray,0,1128,1125,22,5,3,1999-01-22,False
1124,3,False,2655,Herb Lewis,0,1170,1152,27,209,Marilyn Hake,0,991,985,44,9,3,1999-01-22,False
1125,3,False,2655,Herb Lewis,0,1170,1152,27,5135,Barbara Staudt,0,1089,1092,23,10,3,1999-01-22,False
1126,3,False,2655,Herb Lewis,0,1170,1152,27,4033,Peter Braxton,0,1242,1143,36,12,3,1999-01-22,False
1127,3,False,2700,Teri Peppe,0,1167,1156,20,162,Betty C McDaniel,0,1230,1192,16,1,3,1999-01-22,False
1128,3,False,2700,Teri Peppe,0,1167,1156,20,184,Ida Ann Shapiro,0,989,930,48,3,3,1999-01-22,False
1129,3,False,2700,Teri Peppe,0,1167,1156,20,1509,Wendell Smith,0,1032,1050,35,6,3,1999-01-22,False
1130,3,False,2700,Teri Peppe,0,1167,1156,20,4033,Peter Braxton,0,1242,1143,36,7,3,1999-01-22,False
1131,3,False,2700,Teri Peppe,0,1167,1156,20,5891,James Totin,0,1043,1053,32,8,3,1999-01-22,False
1132,3,False,2700,Teri Peppe,0,1167,1156,20,1509,Wendell Smith,0,1032,1050,35,11,3,1999-01-22,False
1133,3,False,2875,Eileen Willis,0,1105,1092,24,24800,Flo Schneier,0,1022,971,46,5,3,1999-01-22,False
1134,3,False,2875,Eileen Willis,0,1105,1092,24,3932,Victoria Moreines,0,981,962,41,6,3,1999-01-22,False
1135,3,False,2875,Eileen Willis,0,1105,1092,24,184,Ida Ann Shapiro,0,989,930,48,9,3,1999-01-22,False
1136,3,False,2875,Eileen Willis,0,1105,1092,24,5151,Kerry Hamilton,0,960,950,43,10,3,1999-01-22,False
1137,3,False,2875,Eileen Willis,0,1105,1092,24,871,Frank Schin,0,1143,1113,37,11,3,1999-01-22,False
1138,3,False,2875,Eileen Willis,0,1105,1092,24,4454,John Carassai,0,956,986,39,12,3,1999-01-22,False
1139,3,True,2912,Jim Piazza,0,1466,1455,39,5890,Anita Shields,0,1416,1361,61,1,2,1999-01-22,False
1140,3,False,2912,Jim Piazza,0,1466,1455,39,116,Ann Raymond,0,1562,1510,42,2,2,1999-01-22,False
1141,3,False,2912,Jim Piazza,0,1466,1455,39,4435,Jerry Mory,0,1255,1293,50,5,2,1999-01-22,False
1142,3,False,2912,Jim Piazza,0,1466,1455,39,5890,Anita Shields,0,1416,1361,61,8,2,1999-01-22,False
1143,3,False,2912,Jim Piazza,0,1466,1455,39,95,Glenn Filzer,0,1521,1478,41,9,2,1999-01-22,False
1144,3,False,2912,Jim Piazza,0,1466,1455,39,2599,Rose Noel,0,1449,1415,52,12,2,1999-01-22,False
1145,3,False,2931,Josh Silber,0,1875,1903,7,581,Joanne Cohen,0,1792,1754,34,3,1,1999-01-22,False
1146,3,False,2931,Josh Silber,0,1875,1903,7,1489,John Luebkemann,0,1978,1952,13,4,1,1999-01-22,False
1147,3,False,2931,Josh Silber,0,1875,1903,7,3416,Jill Pfeiffer,0,1709,1748,24,5,1,1999-01-22,False
1148,3,False,2931,Josh Silber,0,1875,1903,7,430,Avi Moss,0,1885,1847,26,7,1,1999-01-22,False
1149,3,False,2931,Josh Silber,0,1875,1903,7,48,Rick Julian,0,1822,1792,37,8,1,1999-01-22,False
1150,3,False,2931,Josh Silber,0,1875,1903,7,3189,Gordon Shapiro,0,1865,1872,14,9,1,1999-01-22,False
1151,3,False,2931,Josh Silber,0,1875,1903,7,56,Lloyd Mills,0,1927,1931,4,10,1,1999-01-22,False
1152,3,False,2931,Josh Silber,0,1875,1903,7,1847,Ian Weinstein,0,1930,1925,11,11,1,1999-01-22,False
1153,3,False,2932,Milton Villanueva,0,1643,1623,19,3931,Vince Anzalone,0,1412,1407,53,2,2,1999-01-22,False
1154,3,False,2932,Milton Villanueva,0,1643,1623,19,120,Marty Fialkow,0,1452,1480,35,3,2,1999-01-22,False
1155,3,False,2932,Milton Villanueva,0,1643,1623,19,19676,Celia Dayrit Thompson,0,1430,1443,28,5,2,1999-01-22,False
1156,3,False,2932,Milton Villanueva,0,1643,1623,19,3433,Sheldon Silverstein,0,1433,1456,38,6,2,1999-01-22,False
1157,3,False,2932,Milton Villanueva,0,1643,1623,19,983,Anita Rackham,0,1533,1530,31,8,2,1999-01-22,False
1158,3,False,2932,Milton Villanueva,0,1643,1623,19,99,Shah Ali,0,1615,1574,32,9,2,1999-01-22,False
1159,3,False,2932,Milton Villanueva,0,1643,1623,19,4351,Edward Coker,0,1448,1452,40,12,2,1999-01-22,False
1160,3,False,2934,Rona Goldberg,0,1123,1127,26,156,Marjorie Milne,0,1188,1202,17,1,3,1999-01-22,False
1161,3,False,2934,Rona Goldberg,0,1123,1127,26,5135,Barbara Staudt,0,1089,1092,23,4,3,1999-01-22,False
1162,3,False,2934,Rona Goldberg,0,1123,1127,26,3186,Stacia Camp,0,939,919,47,5,3,1999-01-22,False
1163,3,False,2934,Rona Goldberg,0,1123,1127,26,2655,Herb Lewis,0,1170,1152,27,7,3,1999-01-22,False
1164,3,False,2934,Rona Goldberg,0,1123,1127,26,329,Emma Lewarenko,0,1000,1013,34,10,3,1999-01-22,False
1165,3,False,2934,Rona Goldberg,0,1123,1127,26,2655,Herb Lewis,0,1170,1152,27,11,3,1999-01-22,False
1166,3,False,2942,Sheila Greenspan,0,927,864,36,5909,Ryan Pollard,0,0,500,60,2,4,1999-01-22,False
1167,3,False,2942,Sheila Greenspan,0,927,864,36,5898,Bill Woodford,0,815,784,33,4,4,1999-01-22,False
1168,3,False,2942,Sheila Greenspan,0,927,864,36,4458,Jametta Garnett,0,695,697,34,6,4,1999-01-22,False
1169,3,False,2942,Sheila Greenspan,0,927,864,36,2063,Marjorie Bash,0,909,886,27,7,4,1999-01-22,False
1170,3,False,2942,Sheila Greenspan,0,927,864,36,5903,Janet Hamilton,0,857,793,49,11,4,1999-01-22,False
1171,3,False,2981,Joan Gray,0,1128,1125,22,5891,James Totin,0,1043,1053,32,1,3,1999-01-22,False
1172,3,False,2981,Joan Gray,0,1128,1125,22,3186,Stacia Camp,0,939,919,47,2,3,1999-01-22,False
1173,3,False,2981,Joan Gray,0,1128,1125,22,635,Ellen Massey,0,1156,1136,21,6,3,1999-01-22,False
1174,3,False,2981,Joan Gray,0,1128,1125,22,186,Claire Pleczynski,0,955,952,45,7,3,1999-01-22,False
1175,3,False,2981,Joan Gray,0,1128,1125,22,5891,James Totin,0,1043,1053,32,9,3,1999-01-22,False
1176,3,False,2981,Joan Gray,0,1128,1125,22,132,Muriel Sparrow Reedy,0,1214,1162,33,10,3,1999-01-22,False
1177,3,False,3056,Charles Merlis,0,1674,1639,13,83,Florence Spanfelner,0,1561,1567,22,1,2,1999-01-22,False
1178,3,False,3056,Charles Merlis,0,1674,1639,13,79,Sarah Rosenblum,0,1461,1487,23,3,2,1999-01-22,False
1179,3,False,3056,Charles Merlis,0,1674,1639,13,1773,Lois Giordano,0,1394,1404,51,4,2,1999-01-22,False
1180,3,False,3056,Charles Merlis,0,1674,1639,13,1112,Mary Capalbi,0,1493,1550,10,5,2,1999-01-22,False
1181,3,False,3056,Charles Merlis,0,1674,1639,13,615,Marie Puma,0,1361,1400,36,9,2,1999-01-22,False
1182,3,False,3056,Charles Merlis,0,1674,1639,13,3371,Wendy Littman,0,1490,1540,18,10,2,1999-01-22,False
1183,3,False,3056,Charles Merlis,0,1674,1639,13,5244,Pat Cole,0,1512,1529,25,12,2,1999-01-22,False
1184,3,False,3057,Jane Clark,0,1125,1251,5,2875,Eileen Willis,0,1105,1092,24,2,3,1999-01-22,False
1185,3,False,3057,Jane Clark,0,1125,1251,5,151,Doreen Lucas,0,1030,1049,30,3,3,1999-01-22,False
1186,3,False,3057,Jane Clark,0,1125,1251,5,2700,Teri Peppe,0,1167,1156,20,4,3,1999-01-22,False
1187,3,False,3057,Jane Clark,0,1125,1251,5,156,Marjorie Milne,0,1188,1202,17,5,3,1999-01-22,False
1188,3,False,3057,Jane Clark,0,1125,1251,5,1442,Lynda Woods Cleary,0,1050,1103,18,7,3,1999-01-22,False
1189,3,False,3057,Jane Clark,0,1125,1251,5,2485,Varney Senii,0,1272,1278,4,9,3,1999-01-22,False
1190,3,False,3057,Jane Clark,0,1125,1251,5,2485,Varney Senii,0,1272,1278,4,10,3,1999-01-22,False
1191,3,False,3057,Jane Clark,0,1125,1251,5,1592,Edward Stewart,0,1190,1174,13,12,3,1999-01-22,False
1192,3,False,3186,Stacia Camp,0,939,919,47,1592,Edward Stewart,0,1190,1174,13,1,3,1999-01-22,False
1193,3,False,3186,Stacia Camp,0,939,919,47,3932,Victoria Moreines,0,981,962,41,4,3,1999-01-22,False
1194,3,False,3186,Stacia Camp,0,939,919,47,329,Emma Lewarenko,0,1000,1013,34,6,3,1999-01-22,False
1195,3,False,3189,Gordon Shapiro,0,1865,1872,14,3706,Martin Smith,0,1762,1775,20,2,1,1999-01-22,False
1196,3,False,3189,Gordon Shapiro,0,1865,1872,14,105,Dee Jackson,0,1685,1704,28,3,1,1999-01-22,False
1197,3,False,3189,Gordon Shapiro,0,1865,1872,14,32,Larry Sherman,0,1883,1862,21,5,1,1999-01-22,False
1198,3,False,3189,Gordon Shapiro,0,1865,1872,14,66,Joel Horn,0,1704,1773,15,6,1,1999-01-22,False
1199,3,False,3189,Gordon Shapiro,0,1865,1872,14,51,Webster Phillips,0,1850,1849,25,8,1,1999-01-22,False
1200,3,False,3189,Gordon Shapiro,0,1865,1872,14,66,Joel Horn,0,1704,1773,15,10,1,1999-01-22,False
1201,3,False,3189,Gordon Shapiro,0,1865,1872,14,580,Lynn Cushman,0,1878,1863,19,11,1,1999-01-22,False
1202,3,False,3198,Phil O'Donoghue,0,947,971,2,4438,Hennie Berdinis,0,837,912,8,1,4,1999-01-22,False
1203,3,False,3198,Phil O'Donoghue,0,947,971,2,3710,Mitchell Peck,0,0,904,14,2,4,1999-01-22,False
1204,3,False,3198,Phil O'Donoghue,0,947,971,2,4805,Avis Casely,0,523,553,52,4,4,1999-01-22,False
1205,3,False,3198,Phil O'Donoghue,0,947,971,2,180,Deborah Avins,0,715,763,19,6,4,1999-01-22,False
1206,3,False,3198,Phil O'Donoghue,0,947,971,2,3710,Mitchell Peck,0,0,904,14,7,4,1999-01-22,False
1207,3,False,3198,Phil O'Donoghue,0,947,971,2,5440,Susan Patton,0,633,698,40,8,4,1999-01-22,False
1208,3,False,3198,Phil O'Donoghue,0,947,971,2,1522,Bob Godfrey,0,837,866,17,9,4,1999-01-22,False
1209,3,False,3198,Phil O'Donoghue,0,947,971,2,175,Elliott Schiff,0,714,841,15,11,4,1999-01-22,False
1210,3,False,3198,Phil O'Donoghue,0,947,971,2,145,Mary McWilliams,0,843,895,7,12,4,1999-01-22,False
1211,3,False,3371,Wendy Littman,0,1490,1540,18,4428,Jean Lithgow,0,1421,1385,58,1,2,1999-01-22,False
1212,3,False,3371,Wendy Littman,0,1490,1540,18,92,Mark Berg,0,1748,1757,3,2,2,1999-01-22,False
1213,3,False,3371,Wendy Littman,0,1490,1540,18,163,Bob Kilpatrick,0,1414,1442,37,4,2,1999-01-22,False
1214,3,False,3371,Wendy Littman,0,1490,1540,18,4423,Victor Steinman,0,1558,1503,57,6,2,1999-01-22,False
1215,3,False,3371,Wendy Littman,0,1490,1540,18,1281,Mary A Lyons,0,1623,1599,14,7,2,1999-01-22,False
1216,3,False,3371,Wendy Littman,0,1490,1540,18,5244,Pat Cole,0,1512,1529,25,8,2,1999-01-22,False
1217,3,False,3371,Wendy Littman,0,1490,1540,18,1281,Mary A Lyons,0,1623,1599,14,11,2,1999-01-22,False
1218,3,False,3416,Jill Pfeiffer,0,1709,1748,24,59,Marjorie Schoneboom,0,1836,1819,30,1,1,1999-01-22,False
1219,3,False,3416,Jill Pfeiffer,0,1709,1748,24,88,Phil Polsky,0,1761,1753,27,4,1,1999-01-22,False
1220,3,False,3416,Jill Pfeiffer,0,1709,1748,24,115,Vicki Kahn,0,1745,1721,38,6,1,1999-01-22,False
1221,3,False,3416,Jill Pfeiffer,0,1709,1748,24,114,Diana Grosman,0,1697,1706,31,8,1,1999-01-22,False
1222,3,False,3416,Jill Pfeiffer,0,1709,1748,24,48,Rick Julian,0,1822,1792,37,11,1,1999-01-22,False
1223,3,False,3416,Jill Pfeiffer,0,1709,1748,24,58,Sal Piro,0,1845,1823,33,12,1,1999-01-22,False
1224,3,False,3433,Sheldon Silverstein,0,1433,1456,38,1357,Nancy Hanley,0,1387,1424,16,1,2,1999-01-22,False
1225,3,False,3433,Sheldon Silverstein,0,1433,1456,38,612,Ellen Miller,0,1521,1569,8,3,2,1999-01-22,False
1226,3,False,3433,Sheldon Silverstein,0,1433,1456,38,45,Diane Firstman,0,1538,1515,46,5,2,1999-01-22,False
1227,3,False,3433,Sheldon Silverstein,0,1433,1456,38,103,David Engelhardt,0,1531,1533,17,8,2,1999-01-22,False
1228,3,False,3433,Sheldon Silverstein,0,1433,1456,38,163,Bob Kilpatrick,0,1414,1442,37,10,2,1999-01-22,False
1229,3,False,3433,Sheldon Silverstein,0,1433,1456,38,1773,Lois Giordano,0,1394,1404,51,12,2,1999-01-22,False
1230,3,False,3698,Dolores Furye,0,938,964,6,1522,Bob Godfrey,0,837,866,17,1,4,1999-01-22,False
1231,3,False,3698,Dolores Furye,0,938,964,6,4448,William Pittinos,0,0,785,29,2,4,1999-01-22,False
1232,3,False,3698,Dolores Furye,0,938,964,6,192,Denise Forys Wieche,0,639,666,41,3,4,1999-01-22,False
1233,3,False,3698,Dolores Furye,0,938,964,6,2063,Marjorie Bash,0,909,886,27,5,4,1999-01-22,False
1234,3,False,3698,Dolores Furye,0,938,964,6,603,Christine Economos,0,923,921,12,7,4,1999-01-22,False
1235,3,False,3698,Dolores Furye,0,938,964,6,5907,Laura Lou Seefeldt,0,0,562,56,8,4,1999-01-22,False
1236,3,False,3698,Dolores Furye,0,938,964,6,190,John Brown,0,0,955,11,9,4,1999-01-22,False
1237,3,False,3698,Dolores Furye,0,938,964,6,190,John Brown,0,0,955,11,11,4,1999-01-22,False
1238,3,False,3706,Martin Smith,0,1762,1775,20,72,James Dodds,0,1728,1735,32,5,1,1999-01-22,False
1239,3,False,3706,Martin Smith,0,1762,1775,20,58,Sal Piro,0,1845,1823,33,6,1,1999-01-22,False
1240,3,False,3706,Martin Smith,0,1762,1775,20,38,Matt Laufer,0,1916,1845,35,7,1,1999-01-22,False
1241,3,False,3706,Martin Smith,0,1762,1775,20,105,Dee Jackson,0,1685,1704,28,8,1,1999-01-22,False
1242,3,False,3706,Martin Smith,0,1762,1775,20,2627,Randy Hersom,0,1888,1869,16,10,1,1999-01-22,False
1243,3,False,3706,Martin Smith,0,1762,1775,20,85,Tom Kelly,0,1653,1693,29,11,1,1999-01-22,False
1244,3,False,3710,Mitchell Peck,0,0,904,14,5136,Debi Gavin,0,847,896,10,1,4,1999-01-22,False
1245,3,False,3710,Mitchell Peck,0,0,904,14,5900,Jacqueline Blyther,0,867,818,42,4,4,1999-01-22,False
1246,3,False,3710,Mitchell Peck,0,0,904,14,3720,Janice White,0,0,729,44,5,4,1999-01-22,False
1247,3,False,3710,Mitchell Peck,0,0,904,14,214,Ruth McCandless,0,709,704,47,6,4,1999-01-22,False
1248,3,False,3710,Mitchell Peck,0,0,904,14,2942,Sheila Greenspan,0,927,864,36,8,4,1999-01-22,False
1249,3,False,3710,Mitchell Peck,0,0,904,14,4438,Hennie Berdinis,0,837,912,8,9,4,1999-01-22,False
1250,3,False,3710,Mitchell Peck,0,0,904,14,2063,Marjorie Bash,0,909,886,27,12,4,1999-01-22,False
1251,3,False,3720,Janice White,0,0,729,44,5904,Robert Hicks,0,594,582,50,1,4,1999-01-22,False
1252,3,False,3720,Janice White,0,0,729,44,5901,Hope G Moreines,0,915,840,45,4,4,1999-01-22,False
1253,3,False,3720,Janice White,0,0,729,44,192,Denise Forys Wieche,0,639,666,41,6,4,1999-01-22,False
1254,3,False,3720,Janice White,0,0,729,44,4805,Avis Casely,0,523,553,52,9,4,1999-01-22,False
1255,3,False,3720,Janice White,0,0,729,44,5901,Hope G Moreines,0,915,840,45,10,4,1999-01-22,False
1256,3,False,3726,Barbara Batson,0,0,500,57,215,Irma Roberts,0,767,762,26,2,4,1999-01-22,False
1257,3,False,3726,Barbara Batson,0,0,500,57,5902,Nancy Glover,0,0,554,48,7,4,1999-01-22,False
1258,3,False,3726,Barbara Batson,0,0,500,57,5908,Josh Pollard,0,0,500,59,11,4,1999-01-22,False
1259,3,False,3732,Letitia Dyson,0,668,709,22,4541,Betty Kirklin,0,0,505,55,1,4,1999-01-22,False
1260,3,False,3732,Letitia Dyson,0,668,709,22,4538,Jaki Jackson,0,850,879,13,2,4,1999-01-22,False
1261,3,False,3732,Letitia Dyson,0,668,709,22,4805,Avis Casely,0,523,553,52,6,4,1999-01-22,False
1262,3,False,3732,Letitia Dyson,0,668,709,22,5906,Susan Cottle,0,0,580,53,9,4,1999-01-22,False
1263,3,False,3732,Letitia Dyson,0,668,709,22,5139,Susan Barker,0,517,534,54,10,4,1999-01-22,False
1264,3,False,3732,Letitia Dyson,0,668,709,22,5898,Bill Woodford,0,815,784,33,11,4,1999-01-22,False
1265,3,False,3732,Letitia Dyson,0,668,709,22,333,Maureen Glover,0,0,714,32,12,4,1999-01-22,False
1266,3,False,3930,Phyllis Clare,0,1161,1174,11,634,Irene Zeleniuk,0,1056,1065,29,1,3,1999-01-22,False
1267,3,False,3930,Phyllis Clare,0,1161,1174,11,440,John Dalton,0,1071,1125,7,4,3,1999-01-22,False
1268,3,False,3930,Phyllis Clare,0,1161,1174,11,5465,Emily Weidner,0,1317,1243,19,5,3,1999-01-22,False
1269,3,False,3930,Phyllis Clare,0,1161,1174,11,871,Frank Schin,0,1143,1113,37,7,3,1999-01-22,False
1270,3,False,3930,Phyllis Clare,0,1161,1174,11,1442,Lynda Woods Cleary,0,1050,1103,18,9,3,1999-01-22,False
1271,3,False,3930,Phyllis Clare,0,1161,1174,11,5381,Emily Herczeg,0,1055,1113,10,10,3,1999-01-22,False
1272,3,False,3930,Phyllis Clare,0,1161,1174,11,2700,Teri Peppe,0,1167,1156,20,12,3,1999-01-22,False
1273,3,False,3931,Vince Anzalone,0,1412,1407,53,4423,Victor Steinman,0,1558,1503,57,3,2,1999-01-22,False
1274,3,False,3931,Vince Anzalone,0,1412,1407,53,2599,Rose Noel,0,1449,1415,52,5,2,1999-01-22,False
1275,3,False,3931,Vince Anzalone,0,1412,1407,53,5531,Carroll Smith,0,1593,1504,54,8,2,1999-01-22,False
1276,3,False,3931,Vince Anzalone,0,1412,1407,53,4428,Jean Lithgow,0,1421,1385,58,9,2,1999-01-22,False
1277,3,False,3932,Victoria Moreines,0,981,962,41,635,Ellen Massey,0,1156,1136,21,3,3,1999-01-22,False
1278,3,False,3932,Victoria Moreines,0,981,962,41,24800,Flo Schneier,0,1022,971,46,7,3,1999-01-22,False
1279,3,False,3932,Victoria Moreines,0,981,962,41,209,Marilyn Hake,0,991,985,44,10,3,1999-01-22,False
1280,3,False,3932,Victoria Moreines,0,981,962,41,5151,Kerry Hamilton,0,960,950,43,11,3,1999-01-22,False
1281,3,False,4033,Peter Braxton,0,1242,1143,36,1499,Claudia Scheda,0,1073,1058,40,1,3,1999-01-22,False
1282,3,False,4033,Peter Braxton,0,1242,1143,36,5315,Paul Feser,0,995,978,42,2,3,1999-01-22,False
1283,3,False,4033,Peter Braxton,0,1242,1143,36,2011,Annette Zeff,0,1045,1052,31,6,3,1999-01-22,False
1284,3,False,4033,Peter Braxton,0,1242,1143,36,151,Doreen Lucas,0,1030,1049,30,9,3,1999-01-22,False
1285,3,False,4033,Peter Braxton,0,1242,1143,36,329,Emma Lewarenko,0,1000,1013,34,11,3,1999-01-22,False
1286,3,False,4260,Shirley Fliesser,0,1599,1594,15,2333,Hillary Goldberg,0,1500,1472,44,1,2,1999-01-22,False
1287,3,False,4260,Shirley Fliesser,0,1599,1594,15,5312,Jay Malarcher,0,1429,1338,64,3,2,1999-01-22,False
1288,3,False,4260,Shirley Fliesser,0,1599,1594,15,110,Douglas Hoylman,0,1622,1638,11,4,2,1999-01-22,False
1289,3,False,4260,Shirley Fliesser,0,1599,1594,15,3371,Wendy Littman,0,1490,1540,18,5,2,1999-01-22,False
1290,3,False,4260,Shirley Fliesser,0,1599,1594,15,163,Bob Kilpatrick,0,1414,1442,37,9,2,1999-01-22,False
1291,3,False,4260,Shirley Fliesser,0,1599,1594,15,1951,Steve Gawtry,0,1354,1447,26,10,2,1999-01-22,False
1292,3,False,4260,Shirley Fliesser,0,1599,1594,15,983,Anita Rackham,0,1533,1530,31,11,2,1999-01-22,False
1293,3,False,4269,Evelyn Lambert,0,1365,1384,48,19676,Celia Dayrit Thompson,0,1430,1443,28,1,2,1999-01-22,False
1294,3,False,4269,Evelyn Lambert,0,1365,1384,48,95,Glenn Filzer,0,1521,1478,41,6,2,1999-01-22,False
1295,3,False,4269,Evelyn Lambert,0,1365,1384,48,995,Vivienne Muhling,0,1308,1289,63,8,2,1999-01-22,False
1296,3,False,4269,Evelyn Lambert,0,1365,1384,48,5890,Anita Shields,0,1416,1361,61,11,2,1999-01-22,False
1297,3,False,4269,Evelyn Lambert,0,1365,1384,48,87,Joan Kelly,0,1528,1451,59,12,2,1999-01-22,False
1298,3,False,4351,Edward Coker,0,1448,1452,40,995,Vivienne Muhling,0,1308,1289,63,6,2,1999-01-22,False
1299,3,False,4351,Edward Coker,0,1448,1452,40,97,Betty Burton,0,1482,1478,33,7,2,1999-01-22,False
1300,3,False,4351,Edward Coker,0,1448,1452,40,116,Ann Raymond,0,1562,1510,42,8,2,1999-01-22,False
1301,3,False,4351,Edward Coker,0,1448,1452,40,3931,Vince Anzalone,0,1412,1407,53,10,2,1999-01-22,False
1302,3,False,4351,Edward Coker,0,1448,1452,40,116,Ann Raymond,0,1562,1510,42,11,2,1999-01-22,False
1303,3,False,4423,Victor Steinman,0,1558,1503,57,2932,Milton Villanueva,0,1643,1623,19,1,2,1999-01-22,False
1304,3,False,4423,Victor Steinman,0,1558,1503,57,120,Marty Fialkow,0,1452,1480,35,2,2,1999-01-22,False
1305,3,False,4423,Victor Steinman,0,1558,1503,57,4435,Jerry Mory,0,1255,1293,50,4,2,1999-01-22,False
1306,3,False,4427,Nick Denezzo,0,1273,1294,1,5135,Barbara Staudt,0,1089,1092,23,1,3,1999-01-22,False
1307,3,False,4427,Nick Denezzo,0,1273,1294,1,329,Emma Lewarenko,0,1000,1013,34,2,3,1999-01-22,False
1308,3,False,4427,Nick Denezzo,0,1273,1294,1,1619,Gwen Stewart,0,1175,1150,25,3,3,1999-01-22,False
1309,3,False,4427,Nick Denezzo,0,1273,1294,1,871,Frank Schin,0,1143,1113,37,6,3,1999-01-22,False
1310,3,False,4427,Nick Denezzo,0,1273,1294,1,5891,James Totin,0,1043,1053,32,7,3,1999-01-22,False
1311,3,False,4427,Nick Denezzo,0,1273,1294,1,3057,Jane Clark,0,1125,1251,5,8,3,1999-01-22,False
1312,3,False,4427,Nick Denezzo,0,1273,1294,1,1604,Sherrie Saint John,0,1203,1237,9,9,3,1999-01-22,False
1313,3,False,4427,Nick Denezzo,0,1273,1294,1,4433,Concepta Siembab,0,1201,1208,14,10,3,1999-01-22,False
1314,3,False,4427,Nick Denezzo,0,1273,1294,1,206,Hilda Siegel,0,1182,1240,3,12,3,1999-01-22,False
1315,3,False,4428,Jean Lithgow,0,1421,1385,58,596,David Lieberfarb,0,1590,1591,12,2,2,1999-01-22,False
1316,3,False,4428,Jean Lithgow,0,1421,1385,58,5312,Jay Malarcher,0,1429,1338,64,5,2,1999-01-22,False
1317,3,False,4428,Jean Lithgow,0,1421,1385,58,97,Betty Burton,0,1482,1478,33,8,2,1999-01-22,False
1318,3,False,4433,Concepta Siembab,0,1201,1208,14,871,Frank Schin,0,1143,1113,37,1,3,1999-01-22,False
1319,3,False,4433,Concepta Siembab,0,1201,1208,14,4454,John Carassai,0,956,986,39,2,3,1999-01-22,False
1320,3,False,4433,Concepta Siembab,0,1201,1208,14,1503,Alan Grossman,0,1047,1040,38,3,3,1999-01-22,False
1321,3,False,4433,Concepta Siembab,0,1201,1208,14,4427,Nick Denezzo,0,1273,1294,1,4,3,1999-01-22,False
1322,3,False,4433,Concepta Siembab,0,1201,1208,14,3057,Jane Clark,0,1125,1251,5,6,3,1999-01-22,False
1323,3,False,4433,Concepta Siembab,0,1201,1208,14,561,Mitchell Brook,0,1199,1201,12,8,3,1999-01-22,False
1324,3,False,4433,Concepta Siembab,0,1201,1208,14,156,Marjorie Milne,0,1188,1202,17,9,3,1999-01-22,False
1325,3,False,4434,John Zeller,0,0,965,5,5139,Susan Barker,0,517,534,54,1,4,1999-01-22,False
1326,3,False,4434,John Zeller,0,0,965,5,1354,Ronnie Thomas,0,0,841,25,2,4,1999-01-22,False
1327,3,False,4434,John Zeller,0,0,965,5,231,Evelyn Ringold,0,792,726,58,3,4,1999-01-22,False
1328,3,False,4434,John Zeller,0,0,965,5,3698,Dolores Furye,0,938,964,6,4,4,1999-01-22,False
1329,3,False,4434,John Zeller,0,0,965,5,4538,Jaki Jackson,0,850,879,13,5,4,1999-01-22,False
1330,3,False,4434,John Zeller,0,0,965,5,5248,Ed Quinn,0,858,908,9,7,4,1999-01-22,False
1331,3,False,4434,John Zeller,0,0,965,5,5798,Steve Lynch,0,800,985,3,8,4,1999-01-22,False
1332,3,False,4434,John Zeller,0,0,965,5,5136,Debi Gavin,0,847,896,10,11,4,1999-01-22,False
1333,3,True,4434,John Zeller,0,0,965,5,3698,Dolores Furye,0,938,964,6,12,4,1999-01-22,False
1334,3,False,4435,Jerry Mory,0,1255,1293,50,569,Jay Strieb,0,1320,1363,29,1,2,1999-01-22,False
1335,3,False,4435,Jerry Mory,0,1255,1293,50,71,Noel Livermore,0,1582,1601,7,2,2,1999-01-22,False
1336,3,False,4435,Jerry Mory,0,1255,1293,50,118,Ted Mast,0,1429,1395,55,7,2,1999-01-22,False
1337,3,False,4435,Jerry Mory,0,1255,1293,50,1357,Nancy Hanley,0,1387,1424,16,8,2,1999-01-22,False
1338,3,False,4435,Jerry Mory,0,1255,1293,50,5531,Carroll Smith,0,1593,1504,54,12,2,1999-01-22,False
1339,3,False,4438,Hennie Berdinis,0,837,912,8,5136,Debi Gavin,0,847,896,10,2,4,1999-01-22,False
1340,3,False,4438,Hennie Berdinis,0,837,912,8,3710,Mitchell Peck,0,0,904,14,3,4,1999-01-22,False
1341,3,False,4438,Hennie Berdinis,0,837,912,8,3732,Letitia Dyson,0,668,709,22,4,4,1999-01-22,False
1342,3,False,4438,Hennie Berdinis,0,837,912,8,5897,Stevie Wells,0,680,728,28,7,4,1999-01-22,False
1343,3,False,4438,Hennie Berdinis,0,837,912,8,4452,Spencer Camishion,0,0,834,38,8,4,1999-01-22,False
1344,3,False,4438,Hennie Berdinis,0,837,912,8,2063,Marjorie Bash,0,909,886,27,10,4,1999-01-22,False
1345,3,False,4438,Hennie Berdinis,0,837,912,8,5893,Martha Pierce,0,929,897,18,11,4,1999-01-22,False
1346,3,False,4438,Hennie Berdinis,0,837,912,8,175,Elliott Schiff,0,714,841,15,12,4,1999-01-22,False
1347,3,False,4448,William Pittinos,0,0,785,29,192,Denise Forys Wieche,0,639,666,41,1,4,1999-01-22,False
1348,3,False,4448,William Pittinos,0,0,785,29,5898,Bill Woodford,0,815,784,33,5,4,1999-01-22,False
1349,3,False,4448,William Pittinos,0,0,785,29,211,Bernice Brown,0,0,651,39,6,4,1999-01-22,False
1350,3,False,4448,William Pittinos,0,0,785,29,5903,Janet Hamilton,0,857,793,49,8,4,1999-01-22,False
1351,3,False,4448,William Pittinos,0,0,785,29,192,Denise Forys Wieche,0,639,666,41,11,4,1999-01-22,False
1352,3,False,4448,William Pittinos,0,0,785,29,155,Wayne Ollick,0,0,612,46,12,4,1999-01-22,False
1353,3,False,4452,Spencer Camishion,0,0,834,38,155,Wayne Ollick,0,0,612,46,1,4,1999-01-22,False
1354,3,False,4452,Spencer Camishion,0,0,834,38,4458,Jametta Garnett,0,695,697,34,3,4,1999-01-22,False
1355,3,False,4452,Spencer Camishion,0,0,834,38,1354,Ronnie Thomas,0,0,841,25,4,4,1999-01-22,False
1356,3,False,4452,Spencer Camishion,0,0,834,38,180,Deborah Avins,0,715,763,19,5,4,1999-01-22,False
1357,3,False,4452,Spencer Camishion,0,0,834,38,2942,Sheila Greenspan,0,927,864,36,9,4,1999-01-22,False
1358,3,False,4454,John Carassai,0,956,986,39,1503,Alan Grossman,0,1047,1040,38,1,3,1999-01-22,False
1359,3,False,4454,John Carassai,0,956,986,39,24800,Flo Schneier,0,1022,971,46,6,3,1999-01-22,False
1360,3,False,4454,John Carassai,0,956,986,39,2875,Eileen Willis,0,1105,1092,24,7,3,1999-01-22,False
1361,3,False,4454,John Carassai,0,956,986,39,209,Marilyn Hake,0,991,985,44,8,3,1999-01-22,False
1362,3,False,4454,John Carassai,0,956,986,39,1499,Claudia Scheda,0,1073,1058,40,10,3,1999-01-22,False
1363,3,False,4458,Jametta Garnett,0,695,697,34,214,Ruth McCandless,0,709,704,47,1,4,1999-01-22,False
1364,3,False,4458,Jametta Garnett,0,695,697,34,3726,Barbara Batson,0,0,500,57,4,4,1999-01-22,False
1365,3,False,4458,Jametta Garnett,0,695,697,34,5905,Irvin Booker,0,0,553,51,5,4,1999-01-22,False
1366,3,False,4458,Jametta Garnett,0,695,697,34,3726,Barbara Batson,0,0,500,57,10,4,1999-01-22,False
1367,3,False,4458,Jametta Garnett,0,695,697,34,5139,Susan Barker,0,517,534,54,11,4,1999-01-22,False
1368,3,False,4458,Jametta Garnett,0,695,697,34,214,Ruth McCandless,0,709,704,47,12,4,1999-01-22,False
1369,3,False,4538,Jaki Jackson,0,850,879,13,2024,Margaret Olson,0,952,899,31,1,4,1999-01-22,False
1370,3,False,4538,Jaki Jackson,0,850,879,13,4541,Betty Kirklin,0,0,505,55,3,4,1999-01-22,False
1371,3,False,4538,Jaki Jackson,0,850,879,13,2063,Marjorie Bash,0,909,886,27,4,4,1999-01-22,False
1372,3,False,4538,Jaki Jackson,0,850,879,13,1354,Ronnie Thomas,0,0,841,25,6,4,1999-01-22,False
1373,3,False,4538,Jaki Jackson,0,850,879,13,190,John Brown,0,0,955,11,7,4,1999-01-22,False
1374,3,False,4538,Jaki Jackson,0,850,879,13,5248,Ed Quinn,0,858,908,9,8,4,1999-01-22,False
1375,3,False,4538,Jaki Jackson,0,850,879,13,577,Josephine Williams,0,700,726,24,12,4,1999-01-22,False
1376,3,False,4541,Betty Kirklin,0,0,505,55,3726,Barbara Batson,0,0,500,57,5,4,1999-01-22,False
1377,3,False,4541,Betty Kirklin,0,0,505,55,5909,Ryan Pollard,0,0,500,60,6,4,1999-01-22,False
1378,3,False,4541,Betty Kirklin,0,0,505,55,5908,Josh Pollard,0,0,500,59,8,4,1999-01-22,False
1379,3,False,4541,Betty Kirklin,0,0,505,55,5906,Susan Cottle,0,0,580,53,11,4,1999-01-22,False
1380,3,False,4795,Lynn Gillespie,0,1129,1184,2,186,Claire Pleczynski,0,955,952,45,3,3,1999-01-22,False
1381,3,False,4795,Lynn Gillespie,0,1129,1184,2,5315,Paul Feser,0,995,978,42,4,3,1999-01-22,False
1382,3,False,4795,Lynn Gillespie,0,1129,1184,2,329,Emma Lewarenko,0,1000,1013,34,5,3,1999-01-22,False
1383,3,False,4795,Lynn Gillespie,0,1129,1184,2,151,Doreen Lucas,0,1030,1049,30,6,3,1999-01-22,False
1384,3,False,4795,Lynn Gillespie,0,1129,1184,2,1495,John Kopp,0,1154,1165,15,8,3,1999-01-22,False
1385,3,False,4795,Lynn Gillespie,0,1129,1184,2,132,Muriel Sparrow Reedy,0,1214,1162,33,9,3,1999-01-22,False
1386,3,False,4795,Lynn Gillespie,0,1129,1184,2,440,John Dalton,0,1071,1125,7,10,3,1999-01-22,False
1387,3,False,4795,Lynn Gillespie,0,1129,1184,2,4433,Concepta Siembab,0,1201,1208,14,11,3,1999-01-22,False
1388,3,False,4795,Lynn Gillespie,0,1129,1184,2,25312,Dianne Socha Kaplan,0,1281,1279,8,12,3,1999-01-22,False
1389,3,False,4805,Avis Casely,0,523,553,52,661,Dorothy Siegel,0,793,773,35,2,4,1999-01-22,False
1390,3,False,4805,Avis Casely,0,523,553,52,5901,Hope G Moreines,0,915,840,45,3,4,1999-01-22,False
1391,3,False,4805,Avis Casely,0,523,553,52,5901,Hope G Moreines,0,915,840,45,7,4,1999-01-22,False
1392,3,False,4805,Avis Casely,0,523,553,52,201,Walt Blackie Sudnikovich,0,614,627,43,10,4,1999-01-22,False
1393,3,False,5135,Barbara Staudt,0,1089,1092,23,329,Emma Lewarenko,0,1000,1013,34,3,3,1999-01-22,False
1394,3,False,5135,Barbara Staudt,0,1089,1092,23,3932,Victoria Moreines,0,981,962,41,5,3,1999-01-22,False
1395,3,False,5135,Barbara Staudt,0,1089,1092,23,1503,Alan Grossman,0,1047,1040,38,6,3,1999-01-22,False
1396,3,False,5135,Barbara Staudt,0,1089,1092,23,871,Frank Schin,0,1143,1113,37,9,3,1999-01-22,False
1397,3,False,5135,Barbara Staudt,0,1089,1092,23,5315,Paul Feser,0,995,978,42,11,3,1999-01-22,False
1398,3,False,5135,Barbara Staudt,0,1089,1092,23,1509,Wendell Smith,0,1032,1050,35,12,3,1999-01-22,False
1399,3,False,5136,Debi Gavin,0,847,896,10,3198,Phil O'Donoghue,0,947,971,2,3,4,1999-01-22,False
1400,3,False,5136,Debi Gavin,0,847,896,10,5725,Evi Pike,0,862,841,30,4,4,1999-01-22,False
1401,3,False,5136,Debi Gavin,0,847,896,10,5893,Martha Pierce,0,929,897,18,5,4,1999-01-22,False
1402,3,False,5136,Debi Gavin,0,847,896,10,333,Maureen Glover,0,0,714,32,7,4,1999-01-22,False
1403,3,False,5136,Debi Gavin,0,847,896,10,2024,Margaret Olson,0,952,899,31,8,4,1999-01-22,False
1404,3,False,5136,Debi Gavin,0,847,896,10,1782,Gloria Chazin,0,901,892,16,9,4,1999-01-22,False
1405,3,False,5136,Debi Gavin,0,847,896,10,2294,Virginia Wallis,0,900,874,20,10,4,1999-01-22,False
1406,3,False,5136,Debi Gavin,0,847,896,10,1522,Bob Godfrey,0,837,866,17,12,4,1999-01-22,False
1407,3,False,5139,Susan Barker,0,517,534,54,5909,Ryan Pollard,0,0,500,60,4,4,1999-01-22,False
1408,3,False,5139,Susan Barker,0,517,534,54,5907,Laura Lou Seefeldt,0,0,562,56,5,4,1999-01-22,False
1409,3,False,5139,Susan Barker,0,517,534,54,5905,Irvin Booker,0,0,553,51,7,4,1999-01-22,False
1410,3,False,5139,Susan Barker,0,517,534,54,5906,Susan Cottle,0,0,580,53,8,4,1999-01-22,False
1411,3,False,5151,Kerry Hamilton,0,960,950,43,24800,Flo Schneier,0,1022,971,46,4,3,1999-01-22,False
1412,3,False,5151,Kerry Hamilton,0,960,950,43,184,Ida Ann Shapiro,0,989,930,48,6,3,1999-01-22,False
1413,3,False,5151,Kerry Hamilton,0,960,950,43,5315,Paul Feser,0,995,978,42,8,3,1999-01-22,False
1414,3,False,5151,Kerry Hamilton,0,960,950,43,24800,Flo Schneier,0,1022,971,46,12,3,1999-01-22,False
1415,3,False,5244,Pat Cole,0,1512,1529,25,99,Shah Ali,0,1615,1574,32,1,2,1999-01-22,False
1416,3,False,5244,Pat Cole,0,1512,1529,25,4269,Evelyn Lambert,0,1365,1384,48,2,2,1999-01-22,False
1417,3,False,5244,Pat Cole,0,1512,1529,25,35,Howard Greenspan,0,1605,1611,9,4,2,1999-01-22,False
1418,3,False,5244,Pat Cole,0,1512,1529,25,983,Anita Rackham,0,1533,1530,31,5,2,1999-01-22,False
1419,3,False,5244,Pat Cole,0,1512,1529,25,3056,Charles Merlis,0,1674,1639,13,7,2,1999-01-22,False
1420,3,False,5244,Pat Cole,0,1512,1529,25,77,Thomas M Hall,0,1321,1350,47,10,2,1999-01-22,False
1421,3,False,5248,Ed Quinn,0,858,908,9,5725,Evi Pike,0,862,841,30,1,4,1999-01-22,False
1422,3,False,5248,Ed Quinn,0,858,908,9,4452,Spencer Camishion,0,0,834,38,2,4,1999-01-22,False
1423,3,False,5248,Ed Quinn,0,858,908,9,155,Wayne Ollick,0,0,612,46,3,4,1999-01-22,False
1424,3,False,5248,Ed Quinn,0,858,908,9,175,Elliott Schiff,0,714,841,15,4,4,1999-01-22,False
1425,3,False,5248,Ed Quinn,0,858,908,9,2378,Joe Neff,0,813,1050,1,5,4,1999-01-22,False
1426,3,False,5248,Ed Quinn,0,858,908,9,577,Josephine Williams,0,700,726,24,10,4,1999-01-22,False
1427,3,False,5248,Ed Quinn,0,858,908,9,3710,Mitchell Peck,0,0,904,14,11,4,1999-01-22,False
1428,3,False,5248,Ed Quinn,0,858,908,9,1782,Gloria Chazin,0,901,892,16,12,4,1999-01-22,False
1429,3,False,5308,James W Flomo,0,1328,1354,45,5531,Carroll Smith,0,1593,1504,54,2,2,1999-01-22,False
1430,3,False,5308,James W Flomo,0,1328,1354,45,5312,Jay Malarcher,0,1429,1338,64,6,2,1999-01-22,False
1431,3,False,5308,James W Flomo,0,1328,1354,45,1957,Pat Brown,0,1416,1400,56,7,2,1999-01-22,False
1432,3,False,5308,James W Flomo,0,1328,1354,45,87,Joan Kelly,0,1528,1451,59,10,2,1999-01-22,False
1433,3,False,5308,James W Flomo,0,1328,1354,45,118,Ted Mast,0,1429,1395,55,12,2,1999-01-22,False
1434,3,False,5312,Jay Malarcher,0,1429,1338,64,2333,Hillary Goldberg,0,1500,1472,44,2,2,1999-01-22,False
1435,3,False,5312,Jay Malarcher,0,1429,1338,64,108,George Spanfelner,0,1538,1465,60,9,2,1999-01-22,False
1436,3,False,5315,Paul Feser,0,995,978,42,2655,Herb Lewis,0,1170,1152,27,1,3,1999-01-22,False
1437,3,False,5315,Paul Feser,0,995,978,42,184,Ida Ann Shapiro,0,989,930,48,7,3,1999-01-22,False
1438,3,False,5315,Paul Feser,0,995,978,42,3932,Victoria Moreines,0,981,962,41,9,3,1999-01-22,False
1439,3,False,5315,Paul Feser,0,995,978,42,186,Claire Pleczynski,0,955,952,45,10,3,1999-01-22,False
1440,3,False,5381,Emily Herczeg,0,1055,1113,10,3932,Victoria Moreines,0,981,962,41,2,3,1999-01-22,False
1441,3,False,5381,Emily Herczeg,0,1055,1113,10,5315,Paul Feser,0,995,978,42,6,3,1999-01-22,False
1442,3,False,5381,Emily Herczeg,0,1055,1113,10,5151,Kerry Hamilton,0,960,950,43,7,3,1999-01-22,False
1443,3,False,5381,Emily Herczeg,0,1055,1113,10,4033,Peter Braxton,0,1242,1143,36,8,3,1999-01-22,False
1444,3,False,5381,Emily Herczeg,0,1055,1113,10,186,Claire Pleczynski,0,955,952,45,9,3,1999-01-22,False
1445,3,False,5381,Emily Herczeg,0,1055,1113,10,5891,James Totin,0,1043,1053,32,11,3,1999-01-22,False
1446,3,False,5381,Emily Herczeg,0,1055,1113,10,5465,Emily Weidner,0,1317,1243,19,12,3,1999-01-22,False
1447,3,False,5440,Susan Patton,0,633,698,40,5908,Josh Pollard,0,0,500,59,1,4,1999-01-22,False
1448,3,False,5440,Susan Patton,0,633,698,40,5898,Bill Woodford,0,815,784,33,2,4,1999-01-22,False
1449,3,False,5440,Susan Patton,0,633,698,40,5893,Martha Pierce,0,929,897,18,3,4,1999-01-22,False
1450,3,False,5440,Susan Patton,0,633,698,40,333,Maureen Glover,0,0,714,32,6,4,1999-01-22,False
1451,3,False,5440,Susan Patton,0,633,698,40,131,Margo Kuno,0,726,740,37,7,4,1999-01-22,False
1452,3,False,5465,Emily Weidner,0,1317,1243,19,1509,Wendell Smith,0,1032,1050,35,1,3,1999-01-22,False
1453,3,False,5465,Emily Weidner,0,1317,1243,19,2934,Rona Goldberg,0,1123,1127,26,2,3,1999-01-22,False
1454,3,True,5465,Emily Weidner,0,1317,1243,19,2011,Annette Zeff,0,1045,1052,31,4,3,1999-01-22,False
1455,3,False,5465,Emily Weidner,0,1317,1243,19,440,John Dalton,0,1071,1125,7,6,3,1999-01-22,False
1456,3,False,5465,Emily Weidner,0,1317,1243,19,1499,Claudia Scheda,0,1073,1058,40,7,3,1999-01-22,False
1457,3,False,5465,Emily Weidner,0,1317,1243,19,3930,Phyllis Clare,0,1161,1174,11,8,3,1999-01-22,False
1458,3,False,5465,Emily Weidner,0,1317,1243,19,156,Marjorie Milne,0,1188,1202,17,10,3,1999-01-22,False
1459,3,False,5531,Carroll Smith,0,1593,1504,54,4351,Edward Coker,0,1448,1452,40,4,2,1999-01-22,False
1460,3,False,5531,Carroll Smith,0,1593,1504,54,108,George Spanfelner,0,1538,1465,60,5,2,1999-01-22,False
1461,3,False,5531,Carroll Smith,0,1593,1504,54,108,George Spanfelner,0,1538,1465,60,10,2,1999-01-22,False
1462,3,False,5531,Carroll Smith,0,1593,1504,54,5312,Jay Malarcher,0,1429,1338,64,11,2,1999-01-22,False
1463,3,False,24800,Flo Schneier,0,1022,971,46,184,Ida Ann Shapiro,0,989,930,48,8,3,1999-01-22,False
1464,3,False,24800,Flo Schneier,0,1022,971,46,184,Ida Ann Shapiro,0,989,930,48,10,3,1999-01-22,False
1465,3,False,24800,Flo Schneier,0,1022,971,46,3186,Stacia Camp,0,939,919,47,11,3,1999-01-22,False
1466,3,False,5725,Evi Pike,0,862,841,30,4458,Jametta Garnett,0,695,697,34,2,4,1999-01-22,False
1467,3,False,5725,Evi Pike,0,862,841,30,5903,Janet Hamilton,0,857,793,49,5,4,1999-01-22,False
1468,3,False,5725,Evi Pike,0,862,841,30,211,Bernice Brown,0,0,651,39,7,4,1999-01-22,False
1469,3,False,5725,Evi Pike,0,862,841,30,192,Denise Forys Wieche,0,639,666,41,9,4,1999-01-22,False
1470,3,False,5725,Evi Pike,0,862,841,30,4448,William Pittinos,0,0,785,29,10,4,1999-01-22,False
1471,3,False,5725,Evi Pike,0,862,841,30,5900,Jacqueline Blyther,0,867,818,42,12,4,1999-01-22,False
1472,3,False,1354,Ronnie Thomas,0,0,841,25,231,Evelyn Ringold,0,792,726,58,1,4,1999-01-22,False
1473,3,False,1354,Ronnie Thomas,0,0,841,25,5139,Susan Barker,0,517,534,54,3,4,1999-01-22,False
1474,3,False,1354,Ronnie Thomas,0,0,841,25,2024,Margaret Olson,0,952,899,31,5,4,1999-01-22,False
1475,3,False,1354,Ronnie Thomas,0,0,841,25,5903,Janet Hamilton,0,857,793,49,9,4,1999-01-22,False
1476,3,False,1354,Ronnie Thomas,0,0,841,25,214,Ruth McCandless,0,709,704,47,10,4,1999-01-22,False
1477,3,False,1354,Ronnie Thomas,0,0,841,25,2942,Sheila Greenspan,0,927,864,36,12,4,1999-01-22,False
1478,3,False,5798,Steve Lynch,0,800,985,3,603,Christine Economos,0,923,921,12,1,4,1999-01-22,False
1479,3,False,5798,Steve Lynch,0,800,985,3,3720,Janice White,0,0,729,44,2,4,1999-01-22,False
1480,3,False,5798,Steve Lynch,0,800,985,3,5904,Robert Hicks,0,594,582,50,3,4,1999-01-22,False
1481,3,False,5798,Steve Lynch,0,800,985,3,131,Margo Kuno,0,726,740,37,5,4,1999-01-22,False
1482,3,False,5798,Steve Lynch,0,800,985,3,3698,Dolores Furye,0,938,964,6,6,4,1999-01-22,False
1483,3,False,5798,Steve Lynch,0,800,985,3,1522,Bob Godfrey,0,837,866,17,7,4,1999-01-22,False
1484,3,False,5798,Steve Lynch,0,800,985,3,5892,Patricia Williams,0,0,978,4,9,4,1999-01-22,False
1485,3,False,5798,Steve Lynch,0,800,985,3,4434,John Zeller,0,0,965,5,10,4,1999-01-22,False
1486,3,False,5798,Steve Lynch,0,800,985,3,603,Christine Economos,0,923,921,12,12,4,1999-01-22,False
1487,3,False,5890,Anita Shields,0,1416,1361,61,116,Ann Raymond,0,1562,1510,42,3,2,1999-01-22,False
1488,3,False,5890,Anita Shields,0,1416,1361,61,2599,Rose Noel,0,1449,1415,52,4,2,1999-01-22,False
1489,3,False,5891,James Totin,0,1043,1053,32,1592,Edward Stewart,0,1190,1174,13,2,3,1999-01-22,False
1490,3,False,5891,James Totin,0,1043,1053,32,3186,Stacia Camp,0,939,919,47,3,3,1999-01-22,False
1491,3,False,5891,James Totin,0,1043,1053,32,138,Donald Hake,0,1059,1071,28,5,3,1999-01-22,False
1492,3,False,5891,James Totin,0,1043,1053,32,3930,Phyllis Clare,0,1161,1174,11,6,3,1999-01-22,False
1493,3,False,5891,James Totin,0,1043,1053,32,635,Ellen Massey,0,1156,1136,21,10,3,1999-01-22,False
1494,3,False,5892,Patricia Williams,0,0,978,4,4805,Avis Casely,0,523,553,52,1,4,1999-01-22,False
1495,3,False,5892,Patricia Williams,0,0,978,4,5901,Hope G Moreines,0,915,840,45,2,4,1999-01-22,False
1496,3,False,5892,Patricia Williams,0,0,978,4,661,Dorothy Siegel,0,793,773,35,3,4,1999-01-22,False
1497,3,False,5892,Patricia Williams,0,0,978,4,131,Margo Kuno,0,726,740,37,4,4,1999-01-22,False
1498,3,False,5892,Patricia Williams,0,0,978,4,145,Mary McWilliams,0,843,895,7,5,4,1999-01-22,False
1499,3,False,5892,Patricia Williams,0,0,978,4,5248,Ed Quinn,0,858,908,9,6,4,1999-01-22,False
1500,3,False,5892,Patricia Williams,0,0,978,4,175,Elliott Schiff,0,714,841,15,7,4,1999-01-22,False
1501,3,False,5892,Patricia Williams,0,0,978,4,4538,Jaki Jackson,0,850,879,13,10,4,1999-01-22,False
1502,3,False,5892,Patricia Williams,0,0,978,4,5798,Steve Lynch,0,800,985,3,11,4,1999-01-22,False
1503,3,False,5893,Martha Pierce,0,929,897,18,5908,Josh Pollard,0,0,500,59,2,4,1999-01-22,False
1504,3,False,5893,Martha Pierce,0,929,897,18,5903,Janet Hamilton,0,857,793,49,4,4,1999-01-22,False
1505,3,False,5893,Martha Pierce,0,929,897,18,4458,Jametta Garnett,0,695,697,34,7,4,1999-01-22,False
1506,3,False,5893,Martha Pierce,0,929,897,18,3720,Janice White,0,0,729,44,8,4,1999-01-22,False
1507,3,False,5893,Martha Pierce,0,929,897,18,5897,Stevie Wells,0,680,728,28,9,4,1999-01-22,False
1508,3,False,5893,Martha Pierce,0,929,897,18,215,Irma Roberts,0,767,762,26,10,4,1999-01-22,False
1509,3,False,5893,Martha Pierce,0,929,897,18,215,Irma Roberts,0,767,762,26,12,4,1999-01-22,False
1510,3,False,5894,Betty Goldin,0,0,816,21,5905,Irvin Booker,0,0,553,51,1,4,1999-01-22,False
1511,3,False,5894,Betty Goldin,0,0,816,21,5906,Susan Cottle,0,0,580,53,4,4,1999-01-22,False
1512,3,False,5894,Betty Goldin,0,0,816,21,5901,Hope G Moreines,0,915,840,45,6,4,1999-01-22,False
1513,3,False,5894,Betty Goldin,0,0,816,21,3732,Letitia Dyson,0,668,709,22,7,4,1999-01-22,False
1514,3,False,5894,Betty Goldin,0,0,816,21,214,Ruth McCandless,0,709,704,47,9,4,1999-01-22,False
1515,3,False,5894,Betty Goldin,0,0,816,21,661,Dorothy Siegel,0,793,773,35,10,4,1999-01-22,False
1516,3,False,5894,Betty Goldin,0,0,816,21,333,Maureen Glover,0,0,714,32,11,4,1999-01-22,False
1517,3,False,5895,Jim Dalton,0,874,846,23,180,Deborah Avins,0,715,763,19,1,4,1999-01-22,False
1518,3,False,5895,Jim Dalton,0,874,846,23,211,Bernice Brown,0,0,651,39,2,4,1999-01-22,False
1519,3,False,5895,Jim Dalton,0,874,846,23,201,Walt Blackie Sudnikovich,0,614,627,43,4,4,1999-01-22,False
1520,3,False,5895,Jim Dalton,0,874,846,23,1354,Ronnie Thomas,0,0,841,25,7,4,1999-01-22,False
1521,3,False,5895,Jim Dalton,0,874,846,23,5907,Laura Lou Seefeldt,0,0,562,56,9,4,1999-01-22,False
1522,3,False,5895,Jim Dalton,0,874,846,23,661,Dorothy Siegel,0,793,773,35,12,4,1999-01-22,False
1523,3,False,5897,Stevie Wells,0,680,728,28,5903,Janet Hamilton,0,857,793,49,2,4,1999-01-22,False
1524,3,False,5897,Stevie Wells,0,680,728,28,1782,Gloria Chazin,0,901,892,16,3,4,1999-01-22,False
1525,3,False,5897,Stevie Wells,0,680,728,28,201,Walt Blackie Sudnikovich,0,614,627,43,5,4,1999-01-22,False
1526,3,False,5897,Stevie Wells,0,680,728,28,4805,Avis Casely,0,523,553,52,8,4,1999-01-22,False
1527,3,False,5897,Stevie Wells,0,680,728,28,5901,Hope G Moreines,0,915,840,45,11,4,1999-01-22,False
1528,3,False,5897,Stevie Wells,0,680,728,28,131,Margo Kuno,0,726,740,37,12,4,1999-01-22,False
1529,3,False,5898,Bill Woodford,0,815,784,33,5893,Martha Pierce,0,929,897,18,1,4,1999-01-22,False
1530,3,False,5898,Bill Woodford,0,815,784,33,5908,Josh Pollard,0,0,500,59,3,4,1999-01-22,False
1531,3,False,5898,Bill Woodford,0,815,784,33,5906,Susan Cottle,0,0,580,53,6,4,1999-01-22,False
1532,3,False,5898,Bill Woodford,0,815,784,33,3732,Letitia Dyson,0,668,709,22,8,4,1999-01-22,False
1533,3,False,5898,Bill Woodford,0,815,784,33,5139,Susan Barker,0,517,534,54,9,4,1999-01-22,False
1534,3,False,5898,Bill Woodford,0,815,784,33,3720,Janice White,0,0,729,44,12,4,1999-01-22,False
1535,3,False,5900,Jacqueline Blyther,0,867,818,42,5902,Nancy Glover,0,0,554,48,2,4,1999-01-22,False
1536,3,False,5900,Jacqueline Blyther,0,867,818,42,5905,Irvin Booker,0,0,553,51,6,4,1999-01-22,False
1537,3,False,5900,Jacqueline Blyther,0,867,818,42,231,Evelyn Ringold,0,792,726,58,8,4,1999-01-22,False
1538,3,False,5900,Jacqueline Blyther,0,867,818,42,5906,Susan Cottle,0,0,580,53,10,4,1999-01-22,False
1539,3,False,5900,Jacqueline Blyther,0,867,818,42,5904,Robert Hicks,0,594,582,50,11,4,1999-01-22,False
1540,3,False,5901,Hope G Moreines,0,915,840,45,661,Dorothy Siegel,0,793,773,35,1,4,1999-01-22,False
1541,3,False,5901,Hope G Moreines,0,915,840,45,5900,Jacqueline Blyther,0,867,818,42,5,4,1999-01-22,False
1542,3,False,5901,Hope G Moreines,0,915,840,45,201,Walt Blackie Sudnikovich,0,614,627,43,8,4,1999-01-22,False
1543,3,False,5901,Hope G Moreines,0,915,840,45,5900,Jacqueline Blyther,0,867,818,42,9,4,1999-01-22,False
1544,3,False,5901,Hope G Moreines,0,915,840,45,5139,Susan Barker,0,517,534,54,12,4,1999-01-22,False
1545,3,False,5902,Nancy Glover,0,0,554,48,5904,Robert Hicks,0,594,582,50,4,4,1999-01-22,False
1546,3,False,5902,Nancy Glover,0,0,554,48,3726,Barbara Batson,0,0,500,57,9,4,1999-01-22,False
1547,3,True,5902,Nancy Glover,0,0,554,48,5908,Josh Pollard,0,0,500,59,10,4,1999-01-22,False
1548,3,False,5902,Nancy Glover,0,0,554,48,5909,Ryan Pollard,0,0,500,60,11,4,1999-01-22,False
1549,3,False,5902,Nancy Glover,0,0,554,48,4541,Betty Kirklin,0,0,505,55,12,4,1999-01-22,False
1550,3,False,5903,Janet Hamilton,0,857,793,49,5906,Susan Cottle,0,0,580,53,3,4,1999-01-22,False
1551,3,False,5903,Janet Hamilton,0,857,793,49,231,Evelyn Ringold,0,792,726,58,6,4,1999-01-22,False
1552,3,False,5903,Janet Hamilton,0,857,793,49,5898,Bill Woodford,0,815,784,33,7,4,1999-01-22,False
1553,3,False,5903,Janet Hamilton,0,857,793,49,5905,Irvin Booker,0,0,553,51,10,4,1999-01-22,False
1554,3,False,5904,Robert Hicks,0,594,582,50,3726,Barbara Batson,0,0,500,57,6,4,1999-01-22,False
1555,3,False,5904,Robert Hicks,0,594,582,50,155,Wayne Ollick,0,0,612,46,7,4,1999-01-22,False
1556,3,False,5904,Robert Hicks,0,594,582,50,211,Bernice Brown,0,0,651,39,8,4,1999-01-22,False
1557,3,False,5904,Robert Hicks,0,594,582,50,5907,Laura Lou Seefeldt,0,0,562,56,10,4,1999-01-22,False
1558,3,False,5905,Irvin Booker,0,0,553,51,4541,Betty Kirklin,0,0,505,55,4,4,1999-01-22,False
1559,3,False,5905,Irvin Booker,0,0,553,51,5909,Ryan Pollard,0,0,500,60,8,4,1999-01-22,False
1560,3,False,5905,Irvin Booker,0,0,553,51,4541,Betty Kirklin,0,0,505,55,9,4,1999-01-22,False
1561,3,False,5905,Irvin Booker,0,0,553,51,5907,Laura Lou Seefeldt,0,0,562,56,12,4,1999-01-22,False
1562,3,False,5906,Susan Cottle,0,0,580,53,5897,Stevie Wells,0,680,728,28,1,4,1999-01-22,False
1563,3,False,5906,Susan Cottle,0,0,580,53,5908,Josh Pollard,0,0,500,59,5,4,1999-01-22,False
1564,3,False,5906,Susan Cottle,0,0,580,53,231,Evelyn Ringold,0,792,726,58,7,4,1999-01-22,False
1565,3,False,5906,Susan Cottle,0,0,580,53,3726,Barbara Batson,0,0,500,57,12,4,1999-01-22,False
1566,3,False,5907,Laura Lou Seefeldt,0,0,562,56,5910,Mike Gavin,0,664,651,61,3,4,1999-01-22,False
1567,3,False,5907,Laura Lou Seefeldt,0,0,562,56,577,Josephine Williams,0,700,726,24,4,4,1999-01-22,False
1568,3,False,5907,Laura Lou Seefeldt,0,0,562,56,145,Mary McWilliams,0,843,895,7,6,4,1999-01-22,False
1569,3,False,5908,Josh Pollard,0,0,500,59,5909,Ryan Pollard,0,0,500,60,7,4,1999-01-22,False
1570,3,False,5909,Ryan Pollard,0,0,500,60,5908,Josh Pollard,0,0,500,59,9,4,1999-01-22,False
1571,4,False,676,Siri Tillekeratne,0,1631,1633,5,843,Ross Stevenson,0,1500,1429,10,4,1,1999-01-02,False
1572,4,False,676,Siri Tillekeratne,0,1631,1633,5,3085,Teri Tetreault,0,1502,1520,6,5,1,1999-01-02,False
1573,4,False,676,Siri Tillekeratne,0,1631,1633,5,958,Wayne Clifford,0,1519,1520,7,6,1,1999-01-02,False
1574,4,False,676,Siri Tillekeratne,0,1631,1633,5,955,Jeff Fleetham,0,1628,1572,8,9,1,1999-01-02,False
1575,4,False,676,Siri Tillekeratne,0,1631,1633,5,955,Jeff Fleetham,0,1628,1572,8,10,1,1999-01-02,False
1576,4,False,676,Siri Tillekeratne,0,1631,1633,5,3085,Teri Tetreault,0,1502,1520,6,11,1,1999-01-02,False
1577,4,False,676,Siri Tillekeratne,0,1631,1633,5,3085,Teri Tetreault,0,1502,1520,6,12,1,1999-01-02,False
1578,4,False,679,Joey Payne,0,1474,1463,1,5884,Walter Bialobzyski,0,1104,1114,7,1,2,1999-01-02,False
1579,4,False,679,Joey Payne,0,1474,1463,1,848,Peter Maas,0,1205,1181,9,4,2,1999-01-02,False
1580,4,False,679,Joey Payne,0,1474,1463,1,959,Noella Ward,0,1102,1078,10,5,2,1999-01-02,False
1581,4,False,679,Joey Payne,0,1474,1463,1,3884,Leon Fernandes,0,1279,1290,3,7,2,1999-01-02,False
1582,4,False,679,Joey Payne,0,1474,1463,1,693,Bill Payne,0,1283,1269,6,8,2,1999-01-02,False
1583,4,False,679,Joey Payne,0,1474,1463,1,3506,Allan Simon,0,1346,1360,2,9,2,1999-01-02,False
1584,4,False,679,Joey Payne,0,1474,1463,1,3506,Allan Simon,0,1346,1360,2,10,2,1999-01-02,False
1585,4,False,679,Joey Payne,0,1474,1463,1,3884,Leon Fernandes,0,1279,1290,3,11,2,1999-01-02,False
1586,4,False,679,Joey Payne,0,1474,1463,1,3506,Allan Simon,0,1346,1360,2,12,2,1999-01-02,False
1587,4,False,693,Bill Payne,0,1283,1269,6,5618,Gita Gopal,0,1233,1220,4,2,2,1999-01-02,False
1588,4,False,693,Bill Payne,0,1283,1269,6,5884,Walter Bialobzyski,0,1104,1114,7,3,2,1999-01-02,False
1589,4,False,693,Bill Payne,0,1283,1269,6,960,Sue Brigliadori,0,1098,1137,5,5,2,1999-01-02,False
1590,4,False,693,Bill Payne,0,1283,1269,6,959,Noella Ward,0,1102,1078,10,7,2,1999-01-02,False
1591,4,False,693,Bill Payne,0,1283,1269,6,3884,Leon Fernandes,0,1279,1290,3,9,2,1999-01-02,False
1592,4,False,693,Bill Payne,0,1283,1269,6,3884,Leon Fernandes,0,1279,1290,3,10,2,1999-01-02,False
1593,4,False,839,Albert Hahn,0,1816,1807,1,840,Paul Sidorsky,0,1478,1542,4,1,1,1999-01-02,False
1594,4,False,839,Albert Hahn,0,1816,1807,1,843,Ross Stevenson,0,1500,1429,10,2,1,1999-01-02,False
1595,4,False,839,Albert Hahn,0,1816,1807,1,958,Wayne Clifford,0,1519,1520,7,4,1,1999-01-02,False
1596,4,False,839,Albert Hahn,0,1816,1807,1,844,Wendy McGrath,0,1524,1500,9,5,1,1999-01-02,False
1597,4,False,839,Albert Hahn,0,1816,1807,1,955,Jeff Fleetham,0,1628,1572,8,7,1,1999-01-02,False
1598,4,False,839,Albert Hahn,0,1816,1807,1,676,Siri Tillekeratne,0,1631,1633,5,8,1,1999-01-02,False
1599,4,False,839,Albert Hahn,0,1816,1807,1,3085,Teri Tetreault,0,1502,1520,6,10,1,1999-01-02,False
1600,4,False,839,Albert Hahn,0,1816,1807,1,842,Mike Ebanks,0,1581,1675,3,11,1,1999-01-02,False
1601,4,False,839,Albert Hahn,0,1816,1807,1,842,Mike Ebanks,0,1581,1675,3,12,1,1999-01-02,False
1602,4,False,840,Paul Sidorsky,0,1478,1542,4,676,Siri Tillekeratne,0,1631,1633,5,3,1,1999-01-02,False
1603,4,False,840,Paul Sidorsky,0,1478,1542,4,955,Jeff Fleetham,0,1628,1572,8,4,1,1999-01-02,False
1604,4,False,840,Paul Sidorsky,0,1478,1542,4,842,Mike Ebanks,0,1581,1675,3,5,1,1999-01-02,False
1605,4,False,840,Paul Sidorsky,0,1478,1542,4,843,Ross Stevenson,0,1500,1429,10,6,1,1999-01-02,False
1606,4,False,840,Paul Sidorsky,0,1478,1542,4,844,Wendy McGrath,0,1524,1500,9,9,1,1999-01-02,False
1607,4,False,840,Paul Sidorsky,0,1478,1542,4,958,Wayne Clifford,0,1519,1520,7,10,1,1999-01-02,False
1608,4,False,840,Paul Sidorsky,0,1478,1542,4,954,Randall Thomas,0,1712,1727,2,11,1,1999-01-02,False
1609,4,False,842,Mike Ebanks,0,1581,1675,3,843,Ross Stevenson,0,1500,1429,10,1,1,1999-01-02,False
1610,4,False,842,Mike Ebanks,0,1581,1675,3,676,Siri Tillekeratne,0,1631,1633,5,2,1,1999-01-02,False
1611,4,False,842,Mike Ebanks,0,1581,1675,3,955,Jeff Fleetham,0,1628,1572,8,3,1,1999-01-02,False
1612,4,False,842,Mike Ebanks,0,1581,1675,3,844,Wendy McGrath,0,1524,1500,9,4,1,1999-01-02,False
1613,4,False,842,Mike Ebanks,0,1581,1675,3,839,Albert Hahn,0,1816,1807,1,6,1,1999-01-02,False
1614,4,False,842,Mike Ebanks,0,1581,1675,3,954,Randall Thomas,0,1712,1727,2,7,1,1999-01-02,False
1615,4,False,842,Mike Ebanks,0,1581,1675,3,3085,Teri Tetreault,0,1502,1520,6,8,1,1999-01-02,False
1616,4,False,842,Mike Ebanks,0,1581,1675,3,958,Wayne Clifford,0,1519,1520,7,9,1,1999-01-02,False
1617,4,False,842,Mike Ebanks,0,1581,1675,3,954,Randall Thomas,0,1712,1727,2,10,1,1999-01-02,False
1618,4,False,843,Ross Stevenson,0,1500,1429,10,844,Wendy McGrath,0,1524,1500,9,8,1,1999-01-02,False
1619,4,False,844,Wendy McGrath,0,1524,1500,9,676,Siri Tillekeratne,0,1631,1633,5,7,1,1999-01-02,False
1620,4,False,844,Wendy McGrath,0,1524,1500,9,843,Ross Stevenson,0,1500,1429,10,10,1,1999-01-02,False
1621,4,False,844,Wendy McGrath,0,1524,1500,9,958,Wayne Clifford,0,1519,1520,7,11,1,1999-01-02,False
1622,4,False,844,Wendy McGrath,0,1524,1500,9,843,Ross Stevenson,0,1500,1429,10,12,1,1999-01-02,False
1623,4,False,847,Alvina Palmer,0,1094,1085,3,4469,Tietje Piera,0,840,863,8,1,3,1999-01-02,False
1624,4,False,847,Alvina Palmer,0,1094,1085,3,1768,Anna Marie Cook,0,851,806,10,2,3,1999-01-02,False
1625,4,False,847,Alvina Palmer,0,1094,1085,3,5201,Jane Smyke,0,989,964,7,5,3,1999-01-02,False
1626,4,False,847,Alvina Palmer,0,1094,1085,3,961,Jessica Arts,0,1001,1044,2,6,3,1999-01-02,False
1627,4,False,847,Alvina Palmer,0,1094,1085,3,1801,Shirley Robertson,0,1068,1126,1,7,3,1999-01-02,False
1628,4,False,847,Alvina Palmer,0,1094,1085,3,3060,Marjorie Gross,0,1081,1023,6,8,3,1999-01-02,False
1629,4,False,847,Alvina Palmer,0,1094,1085,3,5941,Kayan Brown,0,1088,1077,4,9,3,1999-01-02,False
1630,4,False,848,Peter Maas,0,1205,1181,9,693,Bill Payne,0,1283,1269,6,6,2,1999-01-02,False
1631,4,False,848,Peter Maas,0,1205,1181,9,5884,Walter Bialobzyski,0,1104,1114,7,8,2,1999-01-02,False
1632,4,False,848,Peter Maas,0,1205,1181,9,5618,Gita Gopal,0,1233,1220,4,9,2,1999-01-02,False
1633,4,False,848,Peter Maas,0,1205,1181,9,959,Noella Ward,0,1102,1078,10,10,2,1999-01-02,False
1634,4,False,848,Peter Maas,0,1205,1181,9,959,Noella Ward,0,1102,1078,10,12,2,1999-01-02,False
1635,4,False,954,Randall Thomas,0,1712,1727,2,676,Siri Tillekeratne,0,1631,1633,5,1,1,1999-01-02,False
1636,4,False,954,Randall Thomas,0,1712,1727,2,840,Paul Sidorsky,0,1478,1542,4,2,1,1999-01-02,False
1637,4,False,954,Randall Thomas,0,1712,1727,2,843,Ross Stevenson,0,1500,1429,10,3,1,1999-01-02,False
1638,4,False,954,Randall Thomas,0,1712,1727,2,3085,Teri Tetreault,0,1502,1520,6,4,1,1999-01-02,False
1639,4,False,954,Randall Thomas,0,1712,1727,2,958,Wayne Clifford,0,1519,1520,7,5,1,1999-01-02,False
1640,4,False,954,Randall Thomas,0,1712,1727,2,844,Wendy McGrath,0,1524,1500,9,6,1,1999-01-02,False
1641,4,False,954,Randall Thomas,0,1712,1727,2,955,Jeff Fleetham,0,1628,1572,8,8,1,1999-01-02,False
1642,4,False,954,Randall Thomas,0,1712,1727,2,839,Albert Hahn,0,1816,1807,1,9,1,1999-01-02,False
1643,4,False,954,Randall Thomas,0,1712,1727,2,840,Paul Sidorsky,0,1478,1542,4,12,1,1999-01-02,False
1644,4,False,955,Jeff Fleetham,0,1628,1572,8,844,Wendy McGrath,0,1524,1500,9,2,1,1999-01-02,False
1645,4,False,955,Jeff Fleetham,0,1628,1572,8,843,Ross Stevenson,0,1500,1429,10,5,1,1999-01-02,False
1646,4,False,955,Jeff Fleetham,0,1628,1572,8,843,Ross Stevenson,0,1500,1429,10,11,1,1999-01-02,False
1647,4,False,955,Jeff Fleetham,0,1628,1572,8,958,Wayne Clifford,0,1519,1520,7,12,1,1999-01-02,False
1648,4,False,958,Wayne Clifford,0,1519,1520,7,955,Jeff Fleetham,0,1628,1572,8,1,1,1999-01-02,False
1649,4,False,958,Wayne Clifford,0,1519,1520,7,3085,Teri Tetreault,0,1502,1520,6,2,1,1999-01-02,False
1650,4,False,958,Wayne Clifford,0,1519,1520,7,844,Wendy McGrath,0,1524,1500,9,3,1,1999-01-02,False
1651,4,False,958,Wayne Clifford,0,1519,1520,7,843,Ross Stevenson,0,1500,1429,10,7,1,1999-01-02,False
1652,4,False,958,Wayne Clifford,0,1519,1520,7,840,Paul Sidorsky,0,1478,1542,4,8,1,1999-01-02,False
1653,4,False,959,Noella Ward,0,1102,1078,10,960,Sue Brigliadori,0,1098,1137,5,1,2,1999-01-02,False
1654,4,False,959,Noella Ward,0,1102,1078,10,848,Peter Maas,0,1205,1181,9,3,2,1999-01-02,False
1655,4,False,959,Noella Ward,0,1102,1078,10,1154,Donna Silbernagel,0,1116,1128,8,8,2,1999-01-02,False
1656,4,False,960,Sue Brigliadori,0,1098,1137,5,848,Peter Maas,0,1205,1181,9,2,2,1999-01-02,False
1657,4,False,960,Sue Brigliadori,0,1098,1137,5,679,Joey Payne,0,1474,1463,1,3,2,1999-01-02,False
1658,4,False,960,Sue Brigliadori,0,1098,1137,5,3506,Allan Simon,0,1346,1360,2,4,2,1999-01-02,False
1659,4,False,960,Sue Brigliadori,0,1098,1137,5,1154,Donna Silbernagel,0,1116,1128,8,9,2,1999-01-02,False
1660,4,False,960,Sue Brigliadori,0,1098,1137,5,5884,Walter Bialobzyski,0,1104,1114,7,10,2,1999-01-02,False
1661,4,False,960,Sue Brigliadori,0,1098,1137,5,5618,Gita Gopal,0,1233,1220,4,11,2,1999-01-02,False
1662,4,False,961,Jessica Arts,0,1001,1044,2,1768,Anna Marie Cook,0,851,806,10,1,3,1999-01-02,False
1663,4,False,961,Jessica Arts,0,1001,1044,2,1801,Shirley Robertson,0,1068,1126,1,3,3,1999-01-02,False
1664,4,False,961,Jessica Arts,0,1001,1044,2,5201,Jane Smyke,0,989,964,7,4,3,1999-01-02,False
1665,4,False,961,Jessica Arts,0,1001,1044,2,4469,Tietje Piera,0,840,863,8,5,3,1999-01-02,False
1666,4,False,961,Jessica Arts,0,1001,1044,2,19096,Grace Harris,0,878,896,9,8,3,1999-01-02,False
1667,4,False,961,Jessica Arts,0,1001,1044,2,1802,Louis Fernandes,0,981,989,5,9,3,1999-01-02,False
1668,4,False,961,Jessica Arts,0,1001,1044,2,5941,Kayan Brown,0,1088,1077,4,10,3,1999-01-02,False
1669,4,False,961,Jessica Arts,0,1001,1044,2,5941,Kayan Brown,0,1088,1077,4,12,3,1999-01-02,False
1670,4,False,1768,Anna Marie Cook,0,851,806,10,5201,Jane Smyke,0,989,964,7,8,3,1999-01-02,False
1671,4,False,1768,Anna Marie Cook,0,851,806,10,19096,Grace Harris,0,878,896,9,9,3,1999-01-02,False
1672,4,False,1801,Shirley Robertson,0,1068,1126,1,1802,Louis Fernandes,0,981,989,5,1,3,1999-01-02,False
1673,4,False,1801,Shirley Robertson,0,1068,1126,1,5201,Jane Smyke,0,989,964,7,2,3,1999-01-02,False
1674,4,False,1801,Shirley Robertson,0,1068,1126,1,4469,Tietje Piera,0,840,863,8,4,3,1999-01-02,False
1675,4,False,1801,Shirley Robertson,0,1068,1126,1,1768,Anna Marie Cook,0,851,806,10,5,3,1999-01-02,False
1676,4,False,1801,Shirley Robertson,0,1068,1126,1,19096,Grace Harris,0,878,896,9,6,3,1999-01-02,False
1677,4,False,1801,Shirley Robertson,0,1068,1126,1,5941,Kayan Brown,0,1088,1077,4,8,3,1999-01-02,False
1678,4,False,1801,Shirley Robertson,0,1068,1126,1,3060,Marjorie Gross,0,1081,1023,6,9,3,1999-01-02,False
1679,4,False,1801,Shirley Robertson,0,1068,1126,1,847,Alvina Palmer,0,1094,1085,3,10,3,1999-01-02,False
1680,4,False,1801,Shirley Robertson,0,1068,1126,1,961,Jessica Arts,0,1001,1044,2,11,3,1999-01-02,False
1681,4,False,1801,Shirley Robertson,0,1068,1126,1,847,Alvina Palmer,0,1094,1085,3,12,3,1999-01-02,False
1682,4,False,1802,Louis Fernandes,0,981,989,5,847,Alvina Palmer,0,1094,1085,3,4,3,1999-01-02,False
1683,4,False,1802,Louis Fernandes,0,981,989,5,3060,Marjorie Gross,0,1081,1023,6,6,3,1999-01-02,False
1684,4,False,1802,Louis Fernandes,0,981,989,5,1768,Anna Marie Cook,0,851,806,10,7,3,1999-01-02,False
1685,4,False,1802,Louis Fernandes,0,981,989,5,4469,Tietje Piera,0,840,863,8,8,3,1999-01-02,False
1686,4,False,1802,Louis Fernandes,0,981,989,5,3060,Marjorie Gross,0,1081,1023,6,10,3,1999-01-02,False
1687,4,False,1802,Louis Fernandes,0,981,989,5,5201,Jane Smyke,0,989,964,7,12,3,1999-01-02,False
1688,4,False,3060,Marjorie Gross,0,1081,1023,6,961,Jessica Arts,0,1001,1044,2,2,3,1999-01-02,False
1689,4,False,3060,Marjorie Gross,0,1081,1023,6,4469,Tietje Piera,0,840,863,8,3,3,1999-01-02,False
1690,4,False,3060,Marjorie Gross,0,1081,1023,6,1768,Anna Marie Cook,0,851,806,10,4,3,1999-01-02,False
1691,4,False,3060,Marjorie Gross,0,1081,1023,6,19096,Grace Harris,0,878,896,9,5,3,1999-01-02,False
1692,4,False,3060,Marjorie Gross,0,1081,1023,6,19096,Grace Harris,0,878,896,9,12,3,1999-01-02,False
1693,4,False,3085,Teri Tetreault,0,1502,1520,6,844,Wendy McGrath,0,1524,1500,9,1,1,1999-01-02,False
1694,4,False,3085,Teri Tetreault,0,1502,1520,6,839,Albert Hahn,0,1816,1807,1,3,1,1999-01-02,False
1695,4,False,3085,Teri Tetreault,0,1502,1520,6,955,Jeff Fleetham,0,1628,1572,8,6,1,1999-01-02,False
1696,4,False,3085,Teri Tetreault,0,1502,1520,6,840,Paul Sidorsky,0,1478,1542,4,7,1,1999-01-02,False
1697,4,False,3085,Teri Tetreault,0,1502,1520,6,843,Ross Stevenson,0,1500,1429,10,9,1,1999-01-02,False
1698,4,False,3506,Allan Simon,0,1346,1360,2,693,Bill Payne,0,1283,1269,6,1,2,1999-01-02,False
1699,4,False,3506,Allan Simon,0,1346,1360,2,5884,Walter Bialobzyski,0,1104,1114,7,2,2,1999-01-02,False
1700,4,False,3506,Allan Simon,0,1346,1360,2,1154,Donna Silbernagel,0,1116,1128,8,3,2,1999-01-02,False
1701,4,False,3506,Allan Simon,0,1346,1360,2,848,Peter Maas,0,1205,1181,9,5,2,1999-01-02,False
1702,4,False,3506,Allan Simon,0,1346,1360,2,959,Noella Ward,0,1102,1078,10,6,2,1999-01-02,False
1703,4,False,3506,Allan Simon,0,1346,1360,2,5618,Gita Gopal,0,1233,1220,4,7,2,1999-01-02,False
1704,4,False,3506,Allan Simon,0,1346,1360,2,3884,Leon Fernandes,0,1279,1290,3,8,2,1999-01-02,False
1705,4,False,3506,Allan Simon,0,1346,1360,2,693,Bill Payne,0,1283,1269,6,11,2,1999-01-02,False
1706,4,False,19096,Grace Harris,0,878,896,9,1802,Louis Fernandes,0,981,989,5,2,3,1999-01-02,False
1707,4,False,19096,Grace Harris,0,878,896,9,847,Alvina Palmer,0,1094,1085,3,3,3,1999-01-02,False
1708,4,False,19096,Grace Harris,0,878,896,9,4469,Tietje Piera,0,840,863,8,7,3,1999-01-02,False
1709,4,False,19096,Grace Harris,0,878,896,9,1768,Anna Marie Cook,0,851,806,10,10,3,1999-01-02,False
1710,4,False,19096,Grace Harris,0,878,896,9,3060,Marjorie Gross,0,1081,1023,6,11,3,1999-01-02,False
1711,4,False,3884,Leon Fernandes,0,1279,1290,3,848,Peter Maas,0,1205,1181,9,1,2,1999-01-02,False
1712,4,False,3884,Leon Fernandes,0,1279,1290,3,959,Noella Ward,0,1102,1078,10,2,2,1999-01-02,False
1713,4,False,3884,Leon Fernandes,0,1279,1290,3,5618,Gita Gopal,0,1233,1220,4,3,2,1999-01-02,False
1714,4,False,3884,Leon Fernandes,0,1279,1290,3,5884,Walter Bialobzyski,0,1104,1114,7,4,2,1999-01-02,False
1715,4,False,3884,Leon Fernandes,0,1279,1290,3,1154,Donna Silbernagel,0,1116,1128,8,5,2,1999-01-02,False
1716,4,False,3884,Leon Fernandes,0,1279,1290,3,960,Sue Brigliadori,0,1098,1137,5,6,2,1999-01-02,False
1717,4,False,3884,Leon Fernandes,0,1279,1290,3,693,Bill Payne,0,1283,1269,6,12,2,1999-01-02,False
1718,4,False,1154,Donna Silbernagel,0,1116,1128,8,5618,Gita Gopal,0,1233,1220,4,1,2,1999-01-02,False
1719,4,False,1154,Donna Silbernagel,0,1116,1128,8,679,Joey Payne,0,1474,1463,1,2,2,1999-01-02,False
1720,4,False,1154,Donna Silbernagel,0,1116,1128,8,693,Bill Payne,0,1283,1269,6,4,2,1999-01-02,False
1721,4,False,1154,Donna Silbernagel,0,1116,1128,8,848,Peter Maas,0,1205,1181,9,7,2,1999-01-02,False
1722,4,False,1154,Donna Silbernagel,0,1116,1128,8,848,Peter Maas,0,1205,1181,9,11,2,1999-01-02,False
1723,4,False,4469,Tietje Piera,0,840,863,8,5941,Kayan Brown,0,1088,1077,4,2,3,1999-01-02,False
1724,4,False,4469,Tietje Piera,0,840,863,8,1768,Anna Marie Cook,0,851,806,10,6,3,1999-01-02,False
1725,4,False,4469,Tietje Piera,0,840,863,8,5201,Jane Smyke,0,989,964,7,9,3,1999-01-02,False
1726,4,False,4469,Tietje Piera,0,840,863,8,1768,Anna Marie Cook,0,851,806,10,11,3,1999-01-02,False
1727,4,False,4469,Tietje Piera,0,840,863,8,1768,Anna Marie Cook,0,851,806,10,12,3,1999-01-02,False
1728,4,False,5201,Jane Smyke,0,989,964,7,19096,Grace Harris,0,878,896,9,1,3,1999-01-02,False
1729,4,False,5201,Jane Smyke,0,989,964,7,1802,Louis Fernandes,0,981,989,5,3,3,1999-01-02,False
1730,4,False,5201,Jane Smyke,0,989,964,7,3060,Marjorie Gross,0,1081,1023,6,7,3,1999-01-02,False
1731,4,False,5201,Jane Smyke,0,989,964,7,4469,Tietje Piera,0,840,863,8,10,3,1999-01-02,False
1732,4,False,5201,Jane Smyke,0,989,964,7,1802,Louis Fernandes,0,981,989,5,11,3,1999-01-02,False
1733,4,False,5618,Gita Gopal,0,1233,1220,4,959,Noella Ward,0,1102,1078,10,4,2,1999-01-02,False
1734,4,False,5618,Gita Gopal,0,1233,1220,4,5884,Walter Bialobzyski,0,1104,1114,7,5,2,1999-01-02,False
1735,4,False,5618,Gita Gopal,0,1233,1220,4,679,Joey Payne,0,1474,1463,1,6,2,1999-01-02,False
1736,4,False,5618,Gita Gopal,0,1233,1220,4,960,Sue Brigliadori,0,1098,1137,5,8,2,1999-01-02,False
1737,4,False,5618,Gita Gopal,0,1233,1220,4,1154,Donna Silbernagel,0,1116,1128,8,10,2,1999-01-02,False
1738,4,False,5618,Gita Gopal,0,1233,1220,4,960,Sue Brigliadori,0,1098,1137,5,12,2,1999-01-02,False
1739,4,False,5884,Walter Bialobzyski,0,1104,1114,7,1154,Donna Silbernagel,0,1116,1128,8,6,2,1999-01-02,False
1740,4,False,5884,Walter Bialobzyski,0,1104,1114,7,960,Sue Brigliadori,0,1098,1137,5,7,2,1999-01-02,False
1741,4,False,5884,Walter Bialobzyski,0,1104,1114,7,959,Noella Ward,0,1102,1078,10,9,2,1999-01-02,False
1742,4,False,5884,Walter Bialobzyski,0,1104,1114,7,959,Noella Ward,0,1102,1078,10,11,2,1999-01-02,False
1743,4,False,5884,Walter Bialobzyski,0,1104,1114,7,1154,Donna Silbernagel,0,1116,1128,8,12,2,1999-01-02,False
1744,4,False,5941,Kayan Brown,0,1088,1077,4,3060,Marjorie Gross,0,1081,1023,6,1,3,1999-01-02,False
1745,4,False,5941,Kayan Brown,0,1088,1077,4,1768,Anna Marie Cook,0,851,806,10,3,3,1999-01-02,False
1746,4,False,5941,Kayan Brown,0,1088,1077,4,19096,Grace Harris,0,878,896,9,4,3,1999-01-02,False
1747,4,False,5941,Kayan Brown,0,1088,1077,4,1802,Louis Fernandes,0,981,989,5,5,3,1999-01-02,False
1748,4,False,5941,Kayan Brown,0,1088,1077,4,5201,Jane Smyke,0,989,964,7,6,3,1999-01-02,False
1749,4,False,5941,Kayan Brown,0,1088,1077,4,961,Jessica Arts,0,1001,1044,2,7,3,1999-01-02,False
1750,4,False,5941,Kayan Brown,0,1088,1077,4,847,Alvina Palmer,0,1094,1085,3,11,3,1999-01-02,False
1751,5,False,676,Siri Tillekeratne,0,1699,1649,11,958,Wayne Clifford,0,1520,1545,6,8,1,1999-01-23,False
1752,5,False,676,Siri Tillekeratne,0,1699,1649,11,839,Albert Hahn,0,1807,1835,1,9,1,1999-01-23,False
1753,5,False,676,Siri Tillekeratne,0,1699,1649,11,954,Randall Thomas,0,1727,1683,5,10,1,1999-01-23,False
1754,5,False,676,Siri Tillekeratne,0,1699,1649,11,842,Mike Ebanks,0,1675,1574,12,11,1,1999-01-23,False
1755,5,False,676,Siri Tillekeratne,0,1699,1649,11,842,Mike Ebanks,0,1675,1574,12,12,1,1999-01-23,False
1756,5,False,693,Bill Payne,0,1269,1261,4,4791,Walter Raedeke,0,0,998,12,4,2,1999-01-23,False
1757,5,False,693,Bill Payne,0,1269,1261,4,2798,Geraldine Ridge,0,1103,1132,6,5,2,1999-01-23,False
1758,5,False,693,Bill Payne,0,1269,1261,4,1801,Shirley Robertson,0,1126,1123,11,6,2,1999-01-23,False
1759,5,False,693,Bill Payne,0,1269,1261,4,1154,Donna Silbernagel,0,1128,1121,10,7,2,1999-01-23,False
1760,5,False,693,Bill Payne,0,1269,1261,4,3506,Allan Simon,0,1287,1268,5,9,2,1999-01-23,False
1761,5,False,693,Bill Payne,0,1269,1261,4,3884,Leon Fernandes,0,1290,1294,2,10,2,1999-01-23,False
1762,5,False,693,Bill Payne,0,1269,1261,4,2717,Yvonne Lewanski,0,1275,1223,9,11,2,1999-01-23,False
1763,5,False,839,Albert Hahn,0,1807,1835,1,843,Ross Stevenson,0,1429,1464,9,1,1,1999-01-23,False
1764,5,False,839,Albert Hahn,0,1807,1835,1,4790,John Bereski,0,1458,1508,7,2,1,1999-01-23,False
1765,5,False,839,Albert Hahn,0,1807,1835,1,844,Wendy McGrath,0,1500,1512,8,3,1,1999-01-23,False
1766,5,False,839,Albert Hahn,0,1807,1835,1,3085,Teri Tetreault,0,1778,1741,2,4,1,1999-01-23,False
1767,5,False,839,Albert Hahn,0,1807,1835,1,958,Wayne Clifford,0,1520,1545,6,5,1,1999-01-23,False
1768,5,False,839,Albert Hahn,0,1807,1835,1,840,Paul Sidorsky,0,1542,1587,4,6,1,1999-01-23,False
1769,5,False,839,Albert Hahn,0,1807,1835,1,1224,Emil Rem,0,1549,1592,3,7,1,1999-01-23,False
1770,5,False,839,Albert Hahn,0,1807,1835,1,955,Jeff Fleetham,0,1572,1558,10,8,1,1999-01-23,False
1771,5,False,839,Albert Hahn,0,1807,1835,1,842,Mike Ebanks,0,1675,1574,12,10,1,1999-01-23,False
1772,5,False,839,Albert Hahn,0,1807,1835,1,954,Randall Thomas,0,1727,1683,5,11,1,1999-01-23,False
1773,5,False,839,Albert Hahn,0,1807,1835,1,1224,Emil Rem,0,1549,1592,3,12,1,1999-01-23,False
1774,5,False,840,Paul Sidorsky,0,1542,1587,4,958,Wayne Clifford,0,1520,1545,6,1,1,1999-01-23,False
1775,5,False,840,Paul Sidorsky,0,1542,1587,4,676,Siri Tillekeratne,0,1699,1649,11,3,1,1999-01-23,False
1776,5,False,840,Paul Sidorsky,0,1542,1587,4,955,Jeff Fleetham,0,1572,1558,10,4,1,1999-01-23,False
1777,5,False,840,Paul Sidorsky,0,1542,1587,4,842,Mike Ebanks,0,1675,1574,12,8,1,1999-01-23,False
1778,5,False,840,Paul Sidorsky,0,1542,1587,4,844,Wendy McGrath,0,1500,1512,8,9,1,1999-01-23,False
1779,5,False,840,Paul Sidorsky,0,1542,1587,4,4790,John Bereski,0,1458,1508,7,10,1,1999-01-23,False
1780,5,False,840,Paul Sidorsky,0,1542,1587,4,843,Ross Stevenson,0,1429,1464,9,11,1,1999-01-23,False
1781,5,False,842,Mike Ebanks,0,1675,1574,12,955,Jeff Fleetham,0,1572,1558,10,2,1,1999-01-23,False
1782,5,False,842,Mike Ebanks,0,1675,1574,12,4790,John Bereski,0,1458,1508,7,4,1,1999-01-23,False
1783,5,False,843,Ross Stevenson,0,1429,1464,9,842,Mike Ebanks,0,1675,1574,12,3,1,1999-01-23,False
1784,5,False,843,Ross Stevenson,0,1429,1464,9,676,Siri Tillekeratne,0,1699,1649,11,4,1,1999-01-23,False
1785,5,False,843,Ross Stevenson,0,1429,1464,9,844,Wendy McGrath,0,1500,1512,8,8,1,1999-01-23,False
1786,5,False,843,Ross Stevenson,0,1429,1464,9,958,Wayne Clifford,0,1520,1545,6,10,1,1999-01-23,False
1787,5,False,843,Ross Stevenson,0,1429,1464,9,955,Jeff Fleetham,0,1572,1558,10,12,1,1999-01-23,False
1788,5,False,844,Wendy McGrath,0,1500,1512,8,954,Randall Thomas,0,1727,1683,5,4,1,1999-01-23,False
1789,5,False,844,Wendy McGrath,0,1500,1512,8,842,Mike Ebanks,0,1675,1574,12,5,1,1999-01-23,False
1790,5,False,844,Wendy McGrath,0,1500,1512,8,676,Siri Tillekeratne,0,1699,1649,11,6,1,1999-01-23,False
1791,5,False,844,Wendy McGrath,0,1500,1512,8,1224,Emil Rem,0,1549,1592,3,10,1,1999-01-23,False
1792,5,False,844,Wendy McGrath,0,1500,1512,8,4790,John Bereski,0,1458,1508,7,11,1,1999-01-23,False
1793,5,False,847,Alvina Palmer,0,1085,1091,1,5974,Brenda Randell,0,508,537,10,1,3,1999-01-23,False
1794,5,False,847,Alvina Palmer,0,1085,1091,1,3926,Denise Robinson,0,610,622,9,2,3,1999-01-23,False
1795,5,False,847,Alvina Palmer,0,1085,1091,1,1768,Anna Marie Cook,0,806,827,6,3,3,1999-01-23,False
1796,5,False,847,Alvina Palmer,0,1085,1091,1,5454,Claire Andrews,0,873,886,5,4,3,1999-01-23,False
1797,5,False,847,Alvina Palmer,0,1085,1091,1,1475,Margaret West,0,874,899,4,5,3,1999-01-23,False
1798,5,False,847,Alvina Palmer,0,1085,1091,1,852,Sylvia King,0,885,793,8,6,3,1999-01-23,False
1799,5,False,847,Alvina Palmer,0,1085,1091,1,1227,Steven Faust,0,1058,1031,3,9,3,1999-01-23,False
1800,5,False,847,Alvina Palmer,0,1085,1091,1,1475,Margaret West,0,874,899,4,10,3,1999-01-23,False
1801,5,False,848,Peter Maas,0,1181,1199,3,693,Bill Payne,0,1269,1261,4,2,2,1999-01-23,False
1802,5,False,848,Peter Maas,0,1181,1199,3,1154,Donna Silbernagel,0,1128,1121,10,3,2,1999-01-23,False
1803,5,False,848,Peter Maas,0,1181,1199,3,5281,Vi Biden,0,1128,1124,8,4,2,1999-01-23,False
1804,5,False,848,Peter Maas,0,1181,1199,3,4791,Walter Raedeke,0,0,998,12,6,2,1999-01-23,False
1805,5,False,848,Peter Maas,0,1181,1199,3,3506,Allan Simon,0,1287,1268,5,7,2,1999-01-23,False
1806,5,False,848,Peter Maas,0,1181,1199,3,3884,Leon Fernandes,0,1290,1294,2,8,2,1999-01-23,False
1807,5,False,848,Peter Maas,0,1181,1199,3,1764,Brian Guilbault,0,1213,1204,7,11,2,1999-01-23,False
1808,5,True,852,Sylvia King,0,885,793,8,3926,Denise Robinson,0,610,622,9,1,3,1999-01-23,False
1809,5,False,852,Sylvia King,0,885,793,8,5974,Brenda Randell,0,508,537,10,5,3,1999-01-23,False
1810,5,False,852,Sylvia King,0,885,793,8,5974,Brenda Randell,0,508,537,10,10,3,1999-01-23,False
1811,5,False,954,Randall Thomas,0,1727,1683,5,842,Mike Ebanks,0,1675,1574,12,1,1,1999-01-23,False
1812,5,False,954,Randall Thomas,0,1727,1683,5,843,Ross Stevenson,0,1429,1464,9,2,1,1999-01-23,False
1813,5,False,954,Randall Thomas,0,1727,1683,5,3085,Teri Tetreault,0,1778,1741,2,5,1,1999-01-23,False
1814,5,False,954,Randall Thomas,0,1727,1683,5,840,Paul Sidorsky,0,1542,1587,4,7,1,1999-01-23,False
1815,5,False,954,Randall Thomas,0,1727,1683,5,955,Jeff Fleetham,0,1572,1558,10,9,1,1999-01-23,False
1816,5,False,954,Randall Thomas,0,1727,1683,5,4790,John Bereski,0,1458,1508,7,12,1,1999-01-23,False
1817,5,False,955,Jeff Fleetham,0,1572,1558,10,676,Siri Tillekeratne,0,1699,1649,11,1,1,1999-01-23,False
1818,5,False,955,Jeff Fleetham,0,1572,1558,10,843,Ross Stevenson,0,1429,1464,9,5,1,1999-01-23,False
1819,5,False,955,Jeff Fleetham,0,1572,1558,10,844,Wendy McGrath,0,1500,1512,8,7,1,1999-01-23,False
1820,5,False,955,Jeff Fleetham,0,1572,1558,10,3085,Teri Tetreault,0,1778,1741,2,10,1,1999-01-23,False
1821,5,False,955,Jeff Fleetham,0,1572,1558,10,1224,Emil Rem,0,1549,1592,3,11,1,1999-01-23,False
1822,5,False,958,Wayne Clifford,0,1520,1545,6,844,Wendy McGrath,0,1500,1512,8,2,1,1999-01-23,False
1823,5,False,958,Wayne Clifford,0,1520,1545,6,955,Jeff Fleetham,0,1572,1558,10,3,1,1999-01-23,False
1824,5,False,958,Wayne Clifford,0,1520,1545,6,954,Randall Thomas,0,1727,1683,5,6,1,1999-01-23,False
1825,5,False,958,Wayne Clifford,0,1520,1545,6,842,Mike Ebanks,0,1675,1574,12,7,1,1999-01-23,False
1826,5,False,958,Wayne Clifford,0,1520,1545,6,4790,John Bereski,0,1458,1508,7,9,1,1999-01-23,False
1827,5,False,958,Wayne Clifford,0,1520,1545,6,844,Wendy McGrath,0,1500,1512,8,12,1,1999-01-23,False
1828,5,False,960,Sue Brigliadori,0,1137,1192,1,5281,Vi Biden,0,1128,1124,8,1,2,1999-01-23,False
1829,5,False,960,Sue Brigliadori,0,1137,1192,1,1154,Donna Silbernagel,0,1128,1121,10,2,2,1999-01-23,False
1830,5,False,960,Sue Brigliadori,0,1137,1192,1,693,Bill Payne,0,1269,1261,4,3,2,1999-01-23,False
1831,5,False,960,Sue Brigliadori,0,1137,1192,1,848,Peter Maas,0,1181,1199,3,5,2,1999-01-23,False
1832,5,False,960,Sue Brigliadori,0,1137,1192,1,3506,Allan Simon,0,1287,1268,5,6,2,1999-01-23,False
1833,5,False,960,Sue Brigliadori,0,1137,1192,1,3884,Leon Fernandes,0,1290,1294,2,7,2,1999-01-23,False
1834,5,False,960,Sue Brigliadori,0,1137,1192,1,2798,Geraldine Ridge,0,1103,1132,6,10,2,1999-01-23,False
1835,5,False,960,Sue Brigliadori,0,1137,1192,1,848,Peter Maas,0,1181,1199,3,12,2,1999-01-23,False
1836,5,False,1224,Emil Rem,0,1549,1592,3,676,Siri Tillekeratne,0,1699,1649,11,2,1,1999-01-23,False
1837,5,False,1224,Emil Rem,0,1549,1592,3,3085,Teri Tetreault,0,1778,1741,2,3,1,1999-01-23,False
1838,5,False,1224,Emil Rem,0,1549,1592,3,958,Wayne Clifford,0,1520,1545,6,4,1,1999-01-23,False
1839,5,False,1224,Emil Rem,0,1549,1592,3,840,Paul Sidorsky,0,1542,1587,4,5,1,1999-01-23,False
1840,5,False,1224,Emil Rem,0,1549,1592,3,843,Ross Stevenson,0,1429,1464,9,6,1,1999-01-23,False
1841,5,False,1224,Emil Rem,0,1549,1592,3,954,Randall Thomas,0,1727,1683,5,8,1,1999-01-23,False
1842,5,False,1224,Emil Rem,0,1549,1592,3,842,Mike Ebanks,0,1675,1574,12,9,1,1999-01-23,False
1843,5,False,1227,Steven Faust,0,1058,1031,3,5974,Brenda Randell,0,508,537,10,2,3,1999-01-23,False
1844,5,False,1227,Steven Faust,0,1058,1031,3,3926,Denise Robinson,0,610,622,9,3,3,1999-01-23,False
1845,5,False,1227,Steven Faust,0,1058,1031,3,5454,Claire Andrews,0,873,886,5,5,3,1999-01-23,False
1846,5,False,1227,Steven Faust,0,1058,1031,3,852,Sylvia King,0,885,793,8,7,3,1999-01-23,False
1847,5,False,1227,Steven Faust,0,1058,1031,3,5053,Lillian Clayton,0,924,915,7,8,3,1999-01-23,False
1848,5,False,1227,Steven Faust,0,1058,1031,3,5053,Lillian Clayton,0,924,915,7,10,3,1999-01-23,False
1849,5,False,1229,Dorothy Klovan,0,1016,1017,2,1227,Steven Faust,0,1058,1031,3,1,3,1999-01-23,False
1850,5,False,1229,Dorothy Klovan,0,1016,1017,2,852,Sylvia King,0,885,793,8,2,3,1999-01-23,False
1851,5,False,1229,Dorothy Klovan,0,1016,1017,2,3926,Denise Robinson,0,610,622,9,4,3,1999-01-23,False
1852,5,False,1229,Dorothy Klovan,0,1016,1017,2,1768,Anna Marie Cook,0,806,827,6,5,3,1999-01-23,False
1853,5,False,1229,Dorothy Klovan,0,1016,1017,2,1475,Margaret West,0,874,899,4,7,3,1999-01-23,False
1854,5,False,1229,Dorothy Klovan,0,1016,1017,2,847,Alvina Palmer,0,1085,1091,1,8,3,1999-01-23,False
1855,5,False,1229,Dorothy Klovan,0,1016,1017,2,1768,Anna Marie Cook,0,806,827,6,10,3,1999-01-23,False
1856,5,False,1475,Margaret West,0,874,899,4,1768,Anna Marie Cook,0,806,827,6,1,3,1999-01-23,False
1857,5,False,1475,Margaret West,0,874,899,4,5053,Lillian Clayton,0,924,915,7,2,3,1999-01-23,False
1858,5,False,1475,Margaret West,0,874,899,4,852,Sylvia King,0,885,793,8,4,3,1999-01-23,False
1859,5,False,1475,Margaret West,0,874,899,4,1227,Steven Faust,0,1058,1031,3,6,3,1999-01-23,False
1860,5,False,1475,Margaret West,0,874,899,4,3926,Denise Robinson,0,610,622,9,8,3,1999-01-23,False
1861,5,False,1475,Margaret West,0,874,899,4,5974,Brenda Randell,0,508,537,10,9,3,1999-01-23,False
1862,5,False,1764,Brian Guilbault,0,1213,1204,7,693,Bill Payne,0,1269,1261,4,1,2,1999-01-23,False
1863,5,False,1764,Brian Guilbault,0,1213,1204,7,2717,Yvonne Lewanski,0,1275,1223,9,2,2,1999-01-23,False
1864,5,False,1764,Brian Guilbault,0,1213,1204,7,5281,Vi Biden,0,1128,1124,8,3,2,1999-01-23,False
1865,5,False,1764,Brian Guilbault,0,1213,1204,7,960,Sue Brigliadori,0,1137,1192,1,4,2,1999-01-23,False
1866,5,False,1764,Brian Guilbault,0,1213,1204,7,1801,Shirley Robertson,0,1126,1123,11,7,2,1999-01-23,False
1867,5,False,1764,Brian Guilbault,0,1213,1204,7,2717,Yvonne Lewanski,0,1275,1223,9,12,2,1999-01-23,False
1868,5,False,1768,Anna Marie Cook,0,806,827,6,1227,Steven Faust,0,1058,1031,3,4,3,1999-01-23,False
1869,5,False,1768,Anna Marie Cook,0,806,827,6,5053,Lillian Clayton,0,924,915,7,6,3,1999-01-23,False
1870,5,False,1768,Anna Marie Cook,0,806,827,6,5974,Brenda Randell,0,508,537,10,7,3,1999-01-23,False
1871,5,False,1768,Anna Marie Cook,0,806,827,6,852,Sylvia King,0,885,793,8,8,3,1999-01-23,False
1872,5,False,1768,Anna Marie Cook,0,806,827,6,3926,Denise Robinson,0,610,622,9,9,3,1999-01-23,False
1873,5,False,1801,Shirley Robertson,0,1126,1123,11,1154,Donna Silbernagel,0,1128,1121,10,1,2,1999-01-23,False
1874,5,False,1801,Shirley Robertson,0,1126,1123,11,2717,Yvonne Lewanski,0,1275,1223,9,5,2,1999-01-23,False
1875,5,False,1801,Shirley Robertson,0,1126,1123,11,4791,Walter Raedeke,0,0,998,12,8,2,1999-01-23,False
1876,5,False,1801,Shirley Robertson,0,1126,1123,11,960,Sue Brigliadori,0,1137,1192,1,9,2,1999-01-23,False
1877,5,False,1801,Shirley Robertson,0,1126,1123,11,848,Peter Maas,0,1181,1199,3,10,2,1999-01-23,False
1878,5,False,2717,Yvonne Lewanski,0,1275,1223,9,4791,Walter Raedeke,0,0,998,12,3,2,1999-01-23,False
1879,5,False,2717,Yvonne Lewanski,0,1275,1223,9,2798,Geraldine Ridge,0,1103,1132,6,4,2,1999-01-23,False
1880,5,False,2717,Yvonne Lewanski,0,1275,1223,9,1154,Donna Silbernagel,0,1128,1121,10,6,2,1999-01-23,False
1881,5,False,2717,Yvonne Lewanski,0,1275,1223,9,960,Sue Brigliadori,0,1137,1192,1,8,2,1999-01-23,False
1882,5,False,2717,Yvonne Lewanski,0,1275,1223,9,848,Peter Maas,0,1181,1199,3,9,2,1999-01-23,False
1883,5,False,2798,Geraldine Ridge,0,1103,1132,6,848,Peter Maas,0,1181,1199,3,1,2,1999-01-23,False
1884,5,False,2798,Geraldine Ridge,0,1103,1132,6,3506,Allan Simon,0,1287,1268,5,2,2,1999-01-23,False
1885,5,False,2798,Geraldine Ridge,0,1103,1132,6,1764,Brian Guilbault,0,1213,1204,7,6,2,1999-01-23,False
1886,5,False,2798,Geraldine Ridge,0,1103,1132,6,4791,Walter Raedeke,0,0,998,12,7,2,1999-01-23,False
1887,5,False,2798,Geraldine Ridge,0,1103,1132,6,5281,Vi Biden,0,1128,1124,8,9,2,1999-01-23,False
1888,5,False,2798,Geraldine Ridge,0,1103,1132,6,1801,Shirley Robertson,0,1126,1123,11,11,2,1999-01-23,False
1889,5,False,3085,Teri Tetreault,0,1778,1741,2,844,Wendy McGrath,0,1500,1512,8,1,1,1999-01-23,False
1890,5,False,3085,Teri Tetreault,0,1778,1741,2,840,Paul Sidorsky,0,1542,1587,4,2,1,1999-01-23,False
1891,5,False,3085,Teri Tetreault,0,1778,1741,2,842,Mike Ebanks,0,1675,1574,12,6,1,1999-01-23,False
1892,5,False,3085,Teri Tetreault,0,1778,1741,2,676,Siri Tillekeratne,0,1699,1649,11,7,1,1999-01-23,False
1893,5,False,3085,Teri Tetreault,0,1778,1741,2,843,Ross Stevenson,0,1429,1464,9,9,1,1999-01-23,False
1894,5,False,3085,Teri Tetreault,0,1778,1741,2,958,Wayne Clifford,0,1520,1545,6,11,1,1999-01-23,False
1895,5,False,3085,Teri Tetreault,0,1778,1741,2,840,Paul Sidorsky,0,1542,1587,4,12,1,1999-01-23,False
1896,5,False,3506,Allan Simon,0,1287,1268,5,4791,Walter Raedeke,0,0,998,12,1,2,1999-01-23,False
1897,5,False,3506,Allan Simon,0,1287,1268,5,1801,Shirley Robertson,0,1126,1123,11,3,2,1999-01-23,False
1898,5,False,3506,Allan Simon,0,1287,1268,5,1154,Donna Silbernagel,0,1128,1121,10,4,2,1999-01-23,False
1899,5,False,3506,Allan Simon,0,1287,1268,5,5281,Vi Biden,0,1128,1124,8,5,2,1999-01-23,False
1900,5,False,3506,Allan Simon,0,1287,1268,5,1764,Brian Guilbault,0,1213,1204,7,8,2,1999-01-23,False
1901,5,False,3506,Allan Simon,0,1287,1268,5,2717,Yvonne Lewanski,0,1275,1223,9,10,2,1999-01-23,False
1902,5,False,3506,Allan Simon,0,1287,1268,5,2798,Geraldine Ridge,0,1103,1132,6,12,2,1999-01-23,False
1903,5,False,3884,Leon Fernandes,0,1290,1294,2,2717,Yvonne Lewanski,0,1275,1223,9,1,2,1999-01-23,False
1904,5,False,3884,Leon Fernandes,0,1290,1294,2,4791,Walter Raedeke,0,0,998,12,2,2,1999-01-23,False
1905,5,False,3884,Leon Fernandes,0,1290,1294,2,2798,Geraldine Ridge,0,1103,1132,6,3,2,1999-01-23,False
1906,5,False,3884,Leon Fernandes,0,1290,1294,2,1801,Shirley Robertson,0,1126,1123,11,4,2,1999-01-23,False
1907,5,False,3884,Leon Fernandes,0,1290,1294,2,5281,Vi Biden,0,1128,1124,8,6,2,1999-01-23,False
1908,5,False,3884,Leon Fernandes,0,1290,1294,2,1764,Brian Guilbault,0,1213,1204,7,9,2,1999-01-23,False
1909,5,False,3884,Leon Fernandes,0,1290,1294,2,3506,Allan Simon,0,1287,1268,5,11,2,1999-01-23,False
1910,5,False,3884,Leon Fernandes,0,1290,1294,2,693,Bill Payne,0,1269,1261,4,12,2,1999-01-23,False
1911,5,False,3926,Denise Robinson,0,610,622,9,5053,Lillian Clayton,0,924,915,7,5,3,1999-01-23,False
1912,5,False,3926,Denise Robinson,0,610,622,9,5974,Brenda Randell,0,508,537,10,6,3,1999-01-23,False
1913,5,False,1154,Donna Silbernagel,0,1128,1121,10,3884,Leon Fernandes,0,1290,1294,2,5,2,1999-01-23,False
1914,5,False,1154,Donna Silbernagel,0,1128,1121,10,2798,Geraldine Ridge,0,1103,1132,6,8,2,1999-01-23,False
1915,5,False,1154,Donna Silbernagel,0,1128,1121,10,4791,Walter Raedeke,0,0,998,12,9,2,1999-01-23,False
1916,5,False,1154,Donna Silbernagel,0,1128,1121,10,1764,Brian Guilbault,0,1213,1204,7,10,2,1999-01-23,False
1917,5,False,1154,Donna Silbernagel,0,1128,1121,10,4791,Walter Raedeke,0,0,998,12,12,2,1999-01-23,False
1918,5,False,4790,John Bereski,0,1458,1508,7,1224,Emil Rem,0,1549,1592,3,1,1,1999-01-23,False
1919,5,False,4790,John Bereski,0,1458,1508,7,954,Randall Thomas,0,1727,1683,5,3,1,1999-01-23,False
1920,5,False,4790,John Bereski,0,1458,1508,7,676,Siri Tillekeratne,0,1699,1649,11,5,1,1999-01-23,False
1921,5,False,4790,John Bereski,0,1458,1508,7,955,Jeff Fleetham,0,1572,1558,10,6,1,1999-01-23,False
1922,5,False,4790,John Bereski,0,1458,1508,7,843,Ross Stevenson,0,1429,1464,9,7,1,1999-01-23,False
1923,5,False,4790,John Bereski,0,1458,1508,7,3085,Teri Tetreault,0,1778,1741,2,8,1,1999-01-23,False
1924,5,False,4791,Walter Raedeke,0,0,998,12,1764,Brian Guilbault,0,1213,1204,7,5,2,1999-01-23,False
1925,5,False,4791,Walter Raedeke,0,0,998,12,5281,Vi Biden,0,1128,1124,8,10,2,1999-01-23,False
1926,5,False,4791,Walter Raedeke,0,0,998,12,960,Sue Brigliadori,0,1137,1192,1,11,2,1999-01-23,False
1927,5,False,5053,Lillian Clayton,0,924,915,7,5454,Claire Andrews,0,873,886,5,1,3,1999-01-23,False
1928,5,False,5053,Lillian Clayton,0,924,915,7,852,Sylvia King,0,885,793,8,3,3,1999-01-23,False
1929,5,False,5053,Lillian Clayton,0,924,915,7,5974,Brenda Randell,0,508,537,10,4,3,1999-01-23,False
1930,5,False,5053,Lillian Clayton,0,924,915,7,847,Alvina Palmer,0,1085,1091,1,7,3,1999-01-23,False
1931,5,False,5053,Lillian Clayton,0,924,915,7,1229,Dorothy Klovan,0,1016,1017,2,9,3,1999-01-23,False
1932,5,False,5281,Vi Biden,0,1128,1124,8,1801,Shirley Robertson,0,1126,1123,11,2,2,1999-01-23,False
1933,5,False,5281,Vi Biden,0,1128,1124,8,2717,Yvonne Lewanski,0,1275,1223,9,7,2,1999-01-23,False
1934,5,False,5281,Vi Biden,0,1128,1124,8,693,Bill Payne,0,1269,1261,4,8,2,1999-01-23,False
1935,5,False,5281,Vi Biden,0,1128,1124,8,1154,Donna Silbernagel,0,1128,1121,10,11,2,1999-01-23,False
1936,5,False,5281,Vi Biden,0,1128,1124,8,1801,Shirley Robertson,0,1126,1123,11,12,2,1999-01-23,False
1937,5,False,5454,Claire Andrews,0,873,886,5,1768,Anna Marie Cook,0,806,827,6,2,3,1999-01-23,False
1938,5,False,5454,Claire Andrews,0,873,886,5,1475,Margaret West,0,874,899,4,3,3,1999-01-23,False
1939,5,False,5454,Claire Andrews,0,873,886,5,1229,Dorothy Klovan,0,1016,1017,2,6,3,1999-01-23,False
1940,5,False,5454,Claire Andrews,0,873,886,5,3926,Denise Robinson,0,610,622,9,7,3,1999-01-23,False
1941,5,False,5454,Claire Andrews,0,873,886,5,852,Sylvia King,0,885,793,8,9,3,1999-01-23,False
1942,5,False,5454,Claire Andrews,0,873,886,5,3926,Denise Robinson,0,610,622,9,10,3,1999-01-23,False
1943,5,False,5974,Brenda Randell,0,508,537,10,1229,Dorothy Klovan,0,1016,1017,2,3,3,1999-01-23,False
1944,5,False,5974,Brenda Randell,0,508,537,10,5454,Claire Andrews,0,873,886,5,8,3,1999-01-23,False
1945,6,False,4,John Karris,0,1800,1796,2,3987,Noah Kanter,0,1560,1562,6,1,1,1999-01-24,False
1946,6,False,4,John Karris,0,1800,1796,2,1062,Eleanor Traeg,0,1638,1647,4,3,1,1999-01-24,False
1947,6,False,4,John Karris,0,1800,1796,2,3039,Norma Fisher,0,1744,1708,5,4,1,1999-01-24,False
1948,6,False,4,John Karris,0,1800,1796,2,2169,Bruce Ward,0,1755,1739,3,5,1,1999-01-24,False
1949,6,False,7,Bennett Jacobstein,0,963,956,6,4368,Barbara Morris,0,1268,1268,2,5,3,1999-01-24,False
1950,6,False,8,Alan Whitman,0,1270,1298,4,262,Andrea Carla Michaels,0,1497,1487,2,2,2,1999-01-24,False
1951,6,False,8,Alan Whitman,0,1270,1298,4,2319,Robert Smith,0,1527,1511,3,5,2,1999-01-24,False
1952,6,False,8,Alan Whitman,0,1270,1298,4,2320,Pat Burnham,0,1352,1343,6,6,2,1999-01-24,False
1953,6,False,11,Paula Catanese,0,933,938,2,5973,David Turner,0,0,500,6,1,4,1999-01-24,False
1954,6,False,11,Paula Catanese,0,933,938,2,5972,Nedra Thaeler,0,0,845,4,2,4,1999-01-24,False
1955,6,False,11,Paula Catanese,0,933,938,2,1468,Dion Dizon,0,602,600,5,3,4,1999-01-24,False
1956,6,False,11,Paula Catanese,0,933,938,2,3299,Laurie Lu Longway,0,955,976,1,5,4,1999-01-24,False
1957,6,False,12,Pat Diener,0,1229,1257,1,7,Bennett Jacobstein,0,963,956,6,1,3,1999-01-24,False
1958,6,False,12,Pat Diener,0,1229,1257,1,1704,Bruce Tritch,0,1075,1088,4,2,3,1999-01-24,False
1959,6,False,12,Pat Diener,0,1229,1257,1,3538,Alfredo B Calubiran,0,1136,1136,3,3,3,1999-01-24,False
1960,6,False,12,Pat Diener,0,1229,1257,1,701,Jacqueline Stewart,0,1186,1154,5,5,3,1999-01-24,False
1961,6,False,12,Pat Diener,0,1229,1257,1,4368,Barbara Morris,0,1268,1268,2,6,3,1999-01-24,False
1962,6,False,262,Andrea Carla Michaels,0,1497,1487,2,2320,Pat Burnham,0,1352,1343,6,1,2,1999-01-24,False
1963,6,False,262,Andrea Carla Michaels,0,1497,1487,2,1181,Paul Beusterien,0,1498,1468,5,4,2,1999-01-24,False
1964,6,False,262,Andrea Carla Michaels,0,1497,1487,2,1181,Paul Beusterien,0,1498,1468,5,6,2,1999-01-24,False
1965,6,False,701,Jacqueline Stewart,0,1186,1154,5,7,Bennett Jacobstein,0,963,956,6,3,3,1999-01-24,False
1966,6,False,701,Jacqueline Stewart,0,1186,1154,5,7,Bennett Jacobstein,0,963,956,6,6,3,1999-01-24,False
1967,6,False,1062,Eleanor Traeg,0,1638,1647,4,3039,Norma Fisher,0,1744,1708,5,1,1,1999-01-24,False
1968,6,False,1062,Eleanor Traeg,0,1638,1647,4,3987,Noah Kanter,0,1560,1562,6,2,1,1999-01-24,False
1969,6,False,1062,Eleanor Traeg,0,1638,1647,4,3532,Brian Wagner,0,1483,1561,1,5,1,1999-01-24,False
1970,6,False,1181,Paul Beusterien,0,1498,1468,5,1456,Shirley Ritz,0,1446,1496,1,2,2,1999-01-24,False
1971,6,False,1181,Paul Beusterien,0,1498,1468,5,8,Alan Whitman,0,1270,1298,4,3,2,1999-01-24,False
1972,6,False,1456,Shirley Ritz,0,1446,1496,1,8,Alan Whitman,0,1270,1298,4,1,2,1999-01-24,False
1973,6,False,1456,Shirley Ritz,0,1446,1496,1,2320,Pat Burnham,0,1352,1343,6,3,2,1999-01-24,False
1974,6,False,1456,Shirley Ritz,0,1446,1496,1,2319,Robert Smith,0,1527,1511,3,4,2,1999-01-24,False
1975,6,False,1456,Shirley Ritz,0,1446,1496,1,262,Andrea Carla Michaels,0,1497,1487,2,5,2,1999-01-24,False
1976,6,False,1456,Shirley Ritz,0,1446,1496,1,2319,Robert Smith,0,1527,1511,3,6,2,1999-01-24,False
1977,6,False,1468,Dion Dizon,0,602,600,5,5973,David Turner,0,0,500,6,2,4,1999-01-24,False
1978,6,False,1704,Bruce Tritch,0,1075,1088,4,701,Jacqueline Stewart,0,1186,1154,5,1,3,1999-01-24,False
1979,6,False,1704,Bruce Tritch,0,1075,1088,4,7,Bennett Jacobstein,0,963,956,6,4,3,1999-01-24,False
1980,6,False,1704,Bruce Tritch,0,1075,1088,4,3538,Alfredo B Calubiran,0,1136,1136,3,6,3,1999-01-24,False
1981,6,False,2169,Bruce Ward,0,1755,1739,3,3987,Noah Kanter,0,1560,1562,6,3,1,1999-01-24,False
1982,6,False,2169,Bruce Ward,0,1755,1739,3,1062,Eleanor Traeg,0,1638,1647,4,4,1,1999-01-24,False
1983,6,False,2169,Bruce Ward,0,1755,1739,3,1062,Eleanor Traeg,0,1638,1647,4,6,1,1999-01-24,False
1984,6,False,2319,Robert Smith,0,1527,1511,3,1181,Paul Beusterien,0,1498,1468,5,1,2,1999-01-24,False
1985,6,False,2319,Robert Smith,0,1527,1511,3,2320,Pat Burnham,0,1352,1343,6,2,2,1999-01-24,False
1986,6,False,2319,Robert Smith,0,1527,1511,3,262,Andrea Carla Michaels,0,1497,1487,2,3,2,1999-01-24,False
1987,6,False,2320,Pat Burnham,0,1352,1343,6,8,Alan Whitman,0,1270,1298,4,4,2,1999-01-24,False
1988,6,False,2320,Pat Burnham,0,1352,1343,6,1181,Paul Beusterien,0,1498,1468,5,5,2,1999-01-24,False
1989,6,False,2504,Kitty Yamauchi,0,1013,999,3,1468,Dion Dizon,0,602,600,5,1,4,1999-01-24,False
1990,6,False,2504,Kitty Yamauchi,0,1013,999,3,11,Paula Catanese,0,933,938,2,4,4,1999-01-24,False
1991,6,False,2504,Kitty Yamauchi,0,1013,999,3,1468,Dion Dizon,0,602,600,5,5,4,1999-01-24,False
1992,6,False,2504,Kitty Yamauchi,0,1013,999,3,1468,Dion Dizon,0,602,600,5,6,4,1999-01-24,False
1993,6,False,3039,Norma Fisher,0,1744,1708,5,2169,Bruce Ward,0,1755,1739,3,2,1,1999-01-24,False
1994,6,False,3039,Norma Fisher,0,1744,1708,5,3532,Brian Wagner,0,1483,1561,1,3,1,1999-01-24,False
1995,6,False,3299,Laurie Lu Longway,0,955,976,1,5972,Nedra Thaeler,0,0,845,4,1,4,1999-01-24,False
1996,6,False,3299,Laurie Lu Longway,0,955,976,1,2504,Kitty Yamauchi,0,1013,999,3,2,4,1999-01-24,False
1997,6,False,3299,Laurie Lu Longway,0,955,976,1,5973,David Turner,0,0,500,6,3,4,1999-01-24,False
1998,6,False,3299,Laurie Lu Longway,0,955,976,1,1468,Dion Dizon,0,602,600,5,4,4,1999-01-24,False
1999,6,False,3299,Laurie Lu Longway,0,955,976,1,11,Paula Catanese,0,933,938,2,6,4,1999-01-24,False
2000,6,False,3532,Brian Wagner,0,1483,1561,1,2169,Bruce Ward,0,1755,1739,3,1,1,1999-01-24,False
2001,6,False,3532,Brian Wagner,0,1483,1561,1,4,John Karris,0,1800,1796,2,2,1,1999-01-24,False
2002,6,False,3532,Brian Wagner,0,1483,1561,1,3987,Noah Kanter,0,1560,1562,6,4,1,1999-01-24,False
2003,6,False,3532,Brian Wagner,0,1483,1561,1,4,John Karris,0,1800,1796,2,6,1,1999-01-24,False
2004,6,False,3538,Alfredo B Calubiran,0,1136,1136,3,7,Bennett Jacobstein,0,963,956,6,2,3,1999-01-24,False
2005,6,False,3538,Alfredo B Calubiran,0,1136,1136,3,701,Jacqueline Stewart,0,1186,1154,5,4,3,1999-01-24,False
2006,6,False,3538,Alfredo B Calubiran,0,1136,1136,3,1704,Bruce Tritch,0,1075,1088,4,5,3,1999-01-24,False
2007,6,False,3987,Noah Kanter,0,1560,1562,6,3039,Norma Fisher,0,1744,1708,5,5,1,1999-01-24,False
2008,6,False,3987,Noah Kanter,0,1560,1562,6,3039,Norma Fisher,0,1744,1708,5,6,1,1999-01-24,False
2009,6,False,4368,Barbara Morris,0,1268,1268,2,3538,Alfredo B Calubiran,0,1136,1136,3,1,3,1999-01-24,False
2010,6,False,4368,Barbara Morris,0,1268,1268,2,701,Jacqueline Stewart,0,1186,1154,5,2,3,1999-01-24,False
2011,6,False,4368,Barbara Morris,0,1268,1268,2,1704,Bruce Tritch,0,1075,1088,4,3,3,1999-01-24,False
2012,6,False,4368,Barbara Morris,0,1268,1268,2,12,Pat Diener,0,1229,1257,1,4,3,1999-01-24,False
2013,6,False,5972,Nedra Thaeler,0,0,845,4,2504,Kitty Yamauchi,0,1013,999,3,3,4,1999-01-24,False
2014,7,False,57,Jim Nanavati,0,1865,1851,3,5105,John Dafoe,0,1611,1591,7,1,1,1999-01-09,False
2015,7,False,57,Jim Nanavati,0,1865,1851,3,1223,Mike Ryan,0,1689,1712,5,2,1,1999-01-09,False
2016,7,False,57,Jim Nanavati,0,1865,1851,3,973,Shaun Goatcher,0,1791,1717,8,6,1,1999-01-09,False
2017,7,False,57,Jim Nanavati,0,1865,1851,3,1875,Jerry Scheiten,0,1702,1707,6,7,1,1999-01-09,False
2018,7,False,18635,Charmaine Wolfe,0,1453,1489,1,1279,Danny Panganiban,0,1598,1560,5,1,2,1999-01-09,False
2019,7,False,18635,Charmaine Wolfe,0,1453,1489,1,907,Tim Knowles,0,1413,1395,6,2,2,1999-01-09,False
2020,7,False,18635,Charmaine Wolfe,0,1453,1489,1,979,Steve Ozorio,0,1496,1504,3,5,2,1999-01-09,False
2021,7,False,18635,Charmaine Wolfe,0,1453,1489,1,979,Steve Ozorio,0,1496,1504,3,6,2,1999-01-09,False
2022,7,False,18635,Charmaine Wolfe,0,1453,1489,1,905,John Lodinsky,0,1486,1491,2,7,2,1999-01-09,False
2023,7,False,746,Stuart Levinsky,0,1317,1319,4,6912,Salvatore Desiato,0,1188,1192,6,4,3,1999-01-09,False
2024,7,False,746,Stuart Levinsky,0,1317,1319,4,909,Barry Spinner,0,1287,1279,5,5,3,1999-01-09,False
2025,7,False,746,Stuart Levinsky,0,1317,1319,4,806,John Robertson,0,1378,1367,3,6,3,1999-01-09,False
2026,7,False,746,Stuart Levinsky,0,1317,1319,4,3292,Anita Herczeg,0,1193,1182,7,7,3,1999-01-09,False
2027,7,False,796,Evan Berofsky,0,1400,1408,4,1279,Danny Panganiban,0,1598,1560,5,2,2,1999-01-09,False
2028,7,False,796,Evan Berofsky,0,1400,1408,4,18635,Charmaine Wolfe,0,1453,1489,1,4,2,1999-01-09,False
2029,7,False,796,Evan Berofsky,0,1400,1408,4,907,Tim Knowles,0,1413,1395,6,7,2,1999-01-09,False
2030,7,False,798,Christopher Sykes,0,1707,1745,2,973,Shaun Goatcher,0,1791,1717,8,1,1,1999-01-09,False
2031,7,False,798,Christopher Sykes,0,1707,1745,2,5105,John Dafoe,0,1611,1591,7,2,1,1999-01-09,False
2032,7,False,798,Christopher Sykes,0,1707,1745,2,57,Jim Nanavati,0,1865,1851,3,3,1,1999-01-09,False
2033,7,False,798,Christopher Sykes,0,1707,1745,2,1875,Jerry Scheiten,0,1702,1707,6,4,1,1999-01-09,False
2034,7,False,798,Christopher Sykes,0,1707,1745,2,1223,Mike Ryan,0,1689,1712,5,7,1,1999-01-09,False
2035,7,False,806,John Robertson,0,1378,1367,3,4341,Gerhard Stefely,0,1169,1159,8,1,3,1999-01-09,False
2036,7,False,806,John Robertson,0,1378,1367,3,6912,Salvatore Desiato,0,1188,1192,6,2,3,1999-01-09,False
2037,7,False,806,John Robertson,0,1378,1367,3,3292,Anita Herczeg,0,1193,1182,7,3,3,1999-01-09,False
2038,7,False,806,John Robertson,0,1378,1367,3,909,Barry Spinner,0,1287,1279,5,4,3,1999-01-09,False
2039,7,False,817,Grant Rowland,0,1332,1327,2,6912,Salvatore Desiato,0,1188,1192,6,1,3,1999-01-09,False
2040,7,False,817,Grant Rowland,0,1332,1327,2,746,Stuart Levinsky,0,1317,1319,4,3,3,1999-01-09,False
2041,7,False,817,Grant Rowland,0,1332,1327,2,4341,Gerhard Stefely,0,1169,1159,8,4,3,1999-01-09,False
2042,7,False,817,Grant Rowland,0,1332,1327,2,909,Barry Spinner,0,1287,1279,5,7,3,1999-01-09,False
2043,7,False,902,Libero Paolella,0,1843,1830,4,973,Shaun Goatcher,0,1791,1717,8,3,1,1999-01-09,False
2044,7,False,902,Libero Paolella,0,1843,1830,4,798,Christopher Sykes,0,1707,1745,2,5,1,1999-01-09,False
2045,7,False,902,Libero Paolella,0,1843,1830,4,1875,Jerry Scheiten,0,1702,1707,6,6,1,1999-01-09,False
2046,7,False,902,Libero Paolella,0,1843,1830,4,5105,John Dafoe,0,1611,1591,7,7,1,1999-01-09,False
2047,7,False,905,John Lodinsky,0,1486,1491,2,796,Evan Berofsky,0,1400,1408,4,1,2,1999-01-09,False
2048,7,False,905,John Lodinsky,0,1486,1491,2,18635,Charmaine Wolfe,0,1453,1489,1,3,2,1999-01-09,False
2049,7,False,905,John Lodinsky,0,1486,1491,2,1279,Danny Panganiban,0,1598,1560,5,5,2,1999-01-09,False
2050,7,False,905,John Lodinsky,0,1486,1491,2,907,Tim Knowles,0,1413,1395,6,6,2,1999-01-09,False
2051,7,False,907,Tim Knowles,0,1413,1395,6,905,John Lodinsky,0,1486,1491,2,4,2,1999-01-09,False
2052,7,False,907,Tim Knowles,0,1413,1395,6,796,Evan Berofsky,0,1400,1408,4,5,2,1999-01-09,False
2053,7,False,909,Barry Spinner,0,1287,1279,5,988,Yvonne Lobo,0,1334,1384,1,1,3,1999-01-09,False
2054,7,False,909,Barry Spinner,0,1287,1279,5,817,Grant Rowland,0,1332,1327,2,2,3,1999-01-09,False
2055,7,False,909,Barry Spinner,0,1287,1279,5,4341,Gerhard Stefely,0,1169,1159,8,6,3,1999-01-09,False
2056,7,False,979,Steve Ozorio,0,1496,1504,3,907,Tim Knowles,0,1413,1395,6,1,2,1999-01-09,False
2057,7,False,979,Steve Ozorio,0,1496,1504,3,905,John Lodinsky,0,1486,1491,2,2,2,1999-01-09,False
2058,7,False,979,Steve Ozorio,0,1496,1504,3,796,Evan Berofsky,0,1400,1408,4,3,2,1999-01-09,False
2059,7,False,979,Steve Ozorio,0,1496,1504,3,1279,Danny Panganiban,0,1598,1560,5,7,2,1999-01-09,False
2060,7,False,988,Yvonne Lobo,0,1334,1384,1,746,Stuart Levinsky,0,1317,1319,4,2,3,1999-01-09,False
2061,7,False,988,Yvonne Lobo,0,1334,1384,1,4341,Gerhard Stefely,0,1169,1159,8,3,3,1999-01-09,False
2062,7,False,988,Yvonne Lobo,0,1334,1384,1,3292,Anita Herczeg,0,1193,1182,7,4,3,1999-01-09,False
2063,7,False,988,Yvonne Lobo,0,1334,1384,1,806,John Robertson,0,1378,1367,3,5,3,1999-01-09,False
2064,7,False,988,Yvonne Lobo,0,1334,1384,1,817,Grant Rowland,0,1332,1327,2,6,3,1999-01-09,False
2065,7,False,988,Yvonne Lobo,0,1334,1384,1,806,John Robertson,0,1378,1367,3,7,3,1999-01-09,False
2066,7,False,996,Ruth Simpson,0,1093,1081,3,5523,Magdalene Barrett,0,860,858,6,1,4,1999-01-09,False
2067,7,False,996,Ruth Simpson,0,1093,1081,3,3089,Joyce Wood,0,957,940,5,2,4,1999-01-09,False
2068,7,False,996,Ruth Simpson,0,1093,1081,3,5867,Joyce Skuse,0,978,964,4,4,4,1999-01-09,False
2069,7,False,996,Ruth Simpson,0,1093,1081,3,3089,Joyce Wood,0,957,940,5,7,4,1999-01-09,False
2070,7,False,1017,Emilie Henkelman,0,591,596,6,1669,Simon Latter,0,500,470,8,2,5,1999-01-09,False
2071,7,False,1017,Emilie Henkelman,0,591,596,6,4983,Jim Masluk,0,659,684,4,4,5,1999-01-09,False
2072,7,False,1017,Emilie Henkelman,0,591,596,6,5788,Kent Doe,0,0,521,7,6,5,1999-01-09,False
2073,7,False,1223,Mike Ryan,0,1689,1712,5,902,Libero Paolella,0,1843,1830,4,1,1,1999-01-09,False
2074,7,False,1223,Mike Ryan,0,1689,1712,5,973,Shaun Goatcher,0,1791,1717,8,4,1,1999-01-09,False
2075,7,False,1223,Mike Ryan,0,1689,1712,5,5105,John Dafoe,0,1611,1591,7,5,1,1999-01-09,False
2076,7,False,1223,Mike Ryan,0,1689,1712,5,798,Christopher Sykes,0,1707,1745,2,6,1,1999-01-09,False
2077,7,False,11227,Kate Boys,0,904,862,5,4983,Jim Masluk,0,659,684,4,1,5,1999-01-09,False
2078,7,False,11227,Kate Boys,0,904,862,5,5788,Kent Doe,0,0,521,7,3,5,1999-01-09,False
2079,7,False,11227,Kate Boys,0,904,862,5,4624,Ken Somerville,0,755,764,3,5,5,1999-01-09,False
2080,7,False,11227,Kate Boys,0,904,862,5,1669,Simon Latter,0,500,470,8,6,5,1999-01-09,False
2081,7,False,1279,Danny Panganiban,0,1598,1560,5,907,Tim Knowles,0,1413,1395,6,3,2,1999-01-09,False
2082,7,False,1279,Danny Panganiban,0,1598,1560,5,979,Steve Ozorio,0,1496,1504,3,4,2,1999-01-09,False
2083,7,False,1279,Danny Panganiban,0,1598,1560,5,796,Evan Berofsky,0,1400,1408,4,6,2,1999-01-09,False
2084,7,False,1628,Craig Rowland,0,1711,1833,1,1875,Jerry Scheiten,0,1702,1707,6,1,1,1999-01-09,False
2085,7,False,1628,Craig Rowland,0,1711,1833,1,902,Libero Paolella,0,1843,1830,4,2,1,1999-01-09,False
2086,7,False,1628,Craig Rowland,0,1711,1833,1,1223,Mike Ryan,0,1689,1712,5,3,1,1999-01-09,False
2087,7,False,1628,Craig Rowland,0,1711,1833,1,57,Jim Nanavati,0,1865,1851,3,4,1,1999-01-09,False
2088,7,False,1628,Craig Rowland,0,1711,1833,1,973,Shaun Goatcher,0,1791,1717,8,5,1,1999-01-09,False
2089,7,False,1628,Craig Rowland,0,1711,1833,1,5105,John Dafoe,0,1611,1591,7,6,1,1999-01-09,False
2090,7,False,1628,Craig Rowland,0,1711,1833,1,973,Shaun Goatcher,0,1791,1717,8,7,1,1999-01-09,False
2091,7,False,1669,Simon Latter,0,500,470,8,915,Betzy Collins,0,761,828,1,1,5,1999-01-09,False
2092,7,False,1875,Jerry Scheiten,0,1702,1707,6,973,Shaun Goatcher,0,1791,1717,8,2,1,1999-01-09,False
2093,7,False,1875,Jerry Scheiten,0,1702,1707,6,5105,John Dafoe,0,1611,1591,7,3,1,1999-01-09,False
2094,7,False,1875,Jerry Scheiten,0,1702,1707,6,57,Jim Nanavati,0,1865,1851,3,5,1,1999-01-09,False
2095,7,False,2539,Frances Forsythe,0,761,756,2,5788,Kent Doe,0,0,521,7,1,5,1999-01-09,False
2096,7,False,2539,Frances Forsythe,0,761,756,2,11227,Kate Boys,0,904,862,5,2,5,1999-01-09,False
2097,7,False,2539,Frances Forsythe,0,761,756,2,1669,Simon Latter,0,500,470,8,4,5,1999-01-09,False
2098,7,False,2539,Frances Forsythe,0,761,756,2,1017,Emilie Henkelman,0,591,596,6,5,5,1999-01-09,False
2099,7,False,3089,Joyce Wood,0,957,940,5,5866,Jean Wilson,0,1074,1061,2,1,4,1999-01-09,False
2100,7,False,3089,Joyce Wood,0,957,940,5,5523,Magdalene Barrett,0,860,858,6,4,4,1999-01-09,False
2101,7,False,3292,Anita Herczeg,0,1193,1182,7,746,Stuart Levinsky,0,1317,1319,4,1,3,1999-01-09,False
2102,7,False,3292,Anita Herczeg,0,1193,1182,7,817,Grant Rowland,0,1332,1327,2,5,3,1999-01-09,False
2103,7,False,4341,Gerhard Stefely,0,1169,1159,8,3292,Anita Herczeg,0,1193,1182,7,2,3,1999-01-09,False
2104,7,False,4341,Gerhard Stefely,0,1169,1159,8,6912,Salvatore Desiato,0,1188,1192,6,5,3,1999-01-09,False
2105,7,False,4624,Ken Somerville,0,755,764,3,1017,Emilie Henkelman,0,591,596,6,1,5,1999-01-09,False
2106,7,False,4624,Ken Somerville,0,755,764,3,2539,Frances Forsythe,0,761,756,2,3,5,1999-01-09,False
2107,7,False,4624,Ken Somerville,0,755,764,3,5788,Kent Doe,0,0,521,7,4,5,1999-01-09,False
2108,7,False,4624,Ken Somerville,0,755,764,3,11227,Kate Boys,0,904,862,5,7,5,1999-01-09,False
2109,7,False,4983,Jim Masluk,0,659,684,4,4624,Ken Somerville,0,755,764,3,2,5,1999-01-09,False
2110,7,False,4983,Jim Masluk,0,659,684,4,1669,Simon Latter,0,500,470,8,3,5,1999-01-09,False
2111,7,False,4983,Jim Masluk,0,659,684,4,2539,Frances Forsythe,0,761,756,2,6,5,1999-01-09,False
2112,7,False,4983,Jim Masluk,0,659,684,4,1017,Emilie Henkelman,0,591,596,6,7,5,1999-01-09,False
2113,7,False,5105,John Dafoe,0,1611,1591,7,902,Libero Paolella,0,1843,1830,4,4,1,1999-01-09,False
2114,7,False,915,Betzy Collins,0,761,828,1,5788,Kent Doe,0,0,521,7,2,5,1999-01-09,False
2115,7,False,915,Betzy Collins,0,761,828,1,1017,Emilie Henkelman,0,591,596,6,3,5,1999-01-09,False
2116,7,False,915,Betzy Collins,0,761,828,1,11227,Kate Boys,0,904,862,5,4,5,1999-01-09,False
2117,7,False,915,Betzy Collins,0,761,828,1,4983,Jim Masluk,0,659,684,4,5,5,1999-01-09,False
2118,7,False,915,Betzy Collins,0,761,828,1,4624,Ken Somerville,0,755,764,3,6,5,1999-01-09,False
2119,7,False,915,Betzy Collins,0,761,828,1,2539,Frances Forsythe,0,761,756,2,7,5,1999-01-09,False
2120,7,False,5523,Magdalene Barrett,0,860,858,6,5867,Joyce Skuse,0,978,964,4,5,4,1999-01-09,False
2121,7,False,5523,Magdalene Barrett,0,860,858,6,5867,Joyce Skuse,0,978,964,4,6,4,1999-01-09,False
2122,7,False,5788,Kent Doe,0,0,521,7,1669,Simon Latter,0,500,470,8,5,5,1999-01-09,False
2123,7,False,5788,Kent Doe,0,0,521,7,1669,Simon Latter,0,500,470,8,7,5,1999-01-09,False
2124,7,False,5866,Jean Wilson,0,1074,1061,2,5523,Magdalene Barrett,0,860,858,6,3,4,1999-01-09,False
2125,7,False,5866,Jean Wilson,0,1074,1061,2,5911,Barbara Mersereau,0,949,1040,1,4,4,1999-01-09,False
2126,7,False,5866,Jean Wilson,0,1074,1061,2,996,Ruth Simpson,0,1093,1081,3,5,4,1999-01-09,False
2127,7,False,5866,Jean Wilson,0,1074,1061,2,3089,Joyce Wood,0,957,940,5,6,4,1999-01-09,False
2128,7,False,5867,Joyce Skuse,0,978,964,4,5866,Jean Wilson,0,1074,1061,2,2,4,1999-01-09,False
2129,7,False,5867,Joyce Skuse,0,978,964,4,3089,Joyce Wood,0,957,940,5,3,4,1999-01-09,False
2130,7,False,5867,Joyce Skuse,0,978,964,4,5523,Magdalene Barrett,0,860,858,6,7,4,1999-01-09,False
2131,7,False,5911,Barbara Mersereau,0,949,1040,1,5867,Joyce Skuse,0,978,964,4,1,4,1999-01-09,False
2132,7,False,5911,Barbara Mersereau,0,949,1040,1,5523,Magdalene Barrett,0,860,858,6,2,4,1999-01-09,False
2133,7,False,5911,Barbara Mersereau,0,949,1040,1,996,Ruth Simpson,0,1093,1081,3,3,4,1999-01-09,False
2134,7,False,5911,Barbara Mersereau,0,949,1040,1,3089,Joyce Wood,0,957,940,5,5,4,1999-01-09,False
2135,7,False,5911,Barbara Mersereau,0,949,1040,1,996,Ruth Simpson,0,1093,1081,3,6,4,1999-01-09,False
2136,7,False,5911,Barbara Mersereau,0,949,1040,1,5866,Jean Wilson,0,1074,1061,2,7,4,1999-01-09,False
2137,7,False,6912,Salvatore Desiato,0,1188,1192,6,909,Barry Spinner,0,1287,1279,5,3,3,1999-01-09,False
2138,7,False,6912,Salvatore Desiato,0,1188,1192,6,3292,Anita Herczeg,0,1193,1182,7,6,3,1999-01-09,False
2139,7,False,6912,Salvatore Desiato,0,1188,1192,6,4341,Gerhard Stefely,0,1169,1159,8,7,3,1999-01-09,False
2140,8,False,337,Bruce D Ambrosio,0,1744,1709,4,344,Ira Cohen,0,1897,1875,2,5,1,1999-01-03,False
2141,8,False,337,Bruce D Ambrosio,0,1744,1709,4,664,Nathan Benedict,0,1683,1709,1,6,1,1999-01-03,False
2142,8,False,344,Ira Cohen,0,1897,1875,2,337,Bruce D Ambrosio,0,1744,1709,4,2,1,1999-01-03,False
2143,8,False,344,Ira Cohen,0,1897,1875,2,353,Gary Moss,0,1612,1654,3,3,1,1999-01-03,False
2144,8,False,344,Ira Cohen,0,1897,1875,2,353,Gary Moss,0,1612,1654,3,6,1,1999-01-03,False
2145,8,False,344,Ira Cohen,0,1897,1875,2,664,Nathan Benedict,0,1683,1709,1,7,1,1999-01-03,False
2146,8,False,353,Gary Moss,0,1612,1654,3,337,Bruce D Ambrosio,0,1744,1709,4,1,1,1999-01-03,False
2147,8,False,353,Gary Moss,0,1612,1654,3,664,Nathan Benedict,0,1683,1709,1,2,1,1999-01-03,False
2148,8,False,353,Gary Moss,0,1612,1654,3,337,Bruce D Ambrosio,0,1744,1709,4,4,1,1999-01-03,False
2149,8,False,353,Gary Moss,0,1612,1654,3,337,Bruce D Ambrosio,0,1744,1709,4,7,1,1999-01-03,False
2150,8,False,374,Najat Reikes,0,1004,994,8,4519,Roger Donnici,0,1021,1028,7,5,2,1999-01-03,False
2151,8,False,378,Emilie Pandolfi,0,1046,1096,4,2617,David Pearl,0,1332,1281,6,1,2,1999-01-03,False
2152,8,False,378,Emilie Pandolfi,0,1046,1096,4,4519,Roger Donnici,0,1021,1028,7,2,2,1999-01-03,False
2153,8,False,378,Emilie Pandolfi,0,1046,1096,4,374,Najat Reikes,0,1004,994,8,6,2,1999-01-03,False
2154,8,False,378,Emilie Pandolfi,0,1046,1096,4,701,Jacqueline Stewart,0,1173,1152,5,7,2,1999-01-03,False
2155,8,False,397,Marilyn Shea,0,629,709,4,5721,Jerry Fuller,0,988,956,2,2,3,1999-01-03,False
2156,8,False,397,Marilyn Shea,0,629,709,4,1427,Ken Louie,0,928,885,3,3,3,1999-01-03,False
2157,8,False,397,Marilyn Shea,0,629,709,4,4404,Eleanor Gleitsmann,0,820,806,6,4,3,1999-01-03,False
2158,8,False,664,Nathan Benedict,0,1683,1709,1,344,Ira Cohen,0,1897,1875,2,1,1,1999-01-03,False
2159,8,False,664,Nathan Benedict,0,1683,1709,1,337,Bruce D Ambrosio,0,1744,1709,4,3,1,1999-01-03,False
2160,8,False,664,Nathan Benedict,0,1683,1709,1,344,Ira Cohen,0,1897,1875,2,4,1,1999-01-03,False
2161,8,False,664,Nathan Benedict,0,1683,1709,1,353,Gary Moss,0,1612,1654,3,5,1,1999-01-03,False
2162,8,False,681,Ronald Howard,0,1316,1430,1,701,Jacqueline Stewart,0,1173,1152,5,1,2,1999-01-03,False
2163,8,False,681,Ronald Howard,0,1316,1430,1,2617,David Pearl,0,1332,1281,6,2,2,1999-01-03,False
2164,8,False,681,Ronald Howard,0,1316,1430,1,4519,Roger Donnici,0,1021,1028,7,3,2,1999-01-03,False
2165,8,False,681,Ronald Howard,0,1316,1430,1,378,Emilie Pandolfi,0,1046,1096,4,4,2,1999-01-03,False
2166,8,False,681,Ronald Howard,0,1316,1430,1,5559,Helen Tieger,0,1354,1379,2,5,2,1999-01-03,False
2167,8,False,681,Ronald Howard,0,1316,1430,1,1727,Gina Dumez,0,1422,1396,3,6,2,1999-01-03,False
2168,8,False,681,Ronald Howard,0,1316,1430,1,374,Najat Reikes,0,1004,994,8,7,2,1999-01-03,False
2169,8,False,691,Bill Lapinski,0,829,1000,1,1427,Ken Louie,0,928,885,3,1,3,1999-01-03,False
2170,8,False,691,Bill Lapinski,0,829,1000,1,4404,Eleanor Gleitsmann,0,820,806,6,2,3,1999-01-03,False
2171,8,False,691,Bill Lapinski,0,829,1000,1,5721,Jerry Fuller,0,988,956,2,3,3,1999-01-03,False
2172,8,False,691,Bill Lapinski,0,829,1000,1,1600,Pat Kovalcheck,0,892,880,5,4,3,1999-01-03,False
2173,8,False,691,Bill Lapinski,0,829,1000,1,397,Marilyn Shea,0,629,709,4,5,3,1999-01-03,False
2174,8,False,691,Bill Lapinski,0,829,1000,1,4404,Eleanor Gleitsmann,0,820,806,6,6,3,1999-01-03,False
2175,8,False,691,Bill Lapinski,0,829,1000,1,397,Marilyn Shea,0,629,709,4,7,3,1999-01-03,False
2176,8,False,701,Jacqueline Stewart,0,1173,1152,5,1727,Gina Dumez,0,1422,1396,3,2,2,1999-01-03,False
2177,8,False,701,Jacqueline Stewart,0,1173,1152,5,374,Najat Reikes,0,1004,994,8,3,2,1999-01-03,False
2178,8,False,1600,Pat Kovalcheck,0,892,880,5,397,Marilyn Shea,0,629,709,4,1,3,1999-01-03,False
2179,8,False,1600,Pat Kovalcheck,0,892,880,5,1427,Ken Louie,0,928,885,3,2,3,1999-01-03,False
2180,8,False,1600,Pat Kovalcheck,0,892,880,5,4404,Eleanor Gleitsmann,0,820,806,6,3,3,1999-01-03,False
2181,8,False,1727,Gina Dumez,0,1422,1396,3,374,Najat Reikes,0,1004,994,8,1,2,1999-01-03,False
2182,8,False,1727,Gina Dumez,0,1422,1396,3,2617,David Pearl,0,1332,1281,6,3,2,1999-01-03,False
2183,8,False,1727,Gina Dumez,0,1422,1396,3,4519,Roger Donnici,0,1021,1028,7,4,2,1999-01-03,False
2184,8,False,1727,Gina Dumez,0,1422,1396,3,378,Emilie Pandolfi,0,1046,1096,4,5,2,1999-01-03,False
2185,8,False,2617,David Pearl,0,1332,1281,6,374,Najat Reikes,0,1004,994,8,4,2,1999-01-03,False
2186,8,False,2617,David Pearl,0,1332,1281,6,701,Jacqueline Stewart,0,1173,1152,5,5,2,1999-01-03,False
2187,8,False,4404,Eleanor Gleitsmann,0,820,806,6,5721,Jerry Fuller,0,988,956,2,1,3,1999-01-03,False
2188,8,False,4404,Eleanor Gleitsmann,0,820,806,6,1427,Ken Louie,0,928,885,3,5,3,1999-01-03,False
2189,8,False,4519,Roger Donnici,0,1021,1028,7,701,Jacqueline Stewart,0,1173,1152,5,6,2,1999-01-03,False
2190,8,False,4519,Roger Donnici,0,1021,1028,7,2617,David Pearl,0,1332,1281,6,7,2,1999-01-03,False
2191,8,False,5559,Helen Tieger,0,1354,1379,2,4519,Roger Donnici,0,1021,1028,7,1,2,1999-01-03,False
2192,8,False,5559,Helen Tieger,0,1354,1379,2,374,Najat Reikes,0,1004,994,8,2,2,1999-01-03,False
2193,8,False,5559,Helen Tieger,0,1354,1379,2,378,Emilie Pandolfi,0,1046,1096,4,3,2,1999-01-03,False
2194,8,False,5559,Helen Tieger,0,1354,1379,2,701,Jacqueline Stewart,0,1173,1152,5,4,2,1999-01-03,False
2195,8,False,5559,Helen Tieger,0,1354,1379,2,2617,David Pearl,0,1332,1281,6,6,2,1999-01-03,False
2196,8,False,5559,Helen Tieger,0,1354,1379,2,1727,Gina Dumez,0,1422,1396,3,7,2,1999-01-03,False
2197,8,False,5721,Jerry Fuller,0,988,956,2,1600,Pat Kovalcheck,0,892,880,5,5,3,1999-01-03,False
2198,8,False,5721,Jerry Fuller,0,988,956,2,1600,Pat Kovalcheck,0,892,880,5,6,3,1999-01-03,False
2199,8,False,5721,Jerry Fuller,0,988,956,2,1600,Pat Kovalcheck,0,892,880,5,7,3,1999-01-03,False
2200,8,False,1427,Ken Louie,0,928,885,3,5721,Jerry Fuller,0,988,956,2,4,3,1999-01-03,False
2201,8,False,1427,Ken Louie,0,928,885,3,397,Marilyn Shea,0,629,709,4,6,3,1999-01-03,False
2202,8,False,1427,Ken Louie,0,928,885,3,4404,Eleanor Gleitsmann,0,820,806,6,7,3,1999-01-03,False
2203,9,False,2,Jerry Lerman,0,1827,1842,2,260,Cynthia Pughsley,0,1774,1764,5,1,1,1999-01-10,False
2204,9,False,2,Jerry Lerman,0,1827,1842,2,238,Stuart Goldman,0,1732,1728,6,2,1,1999-01-10,False
2205,9,False,2,Jerry Lerman,0,1827,1842,2,2169,Bruce Ward,0,1766,1755,4,5,1,1999-01-10,False
2206,9,False,2,Jerry Lerman,0,1827,1842,2,260,Cynthia Pughsley,0,1774,1764,5,6,1,1999-01-10,False
2207,9,False,7,Bennett Jacobstein,0,1026,1050,3,11,Paula Catanese,0,966,956,4,1,5,1999-01-10,False
2208,9,False,7,Bennett Jacobstein,0,1026,1050,3,1704,Bruce Tritch,0,1064,1075,2,4,5,1999-01-10,False
2209,9,False,7,Bennett Jacobstein,0,1026,1050,3,3299,Laurie Lu Longway,0,972,961,5,5,5,1999-01-10,False
2210,9,False,7,Bennett Jacobstein,0,1026,1050,3,3299,Laurie Lu Longway,0,972,961,5,6,5,1999-01-10,False
2211,9,False,11,Paula Catanese,0,966,956,4,1047,Judy Romanenkov,0,1040,994,6,2,5,1999-01-10,False
2212,9,False,11,Paula Catanese,0,966,956,4,1047,Judy Romanenkov,0,1040,994,6,6,5,1999-01-10,False
2213,9,False,12,Pat Diener,0,1203,1225,2,1038,Irene Averell,0,1198,1197,4,1,4,1999-01-10,False
2214,9,False,12,Pat Diener,0,1203,1225,2,5692,Therese Berreyesa,0,1087,1110,3,2,4,1999-01-10,False
2215,9,False,12,Pat Diener,0,1203,1225,2,5947,Ina Bendis,0,1270,1194,6,3,4,1999-01-10,False
2216,9,False,12,Pat Diener,0,1203,1225,2,25,Lynn Joseph,0,1275,1245,5,4,4,1999-01-10,False
2217,9,False,25,Lynn Joseph,0,1275,1245,5,5692,Therese Berreyesa,0,1087,1110,3,1,4,1999-01-10,False
2218,9,False,27,Myrna Cohen,0,0,764,5,2739,Charlotte Bremond,0,731,711,7,1,6,1999-01-10,False
2219,9,False,27,Myrna Cohen,0,0,764,5,5948,Laurie Neal,0,0,579,6,4,6,1999-01-10,False
2220,9,False,27,Myrna Cohen,0,0,764,5,1468,Dion Dizon,0,567,602,3,5,6,1999-01-10,False
2221,9,False,30,John Green,0,808,787,4,5949,Jacqueline Marie Skarr,0,0,500,8,2,6,1999-01-10,False
2222,9,False,30,John Green,0,808,787,4,5948,Laurie Neal,0,0,579,6,3,6,1999-01-10,False
2223,9,False,30,John Green,0,808,787,4,2739,Charlotte Bremond,0,731,711,7,6,6,1999-01-10,False
2224,9,False,238,Stuart Goldman,0,1732,1728,6,2169,Bruce Ward,0,1766,1755,4,3,1,1999-01-10,False
2225,9,False,238,Stuart Goldman,0,1732,1728,6,260,Cynthia Pughsley,0,1774,1764,5,5,1,1999-01-10,False
2226,9,False,260,Cynthia Pughsley,0,1774,1764,5,727,Lester Schonbrun,0,1954,1937,3,3,1,1999-01-10,False
2227,9,False,260,Cynthia Pughsley,0,1774,1764,5,2169,Bruce Ward,0,1766,1755,4,4,1,1999-01-10,False
2228,9,False,261,Dan Unger,0,1675,1690,2,263,Marilyn Gage,0,1587,1560,6,1,2,1999-01-10,False
2229,9,False,261,Dan Unger,0,1675,1690,2,1062,Eleanor Traeg,0,1667,1662,3,3,2,1999-01-10,False
2230,9,False,261,Dan Unger,0,1675,1690,2,3039,Norma Fisher,0,1721,1726,1,5,2,1999-01-10,False
2231,9,False,261,Dan Unger,0,1675,1690,2,2072,Rita Dady,0,1663,1661,5,6,2,1999-01-10,False
2232,9,False,262,Andrea Carla Michaels,0,1508,1497,3,2319,Robert Smith,0,1423,1411,5,1,3,1999-01-10,False
2233,9,False,262,Andrea Carla Michaels,0,1508,1497,3,1183,Victor Havens,0,1314,1321,6,4,3,1999-01-10,False
2234,9,False,262,Andrea Carla Michaels,0,1508,1497,3,2319,Robert Smith,0,1423,1411,5,6,3,1999-01-10,False
2235,9,False,263,Marilyn Gage,0,1587,1560,6,747,Joan Mocine,0,1585,1599,4,3,2,1999-01-10,False
2236,9,False,727,Lester Schonbrun,0,1954,1937,3,238,Stuart Goldman,0,1732,1728,6,1,1,1999-01-10,False
2237,9,False,727,Lester Schonbrun,0,1954,1937,3,2,Jerry Lerman,0,1827,1842,2,4,1,1999-01-10,False
2238,9,False,727,Lester Schonbrun,0,1954,1937,3,4076,Robert Felt,0,1900,1924,1,5,1,1999-01-10,False
2239,9,False,747,Joan Mocine,0,1585,1599,4,3039,Norma Fisher,0,1721,1726,1,1,2,1999-01-10,False
2240,9,False,747,Joan Mocine,0,1585,1599,4,1062,Eleanor Traeg,0,1667,1662,3,2,2,1999-01-10,False
2241,9,False,747,Joan Mocine,0,1585,1599,4,261,Dan Unger,0,1675,1690,2,4,2,1999-01-10,False
2242,9,False,1038,Irene Averell,0,1198,1197,4,5947,Ina Bendis,0,1270,1194,6,2,4,1999-01-10,False
2243,9,False,1038,Irene Averell,0,1198,1197,4,25,Lynn Joseph,0,1275,1245,5,3,4,1999-01-10,False
2244,9,False,1038,Irene Averell,0,1198,1197,4,5692,Therese Berreyesa,0,1087,1110,3,5,4,1999-01-10,False
2245,9,False,1047,Judy Romanenkov,0,1040,994,6,7,Bennett Jacobstein,0,1026,1050,3,3,5,1999-01-10,False
2246,9,False,1062,Eleanor Traeg,0,1667,1662,3,2072,Rita Dady,0,1663,1661,5,1,2,1999-01-10,False
2247,9,False,1062,Eleanor Traeg,0,1667,1662,3,263,Marilyn Gage,0,1587,1560,6,5,2,1999-01-10,False
2248,9,False,1062,Eleanor Traeg,0,1667,1662,3,263,Marilyn Gage,0,1587,1560,6,6,2,1999-01-10,False
2249,9,False,1181,Paul Beusterien,0,1513,1498,4,262,Andrea Carla Michaels,0,1508,1497,3,2,3,1999-01-10,False
2250,9,False,1181,Paul Beusterien,0,1513,1498,4,1183,Victor Havens,0,1314,1321,6,5,3,1999-01-10,False
2251,9,False,1181,Paul Beusterien,0,1513,1498,4,1183,Victor Havens,0,1314,1321,6,6,3,1999-01-10,False
2252,9,False,1183,Victor Havens,0,1314,1321,6,3987,Noah Kanter,0,1521,1528,1,1,3,1999-01-10,False
2253,9,False,1183,Victor Havens,0,1314,1321,6,2319,Robert Smith,0,1423,1411,5,3,3,1999-01-10,False
2254,9,False,1456,Shirley Ritz,0,1444,1468,2,1181,Paul Beusterien,0,1513,1498,4,1,3,1999-01-10,False
2255,9,False,1456,Shirley Ritz,0,1444,1468,2,1183,Victor Havens,0,1314,1321,6,2,3,1999-01-10,False
2256,9,False,1456,Shirley Ritz,0,1444,1468,2,262,Andrea Carla Michaels,0,1508,1497,3,3,3,1999-01-10,False
2257,9,False,1456,Shirley Ritz,0,1444,1468,2,3987,Noah Kanter,0,1521,1528,1,6,3,1999-01-10,False
2258,9,False,1468,Dion Dizon,0,567,602,3,30,John Green,0,808,787,4,1,6,1999-01-10,False
2259,9,False,1468,Dion Dizon,0,567,602,3,4374,Eve M Wengler,0,900,892,2,2,6,1999-01-10,False
2260,9,False,1468,Dion Dizon,0,567,602,3,5949,Jacqueline Marie Skarr,0,0,500,8,4,6,1999-01-10,False
2261,9,False,1704,Bruce Tritch,0,1064,1075,2,3001,Linda McInerney,0,921,1061,1,1,5,1999-01-10,False
2262,9,False,1704,Bruce Tritch,0,1064,1075,2,3299,Laurie Lu Longway,0,972,961,5,2,5,1999-01-10,False
2263,9,False,1704,Bruce Tritch,0,1064,1075,2,11,Paula Catanese,0,966,956,4,3,5,1999-01-10,False
2264,9,False,1704,Bruce Tritch,0,1064,1075,2,1047,Judy Romanenkov,0,1040,994,6,5,5,1999-01-10,False
2265,9,False,2072,Rita Dady,0,1663,1661,5,261,Dan Unger,0,1675,1690,2,2,2,1999-01-10,False
2266,9,False,2072,Rita Dady,0,1663,1661,5,263,Marilyn Gage,0,1587,1560,6,4,2,1999-01-10,False
2267,9,False,2072,Rita Dady,0,1663,1661,5,747,Joan Mocine,0,1585,1599,4,5,2,1999-01-10,False
2268,9,False,2169,Bruce Ward,0,1766,1755,4,727,Lester Schonbrun,0,1954,1937,3,2,1,1999-01-10,False
2269,9,False,2169,Bruce Ward,0,1766,1755,4,238,Stuart Goldman,0,1732,1728,6,6,1,1999-01-10,False
2270,9,False,2319,Robert Smith,0,1423,1411,5,1181,Paul Beusterien,0,1513,1498,4,4,3,1999-01-10,False
2271,9,False,2319,Robert Smith,0,1423,1411,5,1456,Shirley Ritz,0,1444,1468,2,5,3,1999-01-10,False
2272,9,False,2504,Kitty Yamauchi,0,904,935,1,5948,Laurie Neal,0,0,579,6,1,6,1999-01-10,False
2273,9,False,2504,Kitty Yamauchi,0,904,935,1,27,Myrna Cohen,0,0,764,5,2,6,1999-01-10,False
2274,9,False,2504,Kitty Yamauchi,0,904,935,1,1468,Dion Dizon,0,567,602,3,3,6,1999-01-10,False
2275,9,False,2504,Kitty Yamauchi,0,904,935,1,30,John Green,0,808,787,4,4,6,1999-01-10,False
2276,9,False,2504,Kitty Yamauchi,0,904,935,1,4374,Eve M Wengler,0,900,892,2,5,6,1999-01-10,False
2277,9,False,2504,Kitty Yamauchi,0,904,935,1,1468,Dion Dizon,0,567,602,3,6,6,1999-01-10,False
2278,9,False,2739,Charlotte Bremond,0,731,711,7,5949,Jacqueline Marie Skarr,0,0,500,8,3,6,1999-01-10,False
2279,9,False,2739,Charlotte Bremond,0,731,711,7,30,John Green,0,808,787,4,5,6,1999-01-10,False
2280,9,False,3001,Linda McInerney,0,921,1061,1,7,Bennett Jacobstein,0,1026,1050,3,2,5,1999-01-10,False
2281,9,False,3001,Linda McInerney,0,921,1061,1,3299,Laurie Lu Longway,0,972,961,5,3,5,1999-01-10,False
2282,9,False,3001,Linda McInerney,0,921,1061,1,1047,Judy Romanenkov,0,1040,994,6,4,5,1999-01-10,False
2283,9,False,3001,Linda McInerney,0,921,1061,1,11,Paula Catanese,0,966,956,4,5,5,1999-01-10,False
2284,9,False,3001,Linda McInerney,0,921,1061,1,1704,Bruce Tritch,0,1064,1075,2,6,5,1999-01-10,False
2285,9,False,3039,Norma Fisher,0,1721,1726,1,263,Marilyn Gage,0,1587,1560,6,2,2,1999-01-10,False
2286,9,False,3039,Norma Fisher,0,1721,1726,1,2072,Rita Dady,0,1663,1661,5,3,2,1999-01-10,False
2287,9,False,3039,Norma Fisher,0,1721,1726,1,1062,Eleanor Traeg,0,1667,1662,3,4,2,1999-01-10,False
2288,9,False,3039,Norma Fisher,0,1721,1726,1,747,Joan Mocine,0,1585,1599,4,6,2,1999-01-10,False
2289,9,False,3299,Laurie Lu Longway,0,972,961,5,1047,Judy Romanenkov,0,1040,994,6,1,5,1999-01-10,False
2290,9,False,3299,Laurie Lu Longway,0,972,961,5,11,Paula Catanese,0,966,956,4,4,5,1999-01-10,False
2291,9,False,3987,Noah Kanter,0,1521,1528,1,2319,Robert Smith,0,1423,1411,5,2,3,1999-01-10,False
2292,9,False,3987,Noah Kanter,0,1521,1528,1,1181,Paul Beusterien,0,1513,1498,4,3,3,1999-01-10,False
2293,9,False,3987,Noah Kanter,0,1521,1528,1,1456,Shirley Ritz,0,1444,1468,2,4,3,1999-01-10,False
2294,9,False,3987,Noah Kanter,0,1521,1528,1,262,Andrea Carla Michaels,0,1508,1497,3,5,3,1999-01-10,False
2295,9,False,4076,Robert Felt,0,1900,1924,1,2169,Bruce Ward,0,1766,1755,4,1,1,1999-01-10,False
2296,9,False,4076,Robert Felt,0,1900,1924,1,260,Cynthia Pughsley,0,1774,1764,5,2,1,1999-01-10,False
2297,9,False,4076,Robert Felt,0,1900,1924,1,2,Jerry Lerman,0,1827,1842,2,3,1,1999-01-10,False
2298,9,False,4076,Robert Felt,0,1900,1924,1,238,Stuart Goldman,0,1732,1728,6,4,1,1999-01-10,False
2299,9,False,4076,Robert Felt,0,1900,1924,1,727,Lester Schonbrun,0,1954,1937,3,6,1,1999-01-10,False
2300,9,False,4368,Barbara Morris,0,1151,1268,1,5947,Ina Bendis,0,1270,1194,6,1,4,1999-01-10,False
2301,9,False,4368,Barbara Morris,0,1151,1268,1,25,Lynn Joseph,0,1275,1245,5,2,4,1999-01-10,False
2302,9,False,4368,Barbara Morris,0,1151,1268,1,1038,Irene Averell,0,1198,1197,4,4,4,1999-01-10,False
2303,9,False,4368,Barbara Morris,0,1151,1268,1,12,Pat Diener,0,1203,1225,2,5,4,1999-01-10,False
2304,9,False,4368,Barbara Morris,0,1151,1268,1,12,Pat Diener,0,1203,1225,2,6,4,1999-01-10,False
2305,9,False,4374,Eve M Wengler,0,900,892,2,5949,Jacqueline Marie Skarr,0,0,500,8,1,6,1999-01-10,False
2306,9,False,4374,Eve M Wengler,0,900,892,2,27,Myrna Cohen,0,0,764,5,3,6,1999-01-10,False
2307,9,False,4374,Eve M Wengler,0,900,892,2,2739,Charlotte Bremond,0,731,711,7,4,6,1999-01-10,False
2308,9,False,4374,Eve M Wengler,0,900,892,2,27,Myrna Cohen,0,0,764,5,6,6,1999-01-10,False
2309,9,False,5692,Therese Berreyesa,0,1087,1110,3,4368,Barbara Morris,0,1151,1268,1,3,4,1999-01-10,False
2310,9,False,5692,Therese Berreyesa,0,1087,1110,3,5947,Ina Bendis,0,1270,1194,6,4,4,1999-01-10,False
2311,9,False,5692,Therese Berreyesa,0,1087,1110,3,1038,Irene Averell,0,1198,1197,4,6,4,1999-01-10,False
2312,9,False,5948,Laurie Neal,0,0,579,6,2739,Charlotte Bremond,0,731,711,7,2,6,1999-01-10,False
2313,9,False,5948,Laurie Neal,0,0,579,6,5949,Jacqueline Marie Skarr,0,0,500,8,6,6,1999-01-10,False
2314,9,False,5949,Jacqueline Marie Skarr,0,0,500,8,5948,Laurie Neal,0,0,579,6,5,6,1999-01-10,False
2315,10,False,337,Bruce D Ambrosio,0,1709,1773,1,4395,Chester Collins,0,1840,1824,5,1,1,1999-01-17,False
2316,10,False,337,Bruce D Ambrosio,0,1709,1773,1,3752,Peter Bellin,0,1540,1525,8,2,1,1999-01-17,False
2317,10,False,337,Bruce D Ambrosio,0,1709,1773,1,343,Alan Stern,0,1816,1822,2,4,1,1999-01-17,False
2318,10,False,337,Bruce D Ambrosio,0,1709,1773,1,664,Nathan Benedict,0,1709,1735,3,5,1,1999-01-17,False
2319,10,False,337,Bruce D Ambrosio,0,1709,1773,1,340,Judy Levitt,0,1795,1804,4,6,1,1999-01-17,False
2320,10,False,338,Mark Milan,0,1780,1747,6,5950,Richard Stein,0,1539,1523,7,1,1,1999-01-17,False
2321,10,False,338,Mark Milan,0,1780,1747,6,3752,Peter Bellin,0,1540,1525,8,5,1,1999-01-17,False
2322,10,False,340,Judy Levitt,0,1795,1804,4,3752,Peter Bellin,0,1540,1525,8,1,1,1999-01-17,False
2323,10,False,340,Judy Levitt,0,1795,1804,4,4395,Chester Collins,0,1840,1824,5,2,1,1999-01-17,False
2324,10,False,340,Judy Levitt,0,1795,1804,4,337,Bruce D Ambrosio,0,1709,1773,1,3,1,1999-01-17,False
2325,10,False,340,Judy Levitt,0,1795,1804,4,664,Nathan Benedict,0,1709,1735,3,4,1,1999-01-17,False
2326,10,False,343,Alan Stern,0,1816,1822,2,338,Mark Milan,0,1780,1747,6,2,1,1999-01-17,False
2327,10,False,343,Alan Stern,0,1816,1822,2,5950,Richard Stein,0,1539,1523,7,3,1,1999-01-17,False
2328,10,False,343,Alan Stern,0,1816,1822,2,340,Judy Levitt,0,1795,1804,4,5,1,1999-01-17,False
2329,10,False,343,Alan Stern,0,1816,1822,2,4395,Chester Collins,0,1840,1824,5,6,1,1999-01-17,False
2330,10,False,348,Richard Frank,0,1422,1442,4,2617,David Pearl,0,1281,1285,16,1,2,1999-01-17,False
2331,10,False,348,Richard Frank,0,1422,1442,4,363,Gretchen Cowan,0,1370,1316,18,2,2,1999-01-17,False
2332,10,False,348,Richard Frank,0,1422,1442,4,3754,Gil Levine,0,1505,1492,11,4,2,1999-01-17,False
2333,10,False,348,Richard Frank,0,1422,1442,4,373,Janet Goldstein,0,1407,1408,8,6,2,1999-01-17,False
2334,10,False,349,Tom Titus,0,1518,1578,1,5559,Helen Tieger,0,1379,1382,9,1,2,1999-01-17,False
2335,10,False,349,Tom Titus,0,1518,1578,1,364,Jamila Atcha,0,1342,1334,14,2,2,1999-01-17,False
2336,10,False,349,Tom Titus,0,1518,1578,1,386,Beth Fleischer,0,1396,1397,7,3,2,1999-01-17,False
2337,10,False,349,Tom Titus,0,1518,1578,1,371,Lynn Gunn,0,1307,1304,15,4,2,1999-01-17,False
2338,10,False,349,Tom Titus,0,1518,1578,1,360,Barry Katzen,0,1472,1458,12,5,2,1999-01-17,False
2339,10,False,349,Tom Titus,0,1518,1578,1,353,Gary Moss,0,1654,1659,2,6,2,1999-01-17,False
2340,10,False,351,Esther Kisich,0,1346,1364,6,2617,David Pearl,0,1281,1285,16,3,2,1999-01-17,False
2341,10,False,351,Esther Kisich,0,1346,1364,6,363,Gretchen Cowan,0,1370,1316,18,4,2,1999-01-17,False
2342,10,False,351,Esther Kisich,0,1346,1364,6,348,Richard Frank,0,1422,1442,4,5,2,1999-01-17,False
2343,10,False,353,Gary Moss,0,1654,1659,2,363,Gretchen Cowan,0,1370,1316,18,1,2,1999-01-17,False
2344,10,False,353,Gary Moss,0,1654,1659,2,351,Esther Kisich,0,1346,1364,6,2,2,1999-01-17,False
2345,10,False,353,Gary Moss,0,1654,1659,2,348,Richard Frank,0,1422,1442,4,3,2,1999-01-17,False
2346,10,False,353,Gary Moss,0,1654,1659,2,2617,David Pearl,0,1281,1285,16,4,2,1999-01-17,False
2347,10,False,353,Gary Moss,0,1654,1659,2,3754,Gil Levine,0,1505,1492,11,5,2,1999-01-17,False
2348,10,False,354,Margy Slavin,0,1255,1261,5,3027,Andrea Bauman,0,1159,1145,19,1,3,1999-01-17,False
2349,10,False,354,Margy Slavin,0,1255,1261,5,382,Rebecca Owen,0,1051,1142,9,2,3,1999-01-17,False
2350,10,False,354,Margy Slavin,0,1255,1261,5,5952,David Baran,0,1192,1165,18,3,3,1999-01-17,False
2351,10,False,354,Margy Slavin,0,1255,1261,5,5953,Margaret Doyle,0,1035,1019,23,5,3,1999-01-17,False
2352,10,False,358,Yvonne Knickerbocker,0,1208,1225,10,705,Deborah Sapot,0,1311,1306,4,3,3,1999-01-17,False
2353,10,False,358,Yvonne Knickerbocker,0,1208,1225,10,370,Mollie Braverman,0,1241,1210,14,4,3,1999-01-17,False
2354,10,False,358,Yvonne Knickerbocker,0,1208,1225,10,933,Brian Nelson,0,1125,1174,7,5,3,1999-01-17,False
2355,10,False,358,Yvonne Knickerbocker,0,1208,1225,10,356,Julie Ellen Maria,0,1235,1213,16,6,3,1999-01-17,False
2356,10,False,360,Barry Katzen,0,1472,1458,12,364,Jamila Atcha,0,1342,1334,14,1,2,1999-01-17,False
2357,10,False,360,Barry Katzen,0,1472,1458,12,5559,Helen Tieger,0,1379,1382,9,3,2,1999-01-17,False
2358,10,False,360,Barry Katzen,0,1472,1458,12,406,Helen Burns,0,1345,1319,17,6,2,1999-01-17,False
2359,10,False,364,Jamila Atcha,0,1342,1334,14,371,Lynn Gunn,0,1307,1304,15,3,2,1999-01-17,False
2360,10,False,364,Jamila Atcha,0,1342,1334,14,5559,Helen Tieger,0,1379,1382,9,4,2,1999-01-17,False
2361,10,False,365,Allan White,0,1548,1561,3,1428,Nancy Johnson,0,1363,1352,13,1,2,1999-01-17,False
2362,10,False,365,Allan White,0,1548,1561,3,406,Helen Burns,0,1345,1319,17,2,2,1999-01-17,False
2363,10,False,365,Allan White,0,1548,1561,3,5558,Pat Reed,0,1328,1341,10,4,2,1999-01-17,False
2364,10,False,365,Allan White,0,1548,1561,3,4364,Joyce Frasco,0,1476,1486,5,5,2,1999-01-17,False
2365,10,False,365,Allan White,0,1548,1561,3,351,Esther Kisich,0,1346,1364,6,6,2,1999-01-17,False
2366,10,False,366,Gwen Bishop,0,1333,1281,22,5954,Jeanette Miller,0,1196,1160,24,1,3,1999-01-17,False
2367,10,False,370,Mollie Braverman,0,1241,1210,14,933,Brian Nelson,0,1125,1174,7,1,3,1999-01-17,False
2368,10,False,370,Mollie Braverman,0,1241,1210,14,4398,Barbara Thompson,0,1167,1152,21,6,3,1999-01-17,False
2369,10,False,371,Lynn Gunn,0,1307,1304,15,386,Beth Fleischer,0,1396,1397,7,1,2,1999-01-17,False
2370,10,False,371,Lynn Gunn,0,1307,1304,15,360,Barry Katzen,0,1472,1458,12,2,2,1999-01-17,False
2371,10,False,373,Janet Goldstein,0,1407,1408,8,1428,Nancy Johnson,0,1363,1352,13,2,2,1999-01-17,False
2372,10,False,373,Janet Goldstein,0,1407,1408,8,365,Allan White,0,1548,1561,3,3,2,1999-01-17,False
2373,10,False,373,Janet Goldstein,0,1407,1408,8,4364,Joyce Frasco,0,1476,1486,5,4,2,1999-01-17,False
2374,10,False,375,Arna Schutz,0,1241,1278,1,5954,Jeanette Miller,0,1196,1160,24,2,3,1999-01-17,False
2375,10,False,375,Arna Schutz,0,1241,1278,1,366,Gwen Bishop,0,1333,1281,22,3,3,1999-01-17,False
2376,10,False,375,Arna Schutz,0,1241,1278,1,391,Louis Block,0,1265,1300,2,4,3,1999-01-17,False
2377,10,False,375,Arna Schutz,0,1241,1278,1,384,Gloria Miller,0,1165,1151,15,5,3,1999-01-17,False
2378,10,False,375,Arna Schutz,0,1241,1278,1,1621,Penny Baker,0,1126,1174,8,6,3,1999-01-17,False
2379,10,False,378,Emilie Pandolfi,0,1096,1104,17,356,Julie Ellen Maria,0,1235,1213,16,1,3,1999-01-17,False
2380,10,False,378,Emilie Pandolfi,0,1096,1104,17,393,Frieda Davis,0,1191,1177,20,5,3,1999-01-17,False
2381,10,False,382,Rebecca Owen,0,1051,1142,9,389,Ralph Crosby,0,1236,1246,6,1,3,1999-01-17,False
2382,10,False,382,Rebecca Owen,0,1051,1142,9,3027,Andrea Bauman,0,1159,1145,19,3,3,1999-01-17,False
2383,10,False,382,Rebecca Owen,0,1051,1142,9,5952,David Baran,0,1192,1165,18,5,3,1999-01-17,False
2384,10,False,382,Rebecca Owen,0,1051,1142,9,5952,David Baran,0,1192,1165,18,6,3,1999-01-17,False
2385,10,False,384,Gloria Miller,0,1165,1151,15,366,Gwen Bishop,0,1333,1281,22,2,3,1999-01-17,False
2386,10,False,384,Gloria Miller,0,1165,1151,15,5953,Margaret Doyle,0,1035,1019,23,6,3,1999-01-17,False
2387,10,False,386,Beth Fleischer,0,1396,1397,7,360,Barry Katzen,0,1472,1458,12,4,2,1999-01-17,False
2388,10,False,386,Beth Fleischer,0,1396,1397,7,364,Jamila Atcha,0,1342,1334,14,5,2,1999-01-17,False
2389,10,False,386,Beth Fleischer,0,1396,1397,7,1428,Nancy Johnson,0,1363,1352,13,6,2,1999-01-17,False
2390,10,False,389,Ralph Crosby,0,1236,1246,6,5952,David Baran,0,1192,1165,18,2,3,1999-01-17,False
2391,10,False,389,Ralph Crosby,0,1236,1246,6,5953,Margaret Doyle,0,1035,1019,23,3,3,1999-01-17,False
2392,10,False,389,Ralph Crosby,0,1236,1246,6,354,Margy Slavin,0,1255,1261,5,4,3,1999-01-17,False
2393,10,False,389,Ralph Crosby,0,1236,1246,6,3027,Andrea Bauman,0,1159,1145,19,5,3,1999-01-17,False
2394,10,False,391,Louis Block,0,1265,1300,2,384,Gloria Miller,0,1165,1151,15,1,3,1999-01-17,False
2395,10,False,391,Louis Block,0,1265,1300,2,412,Lorraine Pariser,0,1120,1153,11,2,3,1999-01-17,False
2396,10,False,391,Louis Block,0,1265,1300,2,5954,Jeanette Miller,0,1196,1160,24,3,3,1999-01-17,False
2397,10,False,391,Louis Block,0,1265,1300,2,366,Gwen Bishop,0,1333,1281,22,5,3,1999-01-17,False
2398,10,False,391,Louis Block,0,1265,1300,2,354,Margy Slavin,0,1255,1261,5,6,3,1999-01-17,False
2399,10,False,393,Frieda Davis,0,1191,1177,20,681,Ronald Howard,0,1430,1374,12,1,3,1999-01-17,False
2400,10,False,393,Frieda Davis,0,1191,1177,20,5954,Jeanette Miller,0,1196,1160,24,6,3,1999-01-17,False
2401,10,False,402,Jeanne Yori,0,865,881,7,4400,Tim Olsen,0,1028,1020,8,2,4,1999-01-17,False
2402,10,False,402,Jeanne Yori,0,865,881,7,427,Eva Bartholomeusz,0,789,761,21,3,4,1999-01-17,False
2403,10,False,402,Jeanne Yori,0,865,881,7,4407,Gertrude Adcox,0,959,923,20,5,4,1999-01-17,False
2404,10,False,406,Helen Burns,0,1345,1319,17,373,Janet Goldstein,0,1407,1408,8,5,2,1999-01-17,False
2405,10,False,412,Lorraine Pariser,0,1120,1153,11,375,Arna Schutz,0,1241,1278,1,1,3,1999-01-17,False
2406,10,False,412,Lorraine Pariser,0,1120,1153,11,384,Gloria Miller,0,1165,1151,15,3,3,1999-01-17,False
2407,10,True,412,Lorraine Pariser,0,1120,1153,11,366,Gwen Bishop,0,1333,1281,22,4,3,1999-01-17,False
2408,10,False,412,Lorraine Pariser,0,1120,1153,11,5954,Jeanette Miller,0,1196,1160,24,5,3,1999-01-17,False
2409,10,False,417,Robert Thurm,0,878,918,1,415,Sarra Berkowitz,0,634,598,22,1,4,1999-01-17,False
2410,10,False,417,Robert Thurm,0,878,918,1,1600,Pat Kovalcheck,0,880,840,18,2,4,1999-01-17,False
2411,10,False,417,Robert Thurm,0,878,918,1,5831,Ruth Maietta,0,777,803,12,4,4,1999-01-17,False
2412,10,False,417,Robert Thurm,0,878,918,1,5829,Sunny Strano,0,986,960,11,5,4,1999-01-17,False
2413,10,False,417,Robert Thurm,0,878,918,1,424,Jeanette Block,0,962,958,5,6,4,1999-01-17,False
2414,10,False,420,Bobbie Japka,0,889,876,15,5830,Gloria Ciment,0,865,860,13,2,4,1999-01-17,False
2415,10,False,420,Bobbie Japka,0,889,876,15,3764,Iris Caplan,0,759,819,6,3,4,1999-01-17,False
2416,10,True,420,Bobbie Japka,0,889,876,15,4408,Glenda Peterson,0,809,802,16,6,4,1999-01-17,False
2417,10,False,424,Jeanette Block,0,962,958,5,4408,Glenda Peterson,0,809,802,16,2,4,1999-01-17,False
2418,10,False,424,Jeanette Block,0,962,958,5,4410,Shari Hernandez,0,564,541,23,3,4,1999-01-17,False
2419,10,False,424,Jeanette Block,0,962,958,5,420,Bobbie Japka,0,889,876,15,4,4,1999-01-17,False
2420,10,False,424,Jeanette Block,0,962,958,5,5830,Gloria Ciment,0,865,860,13,5,4,1999-01-17,False
2421,10,False,664,Nathan Benedict,0,1709,1735,3,343,Alan Stern,0,1816,1822,2,1,1,1999-01-17,False
2422,10,False,664,Nathan Benedict,0,1709,1735,3,5950,Richard Stein,0,1539,1523,7,2,1,1999-01-17,False
2423,10,False,664,Nathan Benedict,0,1709,1735,3,338,Mark Milan,0,1780,1747,6,3,1,1999-01-17,False
2424,10,False,664,Nathan Benedict,0,1709,1735,3,338,Mark Milan,0,1780,1747,6,6,1,1999-01-17,False
2425,10,False,681,Ronald Howard,0,1430,1374,12,356,Julie Ellen Maria,0,1235,1213,16,3,3,1999-01-17,False
2426,10,False,681,Ronald Howard,0,1430,1374,12,378,Emilie Pandolfi,0,1096,1104,17,4,3,1999-01-17,False
2427,10,False,681,Ronald Howard,0,1430,1374,12,378,Emilie Pandolfi,0,1096,1104,17,6,3,1999-01-17,False
2428,10,False,691,Bill Lapinski,0,1000,990,10,4166,Don Knutzen,0,1025,984,19,2,4,1999-01-17,False
2429,10,False,691,Bill Lapinski,0,1000,990,10,427,Eva Bartholomeusz,0,789,761,21,4,4,1999-01-17,False
2430,10,False,691,Bill Lapinski,0,1000,990,10,4166,Don Knutzen,0,1025,984,19,6,4,1999-01-17,False
2431,10,False,705,Deborah Sapot,0,1311,1306,4,4398,Barbara Thompson,0,1167,1152,21,1,3,1999-01-17,False
2432,10,False,705,Deborah Sapot,0,1311,1306,4,4403,Vicki Thomas,0,1031,1058,13,4,3,1999-01-17,False
2433,10,False,705,Deborah Sapot,0,1311,1306,4,370,Mollie Braverman,0,1241,1210,14,5,3,1999-01-17,False
2434,10,False,705,Deborah Sapot,0,1311,1306,4,412,Lorraine Pariser,0,1120,1153,11,6,3,1999-01-17,False
2435,10,False,933,Brian Nelson,0,1125,1174,7,705,Deborah Sapot,0,1311,1306,4,2,3,1999-01-17,False
2436,10,False,933,Brian Nelson,0,1125,1174,7,4403,Vicki Thomas,0,1031,1058,13,3,3,1999-01-17,False
2437,10,False,933,Brian Nelson,0,1125,1174,7,4398,Barbara Thompson,0,1167,1152,21,4,3,1999-01-17,False
2438,10,False,933,Brian Nelson,0,1125,1174,7,4403,Vicki Thomas,0,1031,1058,13,6,3,1999-01-17,False
2439,10,False,1427,Ken Louie,0,936,1017,2,3763,Neill Spector,0,658,684,17,1,4,1999-01-17,False
2441,10,False,1427,Ken Louie,0,936,1017,2,4166,Don Knutzen,0,1025,984,19,4,4,1999-01-17,False
2442,10,False,1427,Ken Louie,0,936,1017,2,691,Bill Lapinski,0,1000,990,10,5,4,1999-01-17,False
2443,10,False,1427,Ken Louie,0,936,1017,2,402,Jeanne Yori,0,865,881,7,6,4,1999-01-17,False
2444,10,False,1428,Nancy Johnson,0,1363,1352,13,406,Helen Burns,0,1345,1319,17,4,2,1999-01-17,False
2445,10,False,1428,Nancy Johnson,0,1363,1352,13,5558,Pat Reed,0,1328,1341,10,5,2,1999-01-17,False
2446,10,False,1600,Pat Kovalcheck,0,880,840,18,5829,Sunny Strano,0,986,960,11,4,4,1999-01-17,False
2447,10,False,1600,Pat Kovalcheck,0,880,840,18,4410,Shari Hernandez,0,564,541,23,5,4,1999-01-17,False
2448,10,False,1621,Penny Baker,0,1126,1174,8,681,Ronald Howard,0,1430,1374,12,2,3,1999-01-17,False
2449,10,False,1621,Penny Baker,0,1126,1174,8,378,Emilie Pandolfi,0,1096,1104,17,3,3,1999-01-17,False
2450,10,False,1621,Penny Baker,0,1126,1174,8,393,Frieda Davis,0,1191,1177,20,4,3,1999-01-17,False
2451,10,False,1621,Penny Baker,0,1126,1174,8,356,Julie Ellen Maria,0,1235,1213,16,5,3,1999-01-17,False
2452,10,False,1981,Tom Brown,0,773,786,9,4410,Shari Hernandez,0,564,541,23,2,4,1999-01-17,False
2453,10,False,1981,Tom Brown,0,773,786,9,1600,Pat Kovalcheck,0,880,840,18,3,4,1999-01-17,False
2454,10,False,1981,Tom Brown,0,773,786,9,5830,Gloria Ciment,0,865,860,13,4,4,1999-01-17,False
2455,10,False,1988,Tracey Martin,0,0,1151,3,691,Bill Lapinski,0,1000,990,10,1,4,1999-01-17,False
2456,10,False,1988,Tracey Martin,0,0,1151,3,1427,Ken Louie,0,936,1017,2,3,4,1999-01-17,False
2458,10,False,1988,Tracey Martin,0,0,1151,3,4400,Tim Olsen,0,1028,1020,8,5,4,1999-01-17,False
2459,10,False,1988,Tracey Martin,0,0,1151,3,3764,Iris Caplan,0,759,819,6,6,4,1999-01-17,False
2460,10,False,2617,David Pearl,0,1281,1285,16,363,Gretchen Cowan,0,1370,1316,18,5,2,1999-01-17,False
2461,10,False,2617,David Pearl,0,1281,1285,16,363,Gretchen Cowan,0,1370,1316,18,6,2,1999-01-17,False
2462,10,False,3027,Andrea Bauman,0,1159,1145,19,5953,Margaret Doyle,0,1035,1019,23,2,3,1999-01-17,False
2463,10,False,3027,Andrea Bauman,0,1159,1145,19,366,Gwen Bishop,0,1333,1281,22,6,3,1999-01-17,False
2464,10,False,3752,Peter Bellin,0,1540,1525,8,5950,Richard Stein,0,1539,1523,7,4,1,1999-01-17,False
2465,10,False,3754,Gil Levine,0,1505,1492,11,351,Esther Kisich,0,1346,1364,6,1,2,1999-01-17,False
2466,10,False,3754,Gil Levine,0,1505,1492,11,2617,David Pearl,0,1281,1285,16,2,2,1999-01-17,False
2467,10,False,3754,Gil Levine,0,1505,1492,11,363,Gretchen Cowan,0,1370,1316,18,3,2,1999-01-17,False
2468,10,False,3757,Aki Tateishi,0,1242,1320,3,1621,Penny Baker,0,1126,1174,8,1,3,1999-01-17,False
2469,10,False,3757,Aki Tateishi,0,1242,1320,3,378,Emilie Pandolfi,0,1096,1104,17,2,3,1999-01-17,False
2470,10,False,3757,Aki Tateishi,0,1242,1320,3,393,Frieda Davis,0,1191,1177,20,3,3,1999-01-17,False
2471,10,False,3757,Aki Tateishi,0,1242,1320,3,681,Ronald Howard,0,1430,1374,12,5,3,1999-01-17,False
2472,10,False,3757,Aki Tateishi,0,1242,1320,3,389,Ralph Crosby,0,1236,1246,6,6,3,1999-01-17,False
2473,10,False,3763,Neill Spector,0,658,684,17,4166,Don Knutzen,0,1025,984,19,3,4,1999-01-17,False
2474,10,False,3763,Neill Spector,0,658,684,17,427,Eva Bartholomeusz,0,789,761,21,6,4,1999-01-17,False
2475,10,False,3764,Iris Caplan,0,759,819,6,424,Jeanette Block,0,962,958,5,1,4,1999-01-17,False
2476,10,False,3764,Iris Caplan,0,759,819,6,1988,Tracey Martin,0,0,1151,3,2,4,1999-01-17,False
2477,10,False,3764,Iris Caplan,0,759,819,6,402,Jeanne Yori,0,865,881,7,4,4,1999-01-17,False
2478,10,False,3764,Iris Caplan,0,759,819,6,415,Sarra Berkowitz,0,634,598,22,5,4,1999-01-17,False
2479,10,False,356,Julie Ellen Maria,0,1235,1213,16,393,Frieda Davis,0,1191,1177,20,2,3,1999-01-17,False
2480,10,False,356,Julie Ellen Maria,0,1235,1213,16,3757,Aki Tateishi,0,1242,1320,3,4,3,1999-01-17,False
2481,10,False,4166,Don Knutzen,0,1025,984,19,5831,Ruth Maietta,0,777,803,12,1,4,1999-01-17,False
2482,10,False,4166,Don Knutzen,0,1025,984,19,420,Bobbie Japka,0,889,876,15,5,4,1999-01-17,False
2483,10,False,4364,Joyce Frasco,0,1476,1486,5,406,Helen Burns,0,1345,1319,17,1,2,1999-01-17,False
2484,10,False,4364,Joyce Frasco,0,1476,1486,5,5558,Pat Reed,0,1328,1341,10,2,2,1999-01-17,False
2485,10,False,4364,Joyce Frasco,0,1476,1486,5,1428,Nancy Johnson,0,1363,1352,13,3,2,1999-01-17,False
2486,10,False,4364,Joyce Frasco,0,1476,1486,5,3754,Gil Levine,0,1505,1492,11,6,2,1999-01-17,False
2487,10,False,4395,Chester Collins,0,1840,1824,5,3752,Peter Bellin,0,1540,1525,8,3,1,1999-01-17,False
2488,10,False,4395,Chester Collins,0,1840,1824,5,338,Mark Milan,0,1780,1747,6,4,1,1999-01-17,False
2489,10,False,4395,Chester Collins,0,1840,1824,5,5950,Richard Stein,0,1539,1523,7,5,1,1999-01-17,False
2490,10,False,4398,Barbara Thompson,0,1167,1152,21,358,Yvonne Knickerbocker,0,1208,1225,10,2,3,1999-01-17,False
2491,10,False,4398,Barbara Thompson,0,1167,1152,21,370,Mollie Braverman,0,1241,1210,14,3,3,1999-01-17,False
2493,10,False,4400,Tim Olsen,0,1028,1020,8,4407,Gertrude Adcox,0,959,923,20,4,4,1999-01-17,False
2494,10,False,4400,Tim Olsen,0,1028,1020,8,5831,Ruth Maietta,0,777,803,12,6,4,1999-01-17,False
2495,10,False,427,Eva Bartholomeusz,0,789,761,21,420,Bobbie Japka,0,889,876,15,1,4,1999-01-17,False
2496,10,False,4403,Vicki Thomas,0,1031,1058,13,358,Yvonne Knickerbocker,0,1208,1225,10,1,3,1999-01-17,False
2497,10,False,4403,Vicki Thomas,0,1031,1058,13,370,Mollie Braverman,0,1241,1210,14,2,3,1999-01-17,False
2498,10,False,4403,Vicki Thomas,0,1031,1058,13,4398,Barbara Thompson,0,1167,1152,21,5,3,1999-01-17,False
2499,10,False,4404,Eleanor Gleitsmann,0,806,867,4,5829,Sunny Strano,0,986,960,11,2,4,1999-01-17,False
2500,10,False,4404,Eleanor Gleitsmann,0,806,867,4,417,Robert Thurm,0,878,918,1,3,4,1999-01-17,False
2501,10,False,4404,Eleanor Gleitsmann,0,806,867,4,3763,Neill Spector,0,658,684,17,4,4,1999-01-17,False
2502,10,False,4404,Eleanor Gleitsmann,0,806,867,4,1981,Tom Brown,0,773,786,9,5,4,1999-01-17,False
2503,10,False,4404,Eleanor Gleitsmann,0,806,867,4,1981,Tom Brown,0,773,786,9,6,4,1999-01-17,False
2504,10,False,4407,Gertrude Adcox,0,959,923,20,4404,Eleanor Gleitsmann,0,806,867,4,1,4,1999-01-17,False
2505,10,False,4407,Gertrude Adcox,0,959,923,20,427,Eva Bartholomeusz,0,789,761,21,2,4,1999-01-17,False
2506,10,False,4408,Glenda Peterson,0,809,802,16,1600,Pat Kovalcheck,0,880,840,18,1,4,1999-01-17,False
2507,10,False,4408,Glenda Peterson,0,809,802,16,4410,Shari Hernandez,0,564,541,23,4,4,1999-01-17,False
2511,10,False,5558,Pat Reed,0,1328,1341,10,373,Janet Goldstein,0,1407,1408,8,1,2,1999-01-17,False
2512,10,False,5558,Pat Reed,0,1328,1341,10,406,Helen Burns,0,1345,1319,17,3,2,1999-01-17,False
2513,10,False,5558,Pat Reed,0,1328,1341,10,371,Lynn Gunn,0,1307,1304,15,6,2,1999-01-17,False
2514,10,False,5559,Helen Tieger,0,1379,1382,9,386,Beth Fleischer,0,1396,1397,7,2,2,1999-01-17,False
2515,10,False,5559,Helen Tieger,0,1379,1382,9,371,Lynn Gunn,0,1307,1304,15,5,2,1999-01-17,False
2516,10,False,5559,Helen Tieger,0,1379,1382,9,364,Jamila Atcha,0,1342,1334,14,6,2,1999-01-17,False
2517,10,False,5829,Sunny Strano,0,986,960,11,1981,Tom Brown,0,773,786,9,1,4,1999-01-17,False
2518,10,False,5829,Sunny Strano,0,986,960,11,415,Sarra Berkowitz,0,634,598,22,3,4,1999-01-17,False
2519,10,False,5829,Sunny Strano,0,986,960,11,1600,Pat Kovalcheck,0,880,840,18,6,4,1999-01-17,False
2520,10,False,5830,Gloria Ciment,0,865,860,13,4410,Shari Hernandez,0,564,541,23,1,4,1999-01-17,False
2521,10,False,5830,Gloria Ciment,0,865,860,13,4408,Glenda Peterson,0,809,802,16,3,4,1999-01-17,False
2522,10,False,5830,Gloria Ciment,0,865,860,13,4407,Gertrude Adcox,0,959,923,20,6,4,1999-01-17,False
2523,10,False,5831,Ruth Maietta,0,777,803,12,415,Sarra Berkowitz,0,634,598,22,2,4,1999-01-17,False
2524,10,False,5831,Ruth Maietta,0,777,803,12,4407,Gertrude Adcox,0,959,923,20,3,4,1999-01-17,False
2525,10,False,5831,Ruth Maietta,0,777,803,12,4408,Glenda Peterson,0,809,802,16,5,4,1999-01-17,False
2526,10,False,5950,Richard Stein,0,1539,1523,7,3752,Peter Bellin,0,1540,1525,8,6,1,1999-01-17,False
2527,10,False,5952,David Baran,0,1192,1165,18,5953,Margaret Doyle,0,1035,1019,23,1,3,1999-01-17,False
2528,10,False,5952,David Baran,0,1192,1165,18,3027,Andrea Bauman,0,1159,1145,19,4,3,1999-01-17,False
2529,10,False,5953,Margaret Doyle,0,1035,1019,23,382,Rebecca Owen,0,1051,1142,9,4,3,1999-01-17,False
2530,10,False,5954,Jeanette Miller,0,1196,1160,24,384,Gloria Miller,0,1165,1151,15,4,3,1999-01-17,False
2531,11,False,35,Howard Greenspan,0,1616,1605,7,247,Arthur Doreson,0,1608,1639,2,3,2,1999-01-09,False
2532,11,False,35,Howard Greenspan,0,1616,1605,7,45,Diane Firstman,0,1581,1538,8,4,2,1999-01-09,False
2533,11,False,35,Howard Greenspan,0,1616,1605,7,68,David Abolafia,0,1657,1677,1,7,2,1999-01-09,False
2534,11,False,42,Rod MacNeil,0,1461,1438,8,636,Roberta Borenstein,0,1484,1456,7,1,3,1999-01-09,False
2535,11,False,42,Rod MacNeil,0,1461,1438,8,244,Phyllis Nussbaum,0,1461,1438,6,5,3,1999-01-09,False
2536,11,False,45,Diane Firstman,0,1581,1538,8,592,Judy Steward,0,1659,1659,3,1,2,1999-01-09,False
2537,11,False,50,Frank Tangredi,0,1883,1932,1,92,Mark Berg,0,1789,1748,10,1,1,1999-01-09,False
2538,11,False,50,Frank Tangredi,0,1883,1932,1,58,Sal Piro,0,1826,1845,3,2,1,1999-01-09,False
2539,11,False,50,Frank Tangredi,0,1883,1932,1,59,Marjorie Schoneboom,0,1818,1836,2,3,1,1999-01-09,False
2540,11,False,50,Frank Tangredi,0,1883,1932,1,236,David Stone,0,1765,1758,6,4,1,1999-01-09,False
2541,11,False,50,Frank Tangredi,0,1883,1932,1,2037,Ben Greenwood,0,1713,1722,5,5,1,1999-01-09,False
2542,11,False,50,Frank Tangredi,0,1883,1932,1,242,Verna Richards Berg,0,1751,1740,8,6,1,1999-01-09,False
2543,11,False,50,Frank Tangredi,0,1883,1932,1,241,Jack Eichenbaum,0,1873,1850,7,7,1,1999-01-09,False
2544,11,False,55,Scott Appel,0,1724,1708,9,236,David Stone,0,1765,1758,6,5,1,1999-01-09,False
2545,11,False,55,Scott Appel,0,1724,1708,9,85,Tom Kelly,0,1738,1736,4,7,1,1999-01-09,False
2546,11,False,58,Sal Piro,0,1826,1845,3,2037,Ben Greenwood,0,1713,1722,5,1,1,1999-01-09,False
2547,11,False,58,Sal Piro,0,1826,1845,3,55,Scott Appel,0,1724,1708,9,3,1,1999-01-09,False
2548,11,False,58,Sal Piro,0,1826,1845,3,92,Mark Berg,0,1789,1748,10,4,1,1999-01-09,False
2549,11,False,58,Sal Piro,0,1826,1845,3,241,Jack Eichenbaum,0,1873,1850,7,5,1,1999-01-09,False
2550,11,False,58,Sal Piro,0,1826,1845,3,85,Tom Kelly,0,1738,1736,4,6,1,1999-01-09,False
2551,11,False,59,Marjorie Schoneboom,0,1818,1836,2,242,Verna Richards Berg,0,1751,1740,8,1,1,1999-01-09,False
2552,11,False,59,Marjorie Schoneboom,0,1818,1836,2,2037,Ben Greenwood,0,1713,1722,5,2,1,1999-01-09,False
2553,11,False,59,Marjorie Schoneboom,0,1818,1836,2,92,Mark Berg,0,1789,1748,10,5,1,1999-01-09,False
2554,11,False,59,Marjorie Schoneboom,0,1818,1836,2,55,Scott Appel,0,1724,1708,9,6,1,1999-01-09,False
2555,11,False,59,Marjorie Schoneboom,0,1818,1836,2,58,Sal Piro,0,1826,1845,3,7,1,1999-01-09,False
2556,11,False,68,David Abolafia,0,1657,1677,1,1280,Maurice Decanio,0,1610,1621,4,1,2,1999-01-09,False
2557,11,False,68,David Abolafia,0,1657,1677,1,45,Diane Firstman,0,1581,1538,8,3,2,1999-01-09,False
2558,11,False,68,David Abolafia,0,1657,1677,1,247,Arthur Doreson,0,1608,1639,2,4,2,1999-01-09,False
2559,11,False,68,David Abolafia,0,1657,1677,1,5699,Mark Feldman,0,1605,1597,5,5,2,1999-01-09,False
2560,11,False,68,David Abolafia,0,1657,1677,1,4843,David A Gould,0,1564,1565,6,6,2,1999-01-09,False
2561,11,False,85,Tom Kelly,0,1738,1736,4,241,Jack Eichenbaum,0,1873,1850,7,2,1,1999-01-09,False
2562,11,False,85,Tom Kelly,0,1738,1736,4,59,Marjorie Schoneboom,0,1818,1836,2,4,1,1999-01-09,False
2563,11,False,85,Tom Kelly,0,1738,1736,4,242,Verna Richards Berg,0,1751,1740,8,5,1,1999-01-09,False
2564,11,False,92,Mark Berg,0,1789,1748,10,55,Scott Appel,0,1724,1708,9,2,1,1999-01-09,False
2565,11,False,124,Lisa Thomas,0,1202,1197,8,3408,Thomas Ford,0,1270,1252,6,1,4,1999-01-09,False
2566,11,False,124,Lisa Thomas,0,1202,1197,8,5795,Rena Lamagna,0,1432,1387,7,3,4,1999-01-09,False
2567,11,False,236,David Stone,0,1765,1758,6,85,Tom Kelly,0,1738,1736,4,1,1,1999-01-09,False
2568,11,False,236,David Stone,0,1765,1758,6,92,Mark Berg,0,1789,1748,10,3,1,1999-01-09,False
2569,11,False,236,David Stone,0,1765,1758,6,2037,Ben Greenwood,0,1713,1722,5,7,1,1999-01-09,False
2570,11,False,241,Jack Eichenbaum,0,1873,1850,7,55,Scott Appel,0,1724,1708,9,1,1,1999-01-09,False
2571,11,False,241,Jack Eichenbaum,0,1873,1850,7,242,Verna Richards Berg,0,1751,1740,8,3,1,1999-01-09,False
2572,11,False,241,Jack Eichenbaum,0,1873,1850,7,236,David Stone,0,1765,1758,6,6,1,1999-01-09,False
2573,11,False,242,Verna Richards Berg,0,1751,1740,8,236,David Stone,0,1765,1758,6,2,1,1999-01-09,False
2574,11,False,242,Verna Richards Berg,0,1751,1740,8,55,Scott Appel,0,1724,1708,9,4,1,1999-01-09,False
2575,11,True,242,Verna Richards Berg,0,1751,1740,8,92,Mark Berg,0,1789,1748,10,7,1,1999-01-09,False
2576,11,False,244,Phyllis Nussbaum,0,1461,1438,6,4126,Alan Weber,0,1515,1520,4,3,3,1999-01-09,False
2577,11,False,244,Phyllis Nussbaum,0,1461,1438,6,636,Roberta Borenstein,0,1484,1456,7,6,3,1999-01-09,False
2578,11,False,247,Arthur Doreson,0,1608,1639,2,4843,David A Gould,0,1564,1565,6,1,2,1999-01-09,False
2579,11,False,247,Arthur Doreson,0,1608,1639,2,5699,Mark Feldman,0,1605,1597,5,2,2,1999-01-09,False
2580,11,False,247,Arthur Doreson,0,1608,1639,2,592,Judy Steward,0,1659,1659,3,5,2,1999-01-09,False
2581,11,False,247,Arthur Doreson,0,1608,1639,2,45,Diane Firstman,0,1581,1538,8,6,2,1999-01-09,False
2582,11,False,247,Arthur Doreson,0,1608,1639,2,1280,Maurice Decanio,0,1610,1621,4,7,2,1999-01-09,False
2583,11,False,592,Judy Steward,0,1659,1659,3,68,David Abolafia,0,1657,1677,1,2,2,1999-01-09,False
2584,11,False,592,Judy Steward,0,1659,1659,3,5699,Mark Feldman,0,1605,1597,5,4,2,1999-01-09,False
2585,11,False,592,Judy Steward,0,1659,1659,3,35,Howard Greenspan,0,1616,1605,7,6,2,1999-01-09,False
2586,11,False,592,Judy Steward,0,1659,1659,3,4843,David A Gould,0,1564,1565,6,7,2,1999-01-09,False
2587,11,False,615,Marie Puma,0,1391,1361,5,5795,Rena Lamagna,0,1432,1387,7,5,4,1999-01-09,False
2588,11,False,615,Marie Puma,0,1391,1361,5,2142,Renee Schlesinger,0,1184,1178,9,6,4,1999-01-09,False
2589,11,False,615,Marie Puma,0,1391,1361,5,3408,Thomas Ford,0,1270,1252,6,7,4,1999-01-09,False
2590,11,False,620,Steve Sikorski,0,1497,1526,2,5779,Zack Hample,0,1480,1541,3,1,3,1999-01-09,False
2591,11,False,620,Steve Sikorski,0,1497,1526,2,42,Rod MacNeil,0,1461,1438,8,2,3,1999-01-09,False
2592,11,False,620,Steve Sikorski,0,1497,1526,2,636,Roberta Borenstein,0,1484,1456,7,3,3,1999-01-09,False
2593,11,False,620,Steve Sikorski,0,1497,1526,2,244,Phyllis Nussbaum,0,1461,1438,6,4,3,1999-01-09,False
2594,11,False,620,Steve Sikorski,0,1497,1526,2,6442,J Mercatante,0,1530,1551,1,6,3,1999-01-09,False
2595,11,False,636,Roberta Borenstein,0,1484,1456,7,5779,Zack Hample,0,1480,1541,3,2,3,1999-01-09,False
2596,11,False,636,Roberta Borenstein,0,1484,1456,7,946,Steve Williams,0,1485,1477,5,7,3,1999-01-09,False
2597,11,False,803,Scott Pianowski,0,1448,1470,1,4427,Nick Denezzo,0,1248,1273,2,1,4,1999-01-09,False
2598,11,False,803,Scott Pianowski,0,1448,1470,1,615,Marie Puma,0,1391,1361,5,2,4,1999-01-09,False
2599,11,False,803,Scott Pianowski,0,1448,1470,1,4241,Ed Ugarte,0,1153,1180,4,5,4,1999-01-09,False
2600,11,False,803,Scott Pianowski,0,1448,1470,1,124,Lisa Thomas,0,1202,1197,8,6,4,1999-01-09,False
2601,11,False,803,Scott Pianowski,0,1448,1470,1,5795,Rena Lamagna,0,1432,1387,7,7,4,1999-01-09,False
2602,11,False,946,Steve Williams,0,1485,1477,5,244,Phyllis Nussbaum,0,1461,1438,6,2,3,1999-01-09,False
2603,11,False,946,Steve Williams,0,1485,1477,5,42,Rod MacNeil,0,1461,1438,8,4,3,1999-01-09,False
2604,11,False,946,Steve Williams,0,1485,1477,5,620,Steve Sikorski,0,1497,1526,2,5,3,1999-01-09,False
2605,11,False,1280,Maurice Decanio,0,1610,1621,4,45,Diane Firstman,0,1581,1538,8,2,2,1999-01-09,False
2606,11,False,1280,Maurice Decanio,0,1610,1621,4,592,Judy Steward,0,1659,1659,3,3,2,1999-01-09,False
2607,11,False,1280,Maurice Decanio,0,1610,1621,4,4843,David A Gould,0,1564,1565,6,4,2,1999-01-09,False
2608,11,False,1280,Maurice Decanio,0,1610,1621,4,35,Howard Greenspan,0,1616,1605,7,5,2,1999-01-09,False
2609,11,False,1913,Mabel Trapani,0,847,857,7,5567,Eileen Joyce,0,903,881,9,1,5,1999-01-09,False
2610,11,False,1913,Mabel Trapani,0,847,857,7,4484,Vi Ditommaso,0,812,792,10,5,5,1999-01-09,False
2611,11,False,1913,Mabel Trapani,0,847,857,7,3767,Stephen Haraske,0,839,865,6,7,5,1999-01-09,False
2612,11,False,2037,Ben Greenwood,0,1713,1722,5,85,Tom Kelly,0,1738,1736,4,3,1,1999-01-09,False
2613,11,False,2037,Ben Greenwood,0,1713,1722,5,241,Jack Eichenbaum,0,1873,1850,7,4,1,1999-01-09,False
2614,11,False,2037,Ben Greenwood,0,1713,1722,5,92,Mark Berg,0,1789,1748,10,6,1,1999-01-09,False
2615,11,False,2142,Renee Schlesinger,0,1184,1178,9,3408,Thomas Ford,0,1270,1252,6,4,4,1999-01-09,False
2616,11,False,2142,Renee Schlesinger,0,1184,1178,9,124,Lisa Thomas,0,1202,1197,8,5,4,1999-01-09,False
2617,11,False,3408,Thomas Ford,0,1270,1252,6,4241,Ed Ugarte,0,1153,1180,4,2,4,1999-01-09,False
2618,11,False,3408,Thomas Ford,0,1270,1252,6,803,Scott Pianowski,0,1448,1470,1,3,4,1999-01-09,False
2619,11,False,3408,Thomas Ford,0,1270,1252,6,4665,Courtney Miller,0,1164,1252,3,6,4,1999-01-09,False
2620,11,False,3456,Hugh Megaro,0,981,1007,3,1913,Mabel Trapani,0,847,857,7,2,5,1999-01-09,False
2621,11,False,3456,Hugh Megaro,0,981,1007,3,4484,Vi Ditommaso,0,812,792,10,4,5,1999-01-09,False
2622,11,False,3456,Hugh Megaro,0,981,1007,3,5567,Eileen Joyce,0,903,881,9,5,5,1999-01-09,False
2623,11,False,3456,Hugh Megaro,0,981,1007,3,4886,Scott McDougall,0,1050,1045,4,6,5,1999-01-09,False
2624,11,False,3456,Hugh Megaro,0,981,1007,3,5537,Anne Commerford,0,995,994,5,7,5,1999-01-09,False
2625,11,False,3767,Stephen Haraske,0,839,865,6,5659,Lorraine O'Loughlin,0,998,967,8,2,5,1999-01-09,False
2626,11,False,3767,Stephen Haraske,0,839,865,6,5567,Eileen Joyce,0,903,881,9,3,5,1999-01-09,False
2627,11,False,3767,Stephen Haraske,0,839,865,6,5537,Anne Commerford,0,995,994,5,6,5,1999-01-09,False
2628,11,False,3963,Joan Perico,0,1015,1035,2,3767,Stephen Haraske,0,839,865,6,1,5,1999-01-09,False
2629,11,False,3963,Joan Perico,0,1015,1035,2,4886,Scott McDougall,0,1050,1045,4,2,5,1999-01-09,False
2630,11,False,3963,Joan Perico,0,1015,1035,2,4484,Vi Ditommaso,0,812,792,10,3,5,1999-01-09,False
2631,11,False,3963,Joan Perico,0,1015,1035,2,5420,Eric Douglas,0,1117,1110,1,5,5,1999-01-09,False
2632,11,False,3963,Joan Perico,0,1015,1035,2,5567,Eileen Joyce,0,903,881,9,6,5,1999-01-09,False
2633,11,False,4126,Alan Weber,0,1515,1520,4,946,Steve Williams,0,1485,1477,5,1,3,1999-01-09,False
2634,11,False,4126,Alan Weber,0,1515,1520,4,636,Roberta Borenstein,0,1484,1456,7,4,3,1999-01-09,False
2635,11,False,4126,Alan Weber,0,1515,1520,4,42,Rod MacNeil,0,1461,1438,8,6,3,1999-01-09,False
2636,11,False,4126,Alan Weber,0,1515,1520,4,620,Steve Sikorski,0,1497,1526,2,7,3,1999-01-09,False
2637,11,False,4241,Ed Ugarte,0,1153,1180,4,615,Marie Puma,0,1391,1361,5,1,4,1999-01-09,False
2638,11,False,4241,Ed Ugarte,0,1153,1180,4,2142,Renee Schlesinger,0,1184,1178,9,3,4,1999-01-09,False
2639,11,False,4241,Ed Ugarte,0,1153,1180,4,4427,Nick Denezzo,0,1248,1273,2,6,4,1999-01-09,False
2640,11,False,4427,Nick Denezzo,0,1248,1273,2,4665,Courtney Miller,0,1164,1252,3,2,4,1999-01-09,False
2641,11,False,4427,Nick Denezzo,0,1248,1273,2,615,Marie Puma,0,1391,1361,5,4,4,1999-01-09,False
2642,11,False,4427,Nick Denezzo,0,1248,1273,2,3408,Thomas Ford,0,1270,1252,6,5,4,1999-01-09,False
2643,11,False,4427,Nick Denezzo,0,1248,1273,2,124,Lisa Thomas,0,1202,1197,8,7,4,1999-01-09,False
2644,11,False,4484,Vi Ditommaso,0,812,792,10,5567,Eileen Joyce,0,903,881,9,7,5,1999-01-09,False
2645,11,False,4665,Courtney Miller,0,1164,1252,3,5795,Rena Lamagna,0,1432,1387,7,1,4,1999-01-09,False
2646,11,False,4665,Courtney Miller,0,1164,1252,3,615,Marie Puma,0,1391,1361,5,3,4,1999-01-09,False
2647,11,False,4665,Courtney Miller,0,1164,1252,3,124,Lisa Thomas,0,1202,1197,8,4,4,1999-01-09,False
2648,11,False,4665,Courtney Miller,0,1164,1252,3,2142,Renee Schlesinger,0,1184,1178,9,7,4,1999-01-09,False
2649,11,False,4843,David A Gould,0,1564,1565,6,35,Howard Greenspan,0,1616,1605,7,2,2,1999-01-09,False
2650,11,False,4843,David A Gould,0,1564,1565,6,5699,Mark Feldman,0,1605,1597,5,3,2,1999-01-09,False
2651,11,False,4843,David A Gould,0,1564,1565,6,45,Diane Firstman,0,1581,1538,8,5,2,1999-01-09,False
2652,11,False,4886,Scott McDougall,0,1050,1045,4,5537,Anne Commerford,0,995,994,5,1,5,1999-01-09,False
2653,11,False,4886,Scott McDougall,0,1050,1045,4,5659,Lorraine O'Loughlin,0,998,967,8,3,5,1999-01-09,False
2654,11,False,4886,Scott McDougall,0,1050,1045,4,1913,Mabel Trapani,0,847,857,7,4,5,1999-01-09,False
2655,11,False,4886,Scott McDougall,0,1050,1045,4,3767,Stephen Haraske,0,839,865,6,5,5,1999-01-09,False
2656,11,False,5420,Eric Douglas,0,1117,1110,1,4484,Vi Ditommaso,0,812,792,10,1,5,1999-01-09,False
2657,11,False,5420,Eric Douglas,0,1117,1110,1,3456,Hugh Megaro,0,981,1007,3,3,5,1999-01-09,False
2658,11,False,5420,Eric Douglas,0,1117,1110,1,3767,Stephen Haraske,0,839,865,6,4,5,1999-01-09,False
2659,11,False,5420,Eric Douglas,0,1117,1110,1,1913,Mabel Trapani,0,847,857,7,6,5,1999-01-09,False
2660,11,False,5420,Eric Douglas,0,1117,1110,1,4886,Scott McDougall,0,1050,1045,4,7,5,1999-01-09,False
2661,11,False,5537,Anne Commerford,0,995,994,5,4484,Vi Ditommaso,0,812,792,10,2,5,1999-01-09,False
2662,11,False,5537,Anne Commerford,0,995,994,5,1913,Mabel Trapani,0,847,857,7,3,5,1999-01-09,False
2663,11,False,5537,Anne Commerford,0,995,994,5,3963,Joan Perico,0,1015,1035,2,4,5,1999-01-09,False
2664,11,False,5537,Anne Commerford,0,995,994,5,5659,Lorraine O'Loughlin,0,998,967,8,5,5,1999-01-09,False
2665,11,False,5567,Eileen Joyce,0,903,881,9,5420,Eric Douglas,0,1117,1110,1,2,5,1999-01-09,False
2666,11,False,5567,Eileen Joyce,0,903,881,9,5659,Lorraine O'Loughlin,0,998,967,8,4,5,1999-01-09,False
2667,11,False,5659,Lorraine O'Loughlin,0,998,967,8,3456,Hugh Megaro,0,981,1007,3,1,5,1999-01-09,False
2668,11,False,5659,Lorraine O'Loughlin,0,998,967,8,4484,Vi Ditommaso,0,812,792,10,6,5,1999-01-09,False
2669,11,False,5659,Lorraine O'Loughlin,0,998,967,8,3963,Joan Perico,0,1015,1035,2,7,5,1999-01-09,False
2670,11,False,5699,Mark Feldman,0,1605,1597,5,35,Howard Greenspan,0,1616,1605,7,1,2,1999-01-09,False
2671,11,False,5699,Mark Feldman,0,1605,1597,5,1280,Maurice Decanio,0,1610,1621,4,6,2,1999-01-09,False
2672,11,False,5699,Mark Feldman,0,1605,1597,5,45,Diane Firstman,0,1581,1538,8,7,2,1999-01-09,False
2673,11,False,5779,Zack Hample,0,1480,1541,3,42,Rod MacNeil,0,1461,1438,8,3,3,1999-01-09,False
2674,11,False,5779,Zack Hample,0,1480,1541,3,6442,J Mercatante,0,1530,1551,1,4,3,1999-01-09,False
2675,11,False,5779,Zack Hample,0,1480,1541,3,4126,Alan Weber,0,1515,1520,4,5,3,1999-01-09,False
2676,11,False,5779,Zack Hample,0,1480,1541,3,946,Steve Williams,0,1485,1477,5,6,3,1999-01-09,False
2677,11,False,5779,Zack Hample,0,1480,1541,3,244,Phyllis Nussbaum,0,1461,1438,6,7,3,1999-01-09,False
2678,11,False,5795,Rena Lamagna,0,1432,1387,7,2142,Renee Schlesinger,0,1184,1178,9,2,4,1999-01-09,False
2679,11,False,5795,Rena Lamagna,0,1432,1387,7,4241,Ed Ugarte,0,1153,1180,4,4,4,1999-01-09,False
2680,11,False,6442,J Mercatante,0,1530,1551,1,244,Phyllis Nussbaum,0,1461,1438,6,1,3,1999-01-09,False
2681,11,False,6442,J Mercatante,0,1530,1551,1,4126,Alan Weber,0,1515,1520,4,2,3,1999-01-09,False
2682,11,False,6442,J Mercatante,0,1530,1551,1,946,Steve Williams,0,1485,1477,5,3,3,1999-01-09,False
2683,11,False,6442,J Mercatante,0,1530,1551,1,636,Roberta Borenstein,0,1484,1456,7,5,3,1999-01-09,False
2684,11,False,6442,J Mercatante,0,1530,1551,1,42,Rod MacNeil,0,1461,1438,8,7,3,1999-01-09,False
3090,13,False,5,Dennis Kaiser,0,1819,1842,5,2081,Chani Katz,0,1797,1772,14,1,1,1999-01-15,False
3091,13,False,5,Dennis Kaiser,0,1819,1842,5,2072,Rita Dady,0,1661,1634,17,2,1,1999-01-15,False
3092,13,False,5,Dennis Kaiser,0,1819,1842,5,9624,Jeff Widergren,0,1894,1883,3,3,1,1999-01-15,False
3093,13,False,5,Dennis Kaiser,0,1819,1842,5,3013,Larry Rand,0,1886,1850,11,6,1,1999-01-15,False
3094,13,False,5,Dennis Kaiser,0,1819,1842,5,85,Tom Kelly,0,1736,1671,18,7,1,1999-01-15,False
3095,13,False,5,Dennis Kaiser,0,1819,1842,5,344,Ira Cohen,0,1875,1910,1,10,1,1999-01-15,False
3096,13,False,5,Dennis Kaiser,0,1819,1842,5,582,Rita Provost,0,1949,1890,10,11,1,1999-01-15,False
3097,13,False,5,Dennis Kaiser,0,1819,1842,5,1062,Eleanor Traeg,0,1662,1712,12,13,1,1999-01-15,False
3098,13,False,5,Dennis Kaiser,0,1819,1842,5,1851,Sal Dijamco,0,1788,1809,6,14,1,1999-01-15,False
3099,13,False,5,Dennis Kaiser,0,1819,1842,5,44,Paul Avrin,0,1755,1769,8,16,1,1999-01-15,False
3100,13,False,8,Alan Whitman,0,1276,1270,26,2320,Pat Burnham,0,1254,1319,11,2,2,1999-01-15,False
3101,13,False,8,Alan Whitman,0,1276,1270,26,1038,Irene Averell,0,1197,1196,24,8,2,1999-01-15,False
3102,13,False,8,Alan Whitman,0,1276,1270,26,1603,Tim Wise,0,1232,1224,27,9,2,1999-01-15,False
3103,13,False,8,Alan Whitman,0,1276,1270,26,712,Barbara Platt,0,1326,1327,23,11,2,1999-01-15,False
3104,13,False,8,Alan Whitman,0,1276,1270,26,3772,Jack Jones,0,1301,1318,17,15,2,1999-01-15,False
3105,13,False,11,Paula Catanese,0,956,938,6,5940,Sunday Butler,0,984,859,9,2,4,1999-01-15,False
3106,13,False,11,Paula Catanese,0,956,938,6,1271,Judith Whitcomb,0,1030,1014,4,3,4,1999-01-15,False
3107,13,False,11,Paula Catanese,0,956,938,6,19096,Grace Harris,0,896,904,7,4,4,1999-01-15,False
3108,13,False,11,Paula Catanese,0,956,938,6,1754,Gonya Matheu,0,717,699,10,8,4,1999-01-15,False
3109,13,False,11,Paula Catanese,0,956,938,6,2504,Kitty Yamauchi,0,935,969,5,12,4,1999-01-15,False
3110,13,False,11,Paula Catanese,0,956,938,6,1754,Gonya Matheu,0,717,699,10,15,4,1999-01-15,False
3111,13,False,11,Paula Catanese,0,956,938,6,1095,Regina Wilhite,0,940,905,8,16,4,1999-01-15,False
3112,13,False,12,Pat Diener,0,1225,1269,2,1046,B A Toole,0,951,945,15,1,3,1999-01-15,False
3113,13,False,12,Pat Diener,0,1225,1269,2,28,Cynthia Ho,0,1113,1102,10,3,3,1999-01-15,False
3114,13,False,12,Pat Diener,0,1225,1269,2,1602,Rosemary Ryan,0,1136,1090,12,4,3,1999-01-15,False
3115,13,False,12,Pat Diener,0,1225,1269,2,534,Alan Love,0,1165,1171,7,5,3,1999-01-15,False
3116,13,False,12,Pat Diener,0,1225,1269,2,1819,Joanne Smith,0,1176,1135,11,6,3,1999-01-15,False
3117,13,False,12,Pat Diener,0,1225,1269,2,4372,Letty Dolphin,0,626,654,16,8,3,1999-01-15,False
3118,13,False,12,Pat Diener,0,1225,1269,2,4371,Betty Isbell,0,1063,1034,13,9,3,1999-01-15,False
3119,13,False,12,Pat Diener,0,1225,1269,2,2886,David Filippi,0,1167,1235,1,10,3,1999-01-15,False
3120,13,False,12,Pat Diener,0,1225,1269,2,1049,Gregg Wood,0,1071,1027,14,11,3,1999-01-15,False
3121,13,False,12,Pat Diener,0,1225,1269,2,701,Jacqueline Stewart,0,1152,1144,8,13,3,1999-01-15,False
3122,13,False,12,Pat Diener,0,1225,1269,2,1269,Robert Whitcomb,0,1265,1269,4,14,3,1999-01-15,False
3123,13,False,12,Pat Diener,0,1225,1269,2,4515,William Lincoln III Palmer,0,1291,1286,3,16,3,1999-01-15,False
3124,13,False,28,Cynthia Ho,0,1113,1102,10,3538,Alfredo B Calubiran,0,1147,1140,9,5,3,1999-01-15,False
3125,13,False,28,Cynthia Ho,0,1113,1102,10,1602,Rosemary Ryan,0,1136,1090,12,7,3,1999-01-15,False
3126,13,False,28,Cynthia Ho,0,1113,1102,10,534,Alan Love,0,1165,1171,7,8,3,1999-01-15,False
3127,13,False,28,Cynthia Ho,0,1113,1102,10,1819,Joanne Smith,0,1176,1135,11,9,3,1999-01-15,False
3128,13,False,28,Cynthia Ho,0,1113,1102,10,1049,Gregg Wood,0,1071,1027,14,14,3,1999-01-15,False
3129,13,False,28,Cynthia Ho,0,1113,1102,10,865,Justine Zollinger,0,1150,1205,5,15,3,1999-01-15,False
3130,13,False,28,Cynthia Ho,0,1113,1102,10,3538,Alfredo B Calubiran,0,1147,1140,9,16,3,1999-01-15,False
3131,13,False,33,Joey Mallick,521,1879,1881,2,3039,Norma Fisher,237,1726,1736,13,1,1,1999-01-15,False
3132,13,False,33,Joey Mallick,488,1879,1881,2,2081,Chani Katz,262,1797,1772,14,2,1,1999-01-15,False
3133,13,False,33,Joey Mallick,465,1879,1881,2,2072,Rita Dady,330,1661,1634,17,3,1,1999-01-15,False
3134,13,False,33,Joey Mallick,467,1879,1881,2,5,Dennis Kaiser,304,1819,1842,5,4,1,1999-01-15,False
3135,13,False,33,Joey Mallick,404,1879,1881,2,85,Tom Kelly,292,1736,1671,18,6,1,1999-01-15,False
3136,13,False,33,Joey Mallick,491,1879,1881,2,1587,Roy Kamen,364,1768,1779,7,8,1,1999-01-15,False
3137,13,False,33,Joey Mallick,406,1879,1881,2,3013,Larry Rand,357,1886,1850,11,9,1,1999-01-15,False
3138,13,False,33,Joey Mallick,404,1879,1881,2,676,Siri Tillekeratne,389,1633,1675,15,11,1,1999-01-15,False
3139,13,False,33,Joey Mallick,549,1879,1881,2,582,Rita Provost,281,1949,1890,10,13,1,1999-01-15,False
3140,13,False,33,Joey Mallick,461,1879,1881,2,344,Ira Cohen,350,1875,1910,1,14,1,1999-01-15,False
3141,13,False,44,Paul Avrin,0,1755,1769,8,85,Tom Kelly,0,1736,1671,18,3,1,1999-01-15,False
3142,13,False,44,Paul Avrin,0,1755,1769,8,9624,Jeff Widergren,0,1894,1883,3,7,1,1999-01-15,False
3143,13,False,44,Paul Avrin,0,1755,1769,8,582,Rita Provost,0,1949,1890,10,8,1,1999-01-15,False
3144,13,False,44,Paul Avrin,0,1755,1769,8,1062,Eleanor Traeg,0,1662,1712,12,9,1,1999-01-15,False
3145,13,False,44,Paul Avrin,0,1755,1769,8,1059,Karen Merrill,0,1753,1733,16,10,1,1999-01-15,False
3146,13,False,44,Paul Avrin,370,1755,1769,8,33,Joey Mallick,343,1879,1881,2,12,1,1999-01-15,False
3147,13,False,44,Paul Avrin,0,1755,1769,8,2072,Rita Dady,0,1661,1634,17,13,1,1999-01-15,False
3148,13,False,44,Paul Avrin,0,1755,1769,8,5,Dennis Kaiser,0,1819,1842,5,15,1,1999-01-15,False
3149,13,False,71,Noel Livermore,0,1676,1695,2,4366,Judith Shipman,0,1256,1280,21,1,2,1999-01-15,False
3150,13,False,71,Noel Livermore,0,1676,1695,2,3772,Jack Jones,0,1301,1318,17,3,2,1999-01-15,False
3151,13,False,71,Noel Livermore,0,1676,1695,2,699,Jesse Wornum,0,1449,1431,14,5,2,1999-01-15,False
3152,13,False,71,Noel Livermore,0,1676,1695,2,524,Susan Love,0,1556,1486,15,7,2,1999-01-15,False
3153,13,False,71,Noel Livermore,0,1676,1695,2,2094,Richard Joseph,0,1440,1403,20,8,2,1999-01-15,False
3154,13,False,71,Noel Livermore,0,1676,1695,2,2319,Robert Smith,0,1411,1504,4,9,2,1999-01-15,False
3155,13,False,71,Noel Livermore,0,1676,1695,2,904,Tim Anglin,0,1755,1726,5,10,2,1999-01-15,False
3156,13,False,71,Noel Livermore,0,1676,1695,2,1814,Ray Smith,0,1547,1620,3,12,2,1999-01-15,False
3157,13,False,71,Noel Livermore,0,1676,1695,2,1460,Jim W Fischer,0,1686,1622,10,13,2,1999-01-15,False
3158,13,False,71,Noel Livermore,0,1676,1695,2,1591,Jason Sommer,0,1713,1715,1,14,2,1999-01-15,False
3159,13,False,71,Noel Livermore,0,1676,1695,2,1456,Shirley Ritz,0,1468,1497,12,15,2,1999-01-15,False
3160,13,False,71,Noel Livermore,0,1676,1695,2,904,Tim Anglin,0,1755,1726,5,16,2,1999-01-15,False
3161,13,False,85,Tom Kelly,0,1736,1671,18,238,Stuart Goldman,0,1728,1797,4,1,1,1999-01-15,False
3162,13,False,85,Tom Kelly,0,1736,1671,18,3039,Norma Fisher,0,1726,1736,13,14,1,1999-01-15,False
3163,13,False,85,Tom Kelly,0,1736,1671,18,1059,Karen Merrill,0,1753,1733,16,15,1,1999-01-15,False
3164,13,False,85,Tom Kelly,0,1736,1671,18,2072,Rita Dady,0,1661,1634,17,16,1,1999-01-15,False
3165,13,False,238,Stuart Goldman,0,1728,1797,4,44,Paul Avrin,0,1755,1769,8,2,1,1999-01-15,False
3166,13,False,238,Stuart Goldman,0,1728,1797,4,676,Siri Tillekeratne,0,1633,1675,15,3,1,1999-01-15,False
3167,13,False,238,Stuart Goldman,0,1728,1797,4,1587,Roy Kamen,0,1768,1779,7,4,1,1999-01-15,False
3168,13,False,238,Stuart Goldman,0,1728,1797,4,2072,Rita Dady,0,1661,1634,17,6,1,1999-01-15,False
3169,13,False,238,Stuart Goldman,0,1728,1797,4,586,Robert Linn,0,1825,1805,9,7,1,1999-01-15,False
3170,13,False,238,Stuart Goldman,0,1728,1797,4,3039,Norma Fisher,0,1726,1736,13,8,1,1999-01-15,False
3171,13,False,238,Stuart Goldman,0,1728,1797,4,2081,Chani Katz,0,1797,1772,14,9,1,1999-01-15,False
3172,13,False,238,Stuart Goldman,0,1728,1797,4,3013,Larry Rand,0,1886,1850,11,10,1,1999-01-15,False
3173,13,False,238,Stuart Goldman,0,1728,1797,4,5,Dennis Kaiser,0,1819,1842,5,12,1,1999-01-15,False
3174,13,False,238,Stuart Goldman,397,1728,1797,4,33,Joey Mallick,357,1879,1881,2,15,1,1999-01-15,False
3175,13,False,344,Ira Cohen,0,1875,1910,1,676,Siri Tillekeratne,0,1633,1675,15,1,1,1999-01-15,False
3176,13,False,344,Ira Cohen,0,1875,1910,1,85,Tom Kelly,0,1736,1671,18,2,1,1999-01-15,False
3177,13,False,344,Ira Cohen,0,1875,1910,1,1587,Roy Kamen,0,1768,1779,7,3,1,1999-01-15,False
3178,13,False,344,Ira Cohen,0,1875,1910,1,44,Paul Avrin,0,1755,1769,8,4,1,1999-01-15,False
3179,13,False,344,Ira Cohen,0,1875,1910,1,238,Stuart Goldman,0,1728,1797,4,5,1,1999-01-15,False
3180,13,False,344,Ira Cohen,0,1875,1910,1,1059,Karen Merrill,0,1753,1733,16,6,1,1999-01-15,False
3181,13,False,344,Ira Cohen,0,1875,1910,1,1851,Sal Dijamco,0,1788,1809,6,9,1,1999-01-15,False
3182,13,False,344,Ira Cohen,0,1875,1910,1,1062,Eleanor Traeg,0,1662,1712,12,11,1,1999-01-15,False
3183,13,False,344,Ira Cohen,0,1875,1910,1,582,Rita Provost,0,1949,1890,10,12,1,1999-01-15,False
3184,13,False,344,Ira Cohen,0,1875,1910,1,9624,Jeff Widergren,0,1894,1883,3,13,1,1999-01-15,False
3185,13,False,344,Ira Cohen,0,1875,1910,1,2081,Chani Katz,0,1797,1772,14,15,1,1999-01-15,False
3186,13,False,344,Ira Cohen,455,1875,1910,1,33,Joey Mallick,375,1879,1881,2,16,1,1999-01-15,False
3187,13,False,524,Susan Love,0,1556,1486,15,22050,Jane Fischer,0,1136,1222,18,5,2,1999-01-15,False
3188,13,False,524,Susan Love,0,1556,1486,15,699,Jesse Wornum,0,1449,1431,14,6,2,1999-01-15,False
3189,13,False,524,Susan Love,0,1556,1486,15,4366,Judith Shipman,0,1256,1280,21,8,2,1999-01-15,False
3190,13,False,524,Susan Love,0,1556,1486,15,1041,Elizabeth Wood,0,1354,1324,22,9,2,1999-01-15,False
3191,13,False,524,Susan Love,0,1556,1486,15,8,Alan Whitman,0,1276,1270,26,10,2,1999-01-15,False
3192,13,False,524,Susan Love,0,1556,1486,15,1603,Tim Wise,0,1232,1224,27,11,2,1999-01-15,False
3193,13,False,524,Susan Love,0,1556,1486,15,1388,Ossie Mair,0,1323,1376,16,13,2,1999-01-15,False
3194,13,False,524,Susan Love,0,1556,1486,15,17121,Dane Barnhard,0,1560,1470,19,16,2,1999-01-15,False
3195,13,False,534,Alan Love,0,1165,1171,7,1269,Robert Whitcomb,0,1265,1269,4,4,3,1999-01-15,False
3196,13,False,534,Alan Love,0,1165,1171,7,1046,B A Toole,0,951,945,15,6,3,1999-01-15,False
3197,13,False,534,Alan Love,0,1165,1171,7,3538,Alfredo B Calubiran,0,1147,1140,9,7,3,1999-01-15,False
3198,13,False,534,Alan Love,0,1165,1171,7,1602,Rosemary Ryan,0,1136,1090,12,9,3,1999-01-15,False
3199,13,False,534,Alan Love,0,1165,1171,7,4515,William Lincoln III Palmer,0,1291,1286,3,10,3,1999-01-15,False
3200,13,False,534,Alan Love,0,1165,1171,7,4367,George McCready,0,1247,1238,6,12,3,1999-01-15,False
3201,13,False,534,Alan Love,0,1165,1171,7,4372,Letty Dolphin,0,626,654,16,13,3,1999-01-15,False
3202,13,False,534,Alan Love,0,1165,1171,7,4371,Betty Isbell,0,1063,1034,13,14,3,1999-01-15,False
3203,13,False,534,Alan Love,0,1165,1171,7,701,Jacqueline Stewart,0,1152,1144,8,16,3,1999-01-15,False
3204,13,False,562,Vince Castellano,0,996,1124,1,1271,Judith Whitcomb,0,1030,1014,4,2,4,1999-01-15,False
3205,13,False,562,Vince Castellano,0,996,1124,1,4376,Kimo Ahyun,0,1062,1101,2,4,4,1999-01-15,False
3206,13,False,562,Vince Castellano,0,996,1124,1,11,Paula Catanese,0,956,938,6,5,4,1999-01-15,False
3207,13,False,562,Vince Castellano,0,996,1124,1,3023,Ruth Barr,0,1001,1039,3,6,4,1999-01-15,False
3208,13,False,562,Vince Castellano,0,996,1124,1,1754,Gonya Matheu,0,717,699,10,7,4,1999-01-15,False
3209,13,False,562,Vince Castellano,0,996,1124,1,2504,Kitty Yamauchi,0,935,969,5,8,4,1999-01-15,False
3210,13,False,562,Vince Castellano,0,996,1124,1,1095,Regina Wilhite,0,940,905,8,9,4,1999-01-15,False
3211,13,False,562,Vince Castellano,0,996,1124,1,5940,Sunday Butler,0,984,859,9,10,4,1999-01-15,False
3212,13,False,562,Vince Castellano,0,996,1124,1,1271,Judith Whitcomb,0,1030,1014,4,12,4,1999-01-15,False
3213,13,False,562,Vince Castellano,0,996,1124,1,11,Paula Catanese,0,956,938,6,13,4,1999-01-15,False
3214,13,False,562,Vince Castellano,0,996,1124,1,3023,Ruth Barr,0,1001,1039,3,14,4,1999-01-15,False
3215,13,False,562,Vince Castellano,0,996,1124,1,4376,Kimo Ahyun,0,1062,1101,2,16,4,1999-01-15,False
3216,13,False,582,Rita Provost,0,1949,1890,10,1062,Eleanor Traeg,0,1662,1712,12,1,1,1999-01-15,False
3217,13,False,582,Rita Provost,0,1949,1890,10,1059,Karen Merrill,0,1753,1733,16,2,1,1999-01-15,False
3218,13,False,582,Rita Provost,0,1949,1890,10,1851,Sal Dijamco,0,1788,1809,6,3,1,1999-01-15,False
3219,13,False,582,Rita Provost,0,1949,1890,10,586,Robert Linn,0,1825,1805,9,4,1,1999-01-15,False
3220,13,False,582,Rita Provost,0,1949,1890,10,676,Siri Tillekeratne,0,1633,1675,15,6,1,1999-01-15,False
3221,13,False,582,Rita Provost,0,1949,1890,10,2081,Chani Katz,0,1797,1772,14,7,1,1999-01-15,False
3222,13,False,582,Rita Provost,0,1949,1890,10,1587,Roy Kamen,0,1768,1779,7,9,1,1999-01-15,False
3223,13,False,582,Rita Provost,0,1949,1890,10,238,Stuart Goldman,0,1728,1797,4,14,1,1999-01-15,False
3224,13,False,586,Robert Linn,0,1825,1805,9,1062,Eleanor Traeg,0,1662,1712,12,5,1,1999-01-15,False
3225,13,False,586,Robert Linn,0,1825,1805,9,5,Dennis Kaiser,0,1819,1842,5,8,1,1999-01-15,False
3226,13,False,586,Robert Linn,0,1825,1805,9,2072,Rita Dady,0,1661,1634,17,9,1,1999-01-15,False
3227,13,False,586,Robert Linn,0,1825,1805,9,2081,Chani Katz,0,1797,1772,14,10,1,1999-01-15,False
3228,13,False,586,Robert Linn,0,1825,1805,9,85,Tom Kelly,0,1736,1671,18,11,1,1999-01-15,False
3229,13,False,586,Robert Linn,0,1825,1805,9,676,Siri Tillekeratne,0,1633,1675,15,12,1,1999-01-15,False
3230,13,False,586,Robert Linn,0,1825,1805,9,44,Paul Avrin,0,1755,1769,8,14,1,1999-01-15,False
3231,13,False,586,Robert Linn,0,1825,1805,9,3039,Norma Fisher,0,1726,1736,13,16,1,1999-01-15,False
3232,13,False,676,Siri Tillekeratne,0,1633,1675,15,85,Tom Kelly,0,1736,1671,18,4,1,1999-01-15,False
3233,13,False,676,Siri Tillekeratne,0,1633,1675,15,44,Paul Avrin,0,1755,1769,8,5,1,1999-01-15,False
3234,13,False,676,Siri Tillekeratne,0,1633,1675,15,1851,Sal Dijamco,0,1788,1809,6,7,1,1999-01-15,False
3235,13,False,676,Siri Tillekeratne,0,1633,1675,15,2072,Rita Dady,0,1661,1634,17,8,1,1999-01-15,False
3236,13,False,676,Siri Tillekeratne,0,1633,1675,15,3039,Norma Fisher,0,1726,1736,13,9,1,1999-01-15,False
3237,13,False,676,Siri Tillekeratne,0,1633,1675,15,1059,Karen Merrill,0,1753,1733,16,14,1,1999-01-15,False
3238,13,False,676,Siri Tillekeratne,0,1633,1675,15,1062,Eleanor Traeg,0,1662,1712,12,15,1,1999-01-15,False
3239,13,False,699,Jesse Wornum,0,1449,1431,14,712,Barbara Platt,0,1326,1327,23,1,2,1999-01-15,False
3240,13,False,699,Jesse Wornum,0,1449,1431,14,22050,Jane Fischer,0,1136,1222,18,7,2,1999-01-15,False
3241,13,False,699,Jesse Wornum,0,1449,1431,14,3085,Teri Tetreault,0,1520,1533,9,8,2,1999-01-15,False
3242,13,False,699,Jesse Wornum,0,1449,1431,14,4366,Judith Shipman,0,1256,1280,21,10,2,1999-01-15,False
3243,13,False,699,Jesse Wornum,0,1449,1431,14,17121,Dane Barnhard,0,1560,1470,19,11,2,1999-01-15,False
3244,13,False,699,Jesse Wornum,0,1449,1431,14,8,Alan Whitman,0,1276,1270,26,12,2,1999-01-15,False
3245,13,False,699,Jesse Wornum,0,1449,1431,14,1603,Tim Wise,0,1232,1224,27,13,2,1999-01-15,False
3246,13,False,699,Jesse Wornum,0,1449,1431,14,1456,Shirley Ritz,0,1468,1497,12,14,2,1999-01-15,False
3247,13,False,701,Jacqueline Stewart,0,1152,1144,8,28,Cynthia Ho,0,1113,1102,10,1,3,1999-01-15,False
3248,13,False,701,Jacqueline Stewart,0,1152,1144,8,534,Alan Love,0,1165,1171,7,3,3,1999-01-15,False
3249,13,False,701,Jacqueline Stewart,0,1152,1144,8,1819,Joanne Smith,0,1176,1135,11,4,3,1999-01-15,False
3250,13,False,701,Jacqueline Stewart,0,1152,1144,8,4367,George McCready,0,1247,1238,6,5,3,1999-01-15,False
3251,13,False,701,Jacqueline Stewart,0,1152,1144,8,4371,Betty Isbell,0,1063,1034,13,7,3,1999-01-15,False
3252,13,False,701,Jacqueline Stewart,0,1152,1144,8,1049,Gregg Wood,0,1071,1027,14,9,3,1999-01-15,False
3253,13,False,701,Jacqueline Stewart,0,1152,1144,8,1269,Robert Whitcomb,0,1265,1269,4,12,3,1999-01-15,False
3254,13,False,701,Jacqueline Stewart,0,1152,1144,8,1046,B A Toole,0,951,945,15,14,3,1999-01-15,False
3255,13,False,712,Barbara Platt,0,1326,1327,23,524,Susan Love,0,1556,1486,15,2,2,1999-01-15,False
3256,13,False,712,Barbara Platt,0,1326,1327,23,71,Noel Livermore,0,1676,1695,2,4,2,1999-01-15,False
3257,13,False,712,Barbara Platt,0,1326,1327,23,1036,Betty Cornelison,0,1509,1541,7,5,2,1999-01-15,False
3258,13,False,712,Barbara Platt,0,1326,1327,23,1038,Irene Averell,0,1197,1196,24,6,2,1999-01-15,False
3259,13,False,712,Barbara Platt,0,1326,1327,23,3770,Renee Jones,0,1341,1374,13,13,2,1999-01-15,False
3260,13,False,712,Barbara Platt,0,1326,1327,23,1074,Julia Bogle,0,1386,1291,28,15,2,1999-01-15,False
3261,13,False,865,Justine Zollinger,0,1150,1205,5,1602,Rosemary Ryan,0,1136,1090,12,1,3,1999-01-15,False
3262,13,False,865,Justine Zollinger,0,1150,1205,5,534,Alan Love,0,1165,1171,7,2,3,1999-01-15,False
3263,13,False,865,Justine Zollinger,0,1150,1205,5,1819,Joanne Smith,0,1176,1135,11,3,3,1999-01-15,False
3264,13,False,865,Justine Zollinger,0,1150,1205,5,4372,Letty Dolphin,0,626,654,16,5,3,1999-01-15,False
3265,13,False,865,Justine Zollinger,0,1150,1205,5,4371,Betty Isbell,0,1063,1034,13,6,3,1999-01-15,False
3266,13,False,865,Justine Zollinger,0,1150,1205,5,1049,Gregg Wood,0,1071,1027,14,8,3,1999-01-15,False
3267,13,False,865,Justine Zollinger,0,1150,1205,5,4515,William Lincoln III Palmer,0,1291,1286,3,9,3,1999-01-15,False
3268,13,False,865,Justine Zollinger,0,1150,1205,5,701,Jacqueline Stewart,0,1152,1144,8,10,3,1999-01-15,False
3269,13,False,865,Justine Zollinger,0,1150,1205,5,1269,Robert Whitcomb,0,1265,1269,4,11,3,1999-01-15,False
3270,13,False,865,Justine Zollinger,0,1150,1205,5,12,Pat Diener,0,1225,1269,2,12,3,1999-01-15,False
3271,13,False,865,Justine Zollinger,0,1150,1205,5,1046,B A Toole,0,951,945,15,13,3,1999-01-15,False
3272,13,False,904,Tim Anglin,0,1755,1726,5,1603,Tim Wise,0,1232,1224,27,2,2,1999-01-15,False
3273,13,False,904,Tim Anglin,0,1755,1726,5,8,Alan Whitman,0,1276,1270,26,3,2,1999-01-15,False
3274,13,False,904,Tim Anglin,0,1755,1726,5,1074,Julia Bogle,0,1386,1291,28,4,2,1999-01-15,False
3275,13,False,904,Tim Anglin,0,1755,1726,5,3085,Teri Tetreault,0,1520,1533,9,5,2,1999-01-15,False
3276,13,False,904,Tim Anglin,0,1755,1726,5,1456,Shirley Ritz,0,1468,1497,12,6,2,1999-01-15,False
3277,13,False,904,Tim Anglin,0,1755,1726,5,2792,Don Malcolm,0,1625,1637,6,7,2,1999-01-15,False
3278,13,False,904,Tim Anglin,0,1755,1726,5,22050,Jane Fischer,0,1136,1222,18,8,2,1999-01-15,False
3279,13,False,904,Tim Anglin,0,1755,1726,5,1460,Jim W Fischer,0,1686,1622,10,9,2,1999-01-15,False
3280,13,False,904,Tim Anglin,0,1755,1726,5,1388,Ossie Mair,0,1323,1376,16,11,2,1999-01-15,False
3281,13,False,904,Tim Anglin,0,1755,1726,5,2094,Richard Joseph,0,1440,1403,20,12,2,1999-01-15,False
3282,13,False,904,Tim Anglin,0,1755,1726,5,1591,Jason Sommer,0,1713,1715,1,13,2,1999-01-15,False
3283,13,False,1036,Betty Cornelison,0,1509,1541,7,699,Jesse Wornum,0,1449,1431,14,2,2,1999-01-15,False
3284,13,False,1036,Betty Cornelison,0,1509,1541,7,524,Susan Love,0,1556,1486,15,3,2,1999-01-15,False
3285,13,False,1036,Betty Cornelison,0,1509,1541,7,22050,Jane Fischer,0,1136,1222,18,4,2,1999-01-15,False
3286,13,False,1036,Betty Cornelison,0,1509,1541,7,71,Noel Livermore,0,1676,1695,2,6,2,1999-01-15,False
3287,13,False,1036,Betty Cornelison,0,1509,1541,7,1074,Julia Bogle,0,1386,1291,28,7,2,1999-01-15,False
3288,13,False,1036,Betty Cornelison,0,1509,1541,7,3770,Renee Jones,0,1341,1374,13,9,2,1999-01-15,False
3289,13,False,1036,Betty Cornelison,0,1509,1541,7,1447,Jeff Potts,0,1747,1703,8,10,2,1999-01-15,False
3290,13,False,1036,Betty Cornelison,0,1509,1541,7,2094,Richard Joseph,0,1440,1403,20,13,2,1999-01-15,False
3291,13,False,1036,Betty Cornelison,0,1509,1541,7,1388,Ossie Mair,0,1323,1376,16,14,2,1999-01-15,False
3292,13,False,1036,Betty Cornelison,0,1509,1541,7,3085,Teri Tetreault,0,1520,1533,9,15,2,1999-01-15,False
3293,13,False,1038,Irene Averell,0,1197,1196,24,524,Susan Love,0,1556,1486,15,1,2,1999-01-15,False
3294,13,False,1038,Irene Averell,0,1197,1196,24,1924,Cheryl Palmer,0,1337,1291,25,10,2,1999-01-15,False
3295,13,False,1038,Irene Averell,0,1197,1196,24,22050,Jane Fischer,0,1136,1222,18,13,2,1999-01-15,False
3296,13,False,1038,Irene Averell,0,1197,1196,24,1074,Julia Bogle,0,1386,1291,28,14,2,1999-01-15,False
3297,13,False,1038,Irene Averell,0,1197,1196,24,1603,Tim Wise,0,1232,1224,27,16,2,1999-01-15,False
3298,13,False,1041,Elizabeth Wood,0,1354,1324,22,2320,Pat Burnham,0,1254,1319,11,4,2,1999-01-15,False
3299,13,False,1041,Elizabeth Wood,0,1354,1324,22,1038,Irene Averell,0,1197,1196,24,7,2,1999-01-15,False
3300,13,False,1041,Elizabeth Wood,0,1354,1324,22,1074,Julia Bogle,0,1386,1291,28,8,2,1999-01-15,False
3301,13,False,1041,Elizabeth Wood,0,1354,1324,22,3772,Jack Jones,0,1301,1318,17,11,2,1999-01-15,False
3302,13,False,1041,Elizabeth Wood,0,1354,1324,22,1603,Tim Wise,0,1232,1224,27,15,2,1999-01-15,False
3303,13,False,1041,Elizabeth Wood,0,1354,1324,22,8,Alan Whitman,0,1276,1270,26,16,2,1999-01-15,False
3304,13,False,1046,B A Toole,0,951,945,15,28,Cynthia Ho,0,1113,1102,10,4,3,1999-01-15,False
3305,13,False,1046,B A Toole,0,951,945,15,4367,George McCready,0,1247,1238,6,8,3,1999-01-15,False
3306,13,False,1046,B A Toole,0,951,945,15,4372,Letty Dolphin,0,626,654,16,9,3,1999-01-15,False
3307,13,False,1046,B A Toole,0,951,945,15,1049,Gregg Wood,0,1071,1027,14,12,3,1999-01-15,False
3308,13,False,1049,Gregg Wood,0,1071,1027,14,534,Alan Love,0,1165,1171,7,1,3,1999-01-15,False
3309,13,False,1049,Gregg Wood,0,1071,1027,14,4372,Letty Dolphin,0,626,654,16,4,3,1999-01-15,False
3310,13,False,1049,Gregg Wood,0,1071,1027,14,4371,Betty Isbell,0,1063,1034,13,5,3,1999-01-15,False
3311,13,False,1049,Gregg Wood,0,1071,1027,14,4515,William Lincoln III Palmer,0,1291,1286,3,7,3,1999-01-15,False
3312,13,False,1049,Gregg Wood,0,1071,1027,14,4372,Letty Dolphin,0,626,654,16,16,3,1999-01-15,False
3313,13,False,1059,Karen Merrill,0,1753,1733,16,3013,Larry Rand,0,1886,1850,11,1,1,1999-01-15,False
3314,13,False,1059,Karen Merrill,0,1753,1733,16,586,Robert Linn,0,1825,1805,9,3,1,1999-01-15,False
3315,13,False,1059,Karen Merrill,474,1753,1733,16,33,Joey Mallick,333,1879,1881,2,7,1,1999-01-15,False
3316,13,False,1059,Karen Merrill,0,1753,1733,16,5,Dennis Kaiser,0,1819,1842,5,9,1,1999-01-15,False
3317,13,False,1059,Karen Merrill,0,1753,1733,16,238,Stuart Goldman,0,1728,1797,4,11,1,1999-01-15,False
3318,13,False,1059,Karen Merrill,0,1753,1733,16,2081,Chani Katz,0,1797,1772,14,12,1,1999-01-15,False
3319,13,False,1062,Eleanor Traeg,0,1662,1712,12,1851,Sal Dijamco,0,1788,1809,6,2,1,1999-01-15,False
3320,13,False,1062,Eleanor Traeg,0,1662,1712,12,3013,Larry Rand,0,1886,1850,11,3,1,1999-01-15,False
3321,13,False,1062,Eleanor Traeg,0,1662,1712,12,1059,Karen Merrill,0,1753,1733,16,4,1,1999-01-15,False
3322,13,False,1062,Eleanor Traeg,0,1662,1712,12,2081,Chani Katz,0,1797,1772,14,6,1,1999-01-15,False
3323,13,False,1062,Eleanor Traeg,0,1662,1712,12,85,Tom Kelly,0,1736,1671,18,8,1,1999-01-15,False
3324,13,False,1062,Eleanor Traeg,0,1662,1712,12,3039,Norma Fisher,0,1726,1736,13,12,1,1999-01-15,False
3325,13,False,1062,Eleanor Traeg,0,1662,1712,12,9624,Jeff Widergren,0,1894,1883,3,14,1,1999-01-15,False
3326,13,False,1062,Eleanor Traeg,0,1662,1712,12,676,Siri Tillekeratne,0,1633,1675,15,16,1,1999-01-15,False
3327,13,False,1074,Julia Bogle,0,1386,1291,28,3085,Teri Tetreault,0,1520,1533,9,1,2,1999-01-15,False
3328,13,False,1074,Julia Bogle,0,1386,1291,28,699,Jesse Wornum,0,1449,1431,14,3,2,1999-01-15,False
3329,13,False,1074,Julia Bogle,0,1386,1291,28,1924,Cheryl Palmer,0,1337,1291,25,11,2,1999-01-15,False
3330,13,False,1095,Regina Wilhite,0,940,905,8,11,Paula Catanese,0,956,938,6,1,4,1999-01-15,False
3331,13,False,1095,Regina Wilhite,0,940,905,8,1754,Gonya Matheu,0,717,699,10,3,4,1999-01-15,False
3332,13,False,1095,Regina Wilhite,0,940,905,8,5940,Sunday Butler,0,984,859,9,6,4,1999-01-15,False
3333,13,False,1095,Regina Wilhite,0,940,905,8,2504,Kitty Yamauchi,0,935,969,5,11,4,1999-01-15,False
3334,13,False,1095,Regina Wilhite,0,940,905,8,5940,Sunday Butler,0,984,859,9,12,4,1999-01-15,False
3335,13,False,1095,Regina Wilhite,0,940,905,8,1754,Gonya Matheu,0,717,699,10,13,4,1999-01-15,False
3336,13,False,1269,Robert Whitcomb,0,1265,1269,4,3538,Alfredo B Calubiran,0,1147,1140,9,1,3,1999-01-15,False
3337,13,False,1269,Robert Whitcomb,0,1265,1269,4,28,Cynthia Ho,0,1113,1102,10,2,3,1999-01-15,False
3338,13,False,1269,Robert Whitcomb,0,1265,1269,4,1602,Rosemary Ryan,0,1136,1090,12,3,3,1999-01-15,False
3339,13,False,1269,Robert Whitcomb,0,1265,1269,4,1819,Joanne Smith,0,1176,1135,11,5,3,1999-01-15,False
3340,13,False,1269,Robert Whitcomb,0,1265,1269,4,4367,George McCready,0,1247,1238,6,6,3,1999-01-15,False
3341,13,False,1269,Robert Whitcomb,0,1265,1269,4,4372,Letty Dolphin,0,626,654,16,7,3,1999-01-15,False
3342,13,False,1269,Robert Whitcomb,0,1265,1269,4,4371,Betty Isbell,0,1063,1034,13,8,3,1999-01-15,False
3343,13,False,1269,Robert Whitcomb,0,1265,1269,4,2886,David Filippi,0,1167,1235,1,9,3,1999-01-15,False
3344,13,False,1269,Robert Whitcomb,0,1265,1269,4,1049,Gregg Wood,0,1071,1027,14,10,3,1999-01-15,False
3345,13,False,1269,Robert Whitcomb,0,1265,1269,4,4515,William Lincoln III Palmer,0,1291,1286,3,13,3,1999-01-15,False
3346,13,False,1269,Robert Whitcomb,0,1265,1269,4,1046,B A Toole,0,951,945,15,15,3,1999-01-15,False
3347,13,False,1271,Judith Whitcomb,0,1030,1014,4,19096,Grace Harris,0,896,904,7,1,4,1999-01-15,False
3348,13,False,1271,Judith Whitcomb,0,1030,1014,4,3023,Ruth Barr,0,1001,1039,3,4,4,1999-01-15,False
3349,13,False,1271,Judith Whitcomb,0,1030,1014,4,1754,Gonya Matheu,0,717,699,10,5,4,1999-01-15,False
3350,13,False,1271,Judith Whitcomb,0,1030,1014,4,1095,Regina Wilhite,0,940,905,8,7,4,1999-01-15,False
3351,13,False,1271,Judith Whitcomb,0,1030,1014,4,5940,Sunday Butler,0,984,859,9,8,4,1999-01-15,False
3352,13,False,1271,Judith Whitcomb,0,1030,1014,4,5940,Sunday Butler,0,984,859,9,11,4,1999-01-15,False
3353,13,False,1271,Judith Whitcomb,0,1030,1014,4,11,Paula Catanese,0,956,938,6,14,4,1999-01-15,False
3354,13,False,1271,Judith Whitcomb,0,1030,1014,4,19096,Grace Harris,0,896,904,7,15,4,1999-01-15,False
3355,13,False,1271,Judith Whitcomb,0,1030,1014,4,19096,Grace Harris,0,896,904,7,16,4,1999-01-15,False
3356,13,False,1388,Ossie Mair,0,1323,1376,16,1814,Ray Smith,0,1547,1620,3,1,2,1999-01-15,False
3357,13,False,1388,Ossie Mair,0,1323,1376,16,1038,Irene Averell,0,1197,1196,24,2,2,1999-01-15,False
3358,13,False,1388,Ossie Mair,0,1323,1376,16,2094,Richard Joseph,0,1440,1403,20,4,2,1999-01-15,False
3359,13,False,1388,Ossie Mair,0,1323,1376,16,4366,Judith Shipman,0,1256,1280,21,6,2,1999-01-15,False
3360,13,False,1388,Ossie Mair,0,1323,1376,16,1924,Cheryl Palmer,0,1337,1291,25,7,2,1999-01-15,False
3361,13,False,1388,Ossie Mair,0,1323,1376,16,2319,Robert Smith,0,1411,1504,4,8,2,1999-01-15,False
3362,13,False,1388,Ossie Mair,0,1323,1376,16,22050,Jane Fischer,0,1136,1222,18,10,2,1999-01-15,False
3363,13,False,1388,Ossie Mair,0,1323,1376,16,699,Jesse Wornum,0,1449,1431,14,15,2,1999-01-15,False
3364,13,False,1447,Jeff Potts,0,1747,1703,8,904,Tim Anglin,0,1755,1726,5,1,2,1999-01-15,False
3365,13,False,1447,Jeff Potts,0,1747,1703,8,4366,Judith Shipman,0,1256,1280,21,2,2,1999-01-15,False
3366,13,False,1447,Jeff Potts,0,1747,1703,8,1388,Ossie Mair,0,1323,1376,16,3,2,1999-01-15,False
3367,13,False,1447,Jeff Potts,0,1747,1703,8,1924,Cheryl Palmer,0,1337,1291,25,4,2,1999-01-15,False
3368,13,False,1447,Jeff Potts,0,1747,1703,8,1814,Ray Smith,0,1547,1620,3,6,2,1999-01-15,False
3369,13,False,1447,Jeff Potts,0,1747,1703,8,1460,Jim W Fischer,0,1686,1622,10,7,2,1999-01-15,False
3370,13,False,1447,Jeff Potts,0,1747,1703,8,712,Barbara Platt,0,1326,1327,23,8,2,1999-01-15,False
3371,13,False,1447,Jeff Potts,0,1747,1703,8,1456,Shirley Ritz,0,1468,1497,12,9,2,1999-01-15,False
3372,13,False,1447,Jeff Potts,0,1747,1703,8,71,Noel Livermore,0,1676,1695,2,11,2,1999-01-15,False
3373,13,False,1447,Jeff Potts,0,1747,1703,8,2792,Don Malcolm,0,1625,1637,6,14,2,1999-01-15,False
3374,13,False,1456,Shirley Ritz,0,1468,1497,12,8,Alan Whitman,0,1276,1270,26,1,2,1999-01-15,False
3375,13,False,1456,Shirley Ritz,0,1468,1497,12,3085,Teri Tetreault,0,1520,1533,9,2,2,1999-01-15,False
3376,13,False,1456,Shirley Ritz,0,1468,1497,12,1603,Tim Wise,0,1232,1224,27,4,2,1999-01-15,False
3377,13,False,1456,Shirley Ritz,0,1468,1497,12,1074,Julia Bogle,0,1386,1291,28,5,2,1999-01-15,False
3378,13,False,1456,Shirley Ritz,0,1468,1497,12,17121,Dane Barnhard,0,1560,1470,19,8,2,1999-01-15,False
3379,13,False,1456,Shirley Ritz,0,1468,1497,12,1036,Betty Cornelison,0,1509,1541,7,11,2,1999-01-15,False
3380,13,False,1456,Shirley Ritz,0,1468,1497,12,1460,Jim W Fischer,0,1686,1622,10,12,2,1999-01-15,False
3381,13,False,1456,Shirley Ritz,0,1468,1497,12,2319,Robert Smith,0,1411,1504,4,13,2,1999-01-15,False
3382,13,False,1460,Jim W Fischer,0,1686,1622,10,3772,Jack Jones,0,1301,1318,17,1,2,1999-01-15,False
3383,13,False,1460,Jim W Fischer,0,1686,1622,10,1924,Cheryl Palmer,0,1337,1291,25,2,2,1999-01-15,False
3384,13,False,1460,Jim W Fischer,0,1686,1622,10,4366,Judith Shipman,0,1256,1280,21,4,2,1999-01-15,False
3385,13,False,1460,Jim W Fischer,0,1686,1622,10,1388,Ossie Mair,0,1323,1376,16,5,2,1999-01-15,False
3386,13,False,1460,Jim W Fischer,0,1686,1622,10,1041,Elizabeth Wood,0,1354,1324,22,10,2,1999-01-15,False
3387,13,False,1460,Jim W Fischer,0,1686,1622,10,22050,Jane Fischer,0,1136,1222,18,11,2,1999-01-15,False
3388,13,False,1460,Jim W Fischer,0,1686,1622,10,1603,Tim Wise,0,1232,1224,27,14,2,1999-01-15,False
3389,13,False,1460,Jim W Fischer,0,1686,1622,10,3770,Renee Jones,0,1341,1374,13,15,2,1999-01-15,False
3390,13,False,1460,Jim W Fischer,0,1686,1622,10,699,Jesse Wornum,0,1449,1431,14,16,2,1999-01-15,False
3391,13,False,22050,Jane Fischer,0,1136,1222,18,17121,Dane Barnhard,0,1560,1470,19,1,2,1999-01-15,False
3392,13,False,22050,Jane Fischer,0,1136,1222,18,71,Noel Livermore,0,1676,1695,2,2,2,1999-01-15,False
3393,13,False,22050,Jane Fischer,0,1136,1222,18,712,Barbara Platt,0,1326,1327,23,3,2,1999-01-15,False
3394,13,False,22050,Jane Fischer,0,1136,1222,18,3772,Jack Jones,0,1301,1318,17,6,2,1999-01-15,False
3395,13,False,22050,Jane Fischer,0,1136,1222,18,1074,Julia Bogle,0,1386,1291,28,9,2,1999-01-15,False
3396,13,False,22050,Jane Fischer,0,1136,1222,18,1041,Elizabeth Wood,0,1354,1324,22,14,2,1999-01-15,False
3397,13,False,22050,Jane Fischer,0,1136,1222,18,1924,Cheryl Palmer,0,1337,1291,25,15,2,1999-01-15,False
3398,13,False,1587,Roy Kamen,0,1768,1779,7,44,Paul Avrin,0,1755,1769,8,1,1,1999-01-15,False
3399,13,False,1587,Roy Kamen,0,1768,1779,7,676,Siri Tillekeratne,0,1633,1675,15,2,1,1999-01-15,False
3400,13,False,1587,Roy Kamen,0,1768,1779,7,85,Tom Kelly,0,1736,1671,18,5,1,1999-01-15,False
3401,13,False,1587,Roy Kamen,0,1768,1779,7,1062,Eleanor Traeg,0,1662,1712,12,10,1,1999-01-15,False
3402,13,False,1587,Roy Kamen,0,1768,1779,7,9624,Jeff Widergren,0,1894,1883,3,12,1,1999-01-15,False
3403,13,False,1587,Roy Kamen,0,1768,1779,7,1059,Karen Merrill,0,1753,1733,16,13,1,1999-01-15,False
3404,13,False,1587,Roy Kamen,0,1768,1779,7,586,Robert Linn,0,1825,1805,9,15,1,1999-01-15,False
3405,13,False,1587,Roy Kamen,0,1768,1779,7,582,Rita Provost,0,1949,1890,10,16,1,1999-01-15,False
3406,13,False,1591,Jason Sommer,0,1713,1715,1,1036,Betty Cornelison,0,1509,1541,7,1,2,1999-01-15,False
3407,13,False,1591,Jason Sommer,0,1713,1715,1,3772,Jack Jones,0,1301,1318,17,2,2,1999-01-15,False
3408,13,False,1591,Jason Sommer,0,1713,1715,1,2320,Pat Burnham,0,1254,1319,11,3,2,1999-01-15,False
3409,13,False,1591,Jason Sommer,0,1713,1715,1,3770,Renee Jones,0,1341,1374,13,4,2,1999-01-15,False
3410,13,False,1591,Jason Sommer,0,1713,1715,1,1041,Elizabeth Wood,0,1354,1324,22,5,2,1999-01-15,False
3411,13,False,1591,Jason Sommer,0,1713,1715,1,2319,Robert Smith,0,1411,1504,4,6,2,1999-01-15,False
3412,13,False,1591,Jason Sommer,0,1713,1715,1,17121,Dane Barnhard,0,1560,1470,19,7,2,1999-01-15,False
3413,13,False,1591,Jason Sommer,0,1713,1715,1,1460,Jim W Fischer,0,1686,1622,10,8,2,1999-01-15,False
3414,13,False,1591,Jason Sommer,0,1713,1715,1,1456,Shirley Ritz,0,1468,1497,12,10,2,1999-01-15,False
3415,13,False,1591,Jason Sommer,0,1713,1715,1,1388,Ossie Mair,0,1323,1376,16,12,2,1999-01-15,False
3416,13,False,1591,Jason Sommer,0,1713,1715,1,1447,Jeff Potts,0,1747,1703,8,15,2,1999-01-15,False
3417,13,False,1591,Jason Sommer,0,1713,1715,1,2319,Robert Smith,0,1411,1504,4,16,2,1999-01-15,False
3418,13,False,1602,Rosemary Ryan,0,1136,1090,12,701,Jacqueline Stewart,0,1152,1144,8,2,3,1999-01-15,False
3419,13,False,1602,Rosemary Ryan,0,1136,1090,12,1046,B A Toole,0,951,945,15,5,3,1999-01-15,False
3420,13,False,1602,Rosemary Ryan,0,1136,1090,12,3538,Alfredo B Calubiran,0,1147,1140,9,6,3,1999-01-15,False
3421,13,False,1602,Rosemary Ryan,0,1136,1090,12,4372,Letty Dolphin,0,626,654,16,12,3,1999-01-15,False
3422,13,False,1602,Rosemary Ryan,0,1136,1090,12,1049,Gregg Wood,0,1071,1027,14,15,3,1999-01-15,False
3423,13,False,1602,Rosemary Ryan,0,1136,1090,12,1046,B A Toole,0,951,945,15,16,3,1999-01-15,False
3424,13,False,1603,Tim Wise,0,1232,1224,27,4366,Judith Shipman,0,1256,1280,21,5,2,1999-01-15,False
3425,13,False,1603,Tim Wise,0,1232,1224,27,1924,Cheryl Palmer,0,1337,1291,25,6,2,1999-01-15,False
3426,13,False,1603,Tim Wise,0,1232,1224,27,3085,Teri Tetreault,0,1520,1533,9,7,2,1999-01-15,False
3427,13,False,1603,Tim Wise,0,1232,1224,27,1074,Julia Bogle,0,1386,1291,28,10,2,1999-01-15,False
3428,13,False,1754,Gonya Matheu,0,717,699,10,19096,Grace Harris,0,896,904,7,6,4,1999-01-15,False
3429,13,False,1754,Gonya Matheu,0,717,699,10,1271,Judith Whitcomb,0,1030,1014,4,10,4,1999-01-15,False
3430,13,False,1814,Ray Smith,0,1547,1620,3,2094,Richard Joseph,0,1440,1403,20,2,2,1999-01-15,False
3431,13,False,1814,Ray Smith,0,1547,1620,3,1460,Jim W Fischer,0,1686,1622,10,3,2,1999-01-15,False
3432,13,False,1814,Ray Smith,0,1547,1620,3,524,Susan Love,0,1556,1486,15,4,2,1999-01-15,False
3433,13,False,1814,Ray Smith,0,1547,1620,3,1924,Cheryl Palmer,0,1337,1291,25,5,2,1999-01-15,False
3434,13,False,1814,Ray Smith,0,1547,1620,3,1456,Shirley Ritz,0,1468,1497,12,7,2,1999-01-15,False
3435,13,False,1814,Ray Smith,0,1547,1620,3,1036,Betty Cornelison,0,1509,1541,7,8,2,1999-01-15,False
3436,13,False,1814,Ray Smith,0,1547,1620,3,1591,Jason Sommer,0,1713,1715,1,9,2,1999-01-15,False
3437,13,False,1814,Ray Smith,0,1547,1620,3,3770,Renee Jones,0,1341,1374,13,10,2,1999-01-15,False
3438,13,False,1814,Ray Smith,0,1547,1620,3,2792,Don Malcolm,0,1625,1637,6,13,2,1999-01-15,False
3439,13,False,1814,Ray Smith,0,1547,1620,3,2320,Pat Burnham,0,1254,1319,11,14,2,1999-01-15,False
3440,13,False,1814,Ray Smith,0,1547,1620,3,904,Tim Anglin,0,1755,1726,5,15,2,1999-01-15,False
3441,13,False,1814,Ray Smith,0,1547,1620,3,1036,Betty Cornelison,0,1509,1541,7,16,2,1999-01-15,False
3442,13,False,1851,Sal Dijamco,0,1788,1809,6,586,Robert Linn,0,1825,1805,9,1,1,1999-01-15,False
3443,13,False,1851,Sal Dijamco,0,1788,1809,6,3013,Larry Rand,0,1886,1850,11,4,1,1999-01-15,False
3444,13,False,1851,Sal Dijamco,0,1788,1809,6,1059,Karen Merrill,0,1753,1733,16,5,1,1999-01-15,False
3445,13,False,1851,Sal Dijamco,0,1788,1809,6,44,Paul Avrin,0,1755,1769,8,6,1,1999-01-15,False
3446,13,False,1851,Sal Dijamco,413,1788,1809,6,33,Joey Mallick,407,1879,1881,2,10,1,1999-01-15,False
3447,13,False,1851,Sal Dijamco,0,1788,1809,6,2072,Rita Dady,0,1661,1634,17,12,1,1999-01-15,False
3448,13,False,1851,Sal Dijamco,0,1788,1809,6,238,Stuart Goldman,0,1728,1797,4,13,1,1999-01-15,False
3449,13,False,1851,Sal Dijamco,0,1788,1809,6,3039,Norma Fisher,0,1726,1736,13,15,1,1999-01-15,False
3450,13,False,1851,Sal Dijamco,0,1788,1809,6,3013,Larry Rand,0,1886,1850,11,16,1,1999-01-15,False
3451,13,False,1924,Cheryl Palmer,0,1337,1291,25,3772,Jack Jones,0,1301,1318,17,8,2,1999-01-15,False
3452,13,False,1924,Cheryl Palmer,0,1337,1291,25,17121,Dane Barnhard,0,1560,1470,19,9,2,1999-01-15,False
3453,13,False,1924,Cheryl Palmer,0,1337,1291,25,1041,Elizabeth Wood,0,1354,1324,22,12,2,1999-01-15,False
3454,13,False,1924,Cheryl Palmer,0,1337,1291,25,8,Alan Whitman,0,1276,1270,26,14,2,1999-01-15,False
3455,13,False,1924,Cheryl Palmer,0,1337,1291,25,1074,Julia Bogle,0,1386,1291,28,16,2,1999-01-15,False
3456,13,False,2072,Rita Dady,0,1661,1634,17,1062,Eleanor Traeg,0,1662,1712,12,7,1,1999-01-15,False
3457,13,False,2072,Rita Dady,0,1661,1634,17,85,Tom Kelly,0,1736,1671,18,10,1,1999-01-15,False
3458,13,False,2072,Rita Dady,0,1661,1634,17,1587,Roy Kamen,0,1768,1779,7,11,1,1999-01-15,False
3459,13,False,2072,Rita Dady,0,1661,1634,17,582,Rita Provost,0,1949,1890,10,15,1,1999-01-15,False
3460,13,False,2081,Chani Katz,0,1797,1772,14,9624,Jeff Widergren,0,1894,1883,3,4,1,1999-01-15,False
3461,13,False,2081,Chani Katz,0,1797,1772,14,2072,Rita Dady,0,1661,1634,17,5,1,1999-01-15,False
3462,13,False,2081,Chani Katz,0,1797,1772,14,1851,Sal Dijamco,0,1788,1809,6,8,1,1999-01-15,False
3463,13,False,2081,Chani Katz,0,1797,1772,14,44,Paul Avrin,0,1755,1769,8,11,1,1999-01-15,False
3464,13,False,2081,Chani Katz,0,1797,1772,14,85,Tom Kelly,0,1736,1671,18,13,1,1999-01-15,False
3465,13,False,2081,Chani Katz,0,1797,1772,14,1587,Roy Kamen,0,1768,1779,7,14,1,1999-01-15,False
3466,13,False,2081,Chani Katz,0,1797,1772,14,1059,Karen Merrill,0,1753,1733,16,16,1,1999-01-15,False
3467,13,False,2094,Richard Joseph,0,1440,1403,20,1924,Cheryl Palmer,0,1337,1291,25,1,2,1999-01-15,False
3468,13,False,2094,Richard Joseph,0,1440,1403,20,1603,Tim Wise,0,1232,1224,27,3,2,1999-01-15,False
3469,13,False,2094,Richard Joseph,0,1440,1403,20,1447,Jeff Potts,0,1747,1703,8,5,2,1999-01-15,False
3470,13,False,2094,Richard Joseph,0,1440,1403,20,1460,Jim W Fischer,0,1686,1622,10,6,2,1999-01-15,False
3471,13,False,2094,Richard Joseph,0,1440,1403,20,3772,Jack Jones,0,1301,1318,17,9,2,1999-01-15,False
3472,13,False,2094,Richard Joseph,0,1440,1403,20,1038,Irene Averell,0,1197,1196,24,15,2,1999-01-15,False
3473,13,False,2319,Robert Smith,0,1411,1504,4,2320,Pat Burnham,0,1254,1319,11,1,2,1999-01-15,False
3474,13,False,2319,Robert Smith,0,1411,1504,4,1041,Elizabeth Wood,0,1354,1324,22,2,2,1999-01-15,False
3475,13,False,2319,Robert Smith,0,1411,1504,4,17121,Dane Barnhard,0,1560,1470,19,3,2,1999-01-15,False
3476,13,False,2319,Robert Smith,0,1411,1504,4,1038,Irene Averell,0,1197,1196,24,4,2,1999-01-15,False
3477,13,False,2319,Robert Smith,0,1411,1504,4,3770,Renee Jones,0,1341,1374,13,5,2,1999-01-15,False
3478,13,False,2319,Robert Smith,0,1411,1504,4,8,Alan Whitman,0,1276,1270,26,7,2,1999-01-15,False
3479,13,False,2319,Robert Smith,0,1411,1504,4,712,Barbara Platt,0,1326,1327,23,10,2,1999-01-15,False
3480,13,False,2319,Robert Smith,0,1411,1504,4,2094,Richard Joseph,0,1440,1403,20,11,2,1999-01-15,False
3481,13,False,2319,Robert Smith,0,1411,1504,4,1447,Jeff Potts,0,1747,1703,8,12,2,1999-01-15,False
3482,13,False,2319,Robert Smith,0,1411,1504,4,904,Tim Anglin,0,1755,1726,5,14,2,1999-01-15,False
3483,13,False,2319,Robert Smith,0,1411,1504,4,2792,Don Malcolm,0,1625,1637,6,15,2,1999-01-15,False
3484,13,True,2320,Pat Burnham,0,1254,1319,11,1074,Julia Bogle,0,1386,1291,28,6,2,1999-01-15,False
3485,13,False,2320,Pat Burnham,0,1254,1319,11,3770,Renee Jones,0,1341,1374,13,7,2,1999-01-15,False
3486,13,False,2320,Pat Burnham,0,1254,1319,11,1603,Tim Wise,0,1232,1224,27,8,2,1999-01-15,False
3487,13,False,2320,Pat Burnham,0,1254,1319,11,699,Jesse Wornum,0,1449,1431,14,9,2,1999-01-15,False
3488,13,False,2320,Pat Burnham,0,1254,1319,11,1038,Irene Averell,0,1197,1196,24,11,2,1999-01-15,False
3489,13,False,2320,Pat Burnham,0,1254,1319,11,22050,Jane Fischer,0,1136,1222,18,12,2,1999-01-15,False
3490,13,False,2320,Pat Burnham,0,1254,1319,11,1924,Cheryl Palmer,0,1337,1291,25,13,2,1999-01-15,False
3491,13,False,2320,Pat Burnham,0,1254,1319,11,524,Susan Love,0,1556,1486,15,15,2,1999-01-15,False
3492,13,False,2320,Pat Burnham,0,1254,1319,11,1388,Ossie Mair,0,1323,1376,16,16,2,1999-01-15,False
3493,13,False,2504,Kitty Yamauchi,0,935,969,5,3023,Ruth Barr,0,1001,1039,3,1,4,1999-01-15,False
3494,13,False,2504,Kitty Yamauchi,0,935,969,5,1754,Gonya Matheu,0,717,699,10,2,4,1999-01-15,False
3495,13,False,2504,Kitty Yamauchi,0,935,969,5,1095,Regina Wilhite,0,940,905,8,4,4,1999-01-15,False
3496,13,False,2504,Kitty Yamauchi,0,935,969,5,5940,Sunday Butler,0,984,859,9,5,4,1999-01-15,False
3497,13,False,2504,Kitty Yamauchi,0,935,969,5,1271,Judith Whitcomb,0,1030,1014,4,6,4,1999-01-15,False
3498,13,False,2504,Kitty Yamauchi,0,935,969,5,19096,Grace Harris,0,896,904,7,7,4,1999-01-15,False
3499,13,False,2504,Kitty Yamauchi,0,935,969,5,11,Paula Catanese,0,956,938,6,9,4,1999-01-15,False
3500,13,False,2504,Kitty Yamauchi,0,935,969,5,19096,Grace Harris,0,896,904,7,10,4,1999-01-15,False
3501,13,False,2504,Kitty Yamauchi,0,935,969,5,5940,Sunday Butler,0,984,859,9,15,4,1999-01-15,False
3502,13,False,2792,Don Malcolm,0,1625,1637,6,1603,Tim Wise,0,1232,1224,27,1,2,1999-01-15,False
3503,13,False,2792,Don Malcolm,0,1625,1637,6,1074,Julia Bogle,0,1386,1291,28,2,2,1999-01-15,False
3504,13,False,2792,Don Malcolm,0,1625,1637,6,1456,Shirley Ritz,0,1468,1497,12,3,2,1999-01-15,False
3505,13,False,2792,Don Malcolm,0,1625,1637,6,17121,Dane Barnhard,0,1560,1470,19,4,2,1999-01-15,False
3506,13,False,2792,Don Malcolm,0,1625,1637,6,8,Alan Whitman,0,1276,1270,26,5,2,1999-01-15,False
3507,13,False,2792,Don Malcolm,0,1625,1637,6,3770,Renee Jones,0,1341,1374,13,8,2,1999-01-15,False
3508,13,False,2792,Don Malcolm,0,1625,1637,6,712,Barbara Platt,0,1326,1327,23,9,2,1999-01-15,False
3509,13,False,2792,Don Malcolm,0,1625,1637,6,2094,Richard Joseph,0,1440,1403,20,10,2,1999-01-15,False
3510,13,False,2792,Don Malcolm,0,1625,1637,6,1591,Jason Sommer,0,1713,1715,1,11,2,1999-01-15,False
3511,13,False,2792,Don Malcolm,0,1625,1637,6,1036,Betty Cornelison,0,1509,1541,7,12,2,1999-01-15,False
3512,13,False,2792,Don Malcolm,0,1625,1637,6,1447,Jeff Potts,0,1747,1703,8,16,2,1999-01-15,False
3513,13,False,2886,David Filippi,0,1167,1235,1,1819,Joanne Smith,0,1176,1135,11,1,3,1999-01-15,False
3514,13,False,2886,David Filippi,0,1167,1235,1,4372,Letty Dolphin,0,626,654,16,3,3,1999-01-15,False
3515,13,False,2886,David Filippi,0,1167,1235,1,4371,Betty Isbell,0,1063,1034,13,4,3,1999-01-15,False
3516,13,False,2886,David Filippi,0,1167,1235,1,1049,Gregg Wood,0,1071,1027,14,6,3,1999-01-15,False
3517,13,False,2886,David Filippi,0,1167,1235,1,865,Justine Zollinger,0,1150,1205,5,7,3,1999-01-15,False
3518,13,False,2886,David Filippi,0,1167,1235,1,701,Jacqueline Stewart,0,1152,1144,8,8,3,1999-01-15,False
3519,13,False,2886,David Filippi,0,1167,1235,1,1046,B A Toole,0,951,945,15,11,3,1999-01-15,False
3520,13,False,2886,David Filippi,0,1167,1235,1,3538,Alfredo B Calubiran,0,1147,1140,9,12,3,1999-01-15,False
3521,13,False,2886,David Filippi,0,1167,1235,1,28,Cynthia Ho,0,1113,1102,10,13,3,1999-01-15,False
3522,13,False,2886,David Filippi,0,1167,1235,1,1602,Rosemary Ryan,0,1136,1090,12,14,3,1999-01-15,False
3523,13,False,2886,David Filippi,0,1167,1235,1,534,Alan Love,0,1165,1171,7,15,3,1999-01-15,False
3524,13,False,2886,David Filippi,0,1167,1235,1,1269,Robert Whitcomb,0,1265,1269,4,16,3,1999-01-15,False
3525,13,False,3013,Larry Rand,0,1886,1850,11,586,Robert Linn,0,1825,1805,9,2,1,1999-01-15,False
3526,13,False,3013,Larry Rand,0,1886,1850,11,582,Rita Provost,0,1949,1890,10,5,1,1999-01-15,False
3527,13,False,3013,Larry Rand,0,1886,1850,11,1587,Roy Kamen,0,1768,1779,7,7,1,1999-01-15,False
3528,13,False,3013,Larry Rand,0,1886,1850,11,344,Ira Cohen,0,1875,1910,1,8,1,1999-01-15,False
3529,13,False,3013,Larry Rand,0,1886,1850,11,3039,Norma Fisher,0,1726,1736,13,11,1,1999-01-15,False
3530,13,False,3013,Larry Rand,0,1886,1850,11,85,Tom Kelly,0,1736,1671,18,12,1,1999-01-15,False
3531,13,False,3013,Larry Rand,0,1886,1850,11,676,Siri Tillekeratne,0,1633,1675,15,13,1,1999-01-15,False
3532,13,False,3013,Larry Rand,0,1886,1850,11,2072,Rita Dady,0,1661,1634,17,14,1,1999-01-15,False
3533,13,False,3023,Ruth Barr,0,1001,1039,3,1095,Regina Wilhite,0,940,905,8,2,4,1999-01-15,False
3534,13,False,3023,Ruth Barr,0,1001,1039,3,19096,Grace Harris,0,896,904,7,5,4,1999-01-15,False
3535,13,False,3023,Ruth Barr,0,1001,1039,3,11,Paula Catanese,0,956,938,6,7,4,1999-01-15,False
3536,13,False,3023,Ruth Barr,0,1001,1039,3,4376,Kimo Ahyun,0,1062,1101,2,8,4,1999-01-15,False
3537,13,False,3023,Ruth Barr,0,1001,1039,3,1754,Gonya Matheu,0,717,699,10,9,4,1999-01-15,False
3538,13,False,3023,Ruth Barr,0,1001,1039,3,11,Paula Catanese,0,956,938,6,10,4,1999-01-15,False
3539,13,False,3023,Ruth Barr,0,1001,1039,3,1754,Gonya Matheu,0,717,699,10,11,4,1999-01-15,False
3540,13,False,3023,Ruth Barr,0,1001,1039,3,4376,Kimo Ahyun,0,1062,1101,2,12,4,1999-01-15,False
3541,13,False,3023,Ruth Barr,0,1001,1039,3,2504,Kitty Yamauchi,0,935,969,5,13,4,1999-01-15,False
3542,13,False,3023,Ruth Barr,0,1001,1039,3,1095,Regina Wilhite,0,940,905,8,15,4,1999-01-15,False
3543,13,False,3023,Ruth Barr,0,1001,1039,3,2504,Kitty Yamauchi,0,935,969,5,16,4,1999-01-15,False
3544,13,False,3039,Norma Fisher,0,1726,1736,13,2081,Chani Katz,0,1797,1772,14,3,1,1999-01-15,False
3545,13,False,3039,Norma Fisher,0,1726,1736,13,2072,Rita Dady,0,1661,1634,17,4,1,1999-01-15,False
3546,13,False,3039,Norma Fisher,0,1726,1736,13,5,Dennis Kaiser,0,1819,1842,5,5,1,1999-01-15,False
3547,13,False,3039,Norma Fisher,0,1726,1736,13,1587,Roy Kamen,0,1768,1779,7,6,1,1999-01-15,False
3548,13,False,3039,Norma Fisher,0,1726,1736,13,344,Ira Cohen,0,1875,1910,1,7,1,1999-01-15,False
3549,13,False,3039,Norma Fisher,0,1726,1736,13,582,Rita Provost,0,1949,1890,10,10,1,1999-01-15,False
3550,13,False,3039,Norma Fisher,0,1726,1736,13,586,Robert Linn,0,1825,1805,9,13,1,1999-01-15,False
3551,13,False,3085,Teri Tetreault,0,1520,1533,9,1041,Elizabeth Wood,0,1354,1324,22,3,2,1999-01-15,False
3552,13,False,3085,Teri Tetreault,0,1520,1533,9,8,Alan Whitman,0,1276,1270,26,4,2,1999-01-15,False
3553,13,False,3085,Teri Tetreault,0,1520,1533,9,2792,Don Malcolm,0,1625,1637,6,6,2,1999-01-15,False
3554,13,False,3085,Teri Tetreault,0,1520,1533,9,1388,Ossie Mair,0,1323,1376,16,9,2,1999-01-15,False
3555,13,False,3085,Teri Tetreault,0,1520,1533,9,2320,Pat Burnham,0,1254,1319,11,10,2,1999-01-15,False
3556,13,False,3085,Teri Tetreault,0,1520,1533,9,1814,Ray Smith,0,1547,1620,3,11,2,1999-01-15,False
3557,13,False,3085,Teri Tetreault,0,1520,1533,9,712,Barbara Platt,0,1326,1327,23,12,2,1999-01-15,False
3558,13,False,3085,Teri Tetreault,0,1520,1533,9,1447,Jeff Potts,0,1747,1703,8,13,2,1999-01-15,False
3559,13,False,3085,Teri Tetreault,0,1520,1533,9,524,Susan Love,0,1556,1486,15,14,2,1999-01-15,False
3560,13,False,3085,Teri Tetreault,0,1520,1533,9,1456,Shirley Ritz,0,1468,1497,12,16,2,1999-01-15,False
3561,13,False,19096,Grace Harris,0,896,904,7,562,Vince Castellano,0,996,1124,1,3,4,1999-01-15,False
3562,13,False,19096,Grace Harris,0,896,904,7,1095,Regina Wilhite,0,940,905,8,8,4,1999-01-15,False
3563,13,False,19096,Grace Harris,0,896,904,7,5940,Sunday Butler,0,984,859,9,9,4,1999-01-15,False
3564,13,False,19096,Grace Harris,0,896,904,7,562,Vince Castellano,0,996,1124,1,11,4,1999-01-15,False
3565,13,False,19096,Grace Harris,0,896,904,7,1754,Gonya Matheu,0,717,699,10,12,4,1999-01-15,False
3566,13,False,19096,Grace Harris,0,896,904,7,5940,Sunday Butler,0,984,859,9,13,4,1999-01-15,False
3567,13,False,19096,Grace Harris,0,896,904,7,1095,Regina Wilhite,0,940,905,8,14,4,1999-01-15,False
3568,13,False,3538,Alfredo B Calubiran,0,1147,1140,9,12,Pat Diener,0,1225,1269,2,2,3,1999-01-15,False
3569,13,False,3538,Alfredo B Calubiran,0,1147,1140,9,1046,B A Toole,0,951,945,15,3,3,1999-01-15,False
3570,13,False,3538,Alfredo B Calubiran,0,1147,1140,9,1819,Joanne Smith,0,1176,1135,11,8,3,1999-01-15,False
3571,13,False,3538,Alfredo B Calubiran,0,1147,1140,9,4367,George McCready,0,1247,1238,6,9,3,1999-01-15,False
3572,13,False,3538,Alfredo B Calubiran,0,1147,1140,9,4372,Letty Dolphin,0,626,654,16,10,3,1999-01-15,False
3573,13,False,3538,Alfredo B Calubiran,0,1147,1140,9,1049,Gregg Wood,0,1071,1027,14,13,3,1999-01-15,False
3574,13,False,3538,Alfredo B Calubiran,0,1147,1140,9,865,Justine Zollinger,0,1150,1205,5,14,3,1999-01-15,False
3575,13,False,3538,Alfredo B Calubiran,0,1147,1140,9,701,Jacqueline Stewart,0,1152,1144,8,15,3,1999-01-15,False
3576,13,False,3770,Renee Jones,0,1341,1374,13,1041,Elizabeth Wood,0,1354,1324,22,1,2,1999-01-15,False
3577,13,False,3770,Renee Jones,0,1341,1374,13,17121,Dane Barnhard,0,1560,1470,19,2,2,1999-01-15,False
3578,13,False,3770,Renee Jones,0,1341,1374,13,1038,Irene Averell,0,1197,1196,24,3,2,1999-01-15,False
3579,13,False,3770,Renee Jones,0,1341,1374,13,8,Alan Whitman,0,1276,1270,26,6,2,1999-01-15,False
3580,13,False,3770,Renee Jones,0,1341,1374,13,4366,Judith Shipman,0,1256,1280,21,11,2,1999-01-15,False
3581,13,False,3770,Renee Jones,0,1341,1374,13,524,Susan Love,0,1556,1486,15,12,2,1999-01-15,False
3582,13,False,3770,Renee Jones,0,1341,1374,13,2094,Richard Joseph,0,1440,1403,20,14,2,1999-01-15,False
3583,13,False,3770,Renee Jones,0,1341,1374,13,22050,Jane Fischer,0,1136,1222,18,16,2,1999-01-15,False
3584,13,False,3772,Jack Jones,0,1301,1318,17,699,Jesse Wornum,0,1449,1431,14,4,2,1999-01-15,False
3585,13,False,3772,Jack Jones,0,1301,1318,17,1038,Irene Averell,0,1197,1196,24,5,2,1999-01-15,False
3586,13,False,3772,Jack Jones,0,1301,1318,17,712,Barbara Platt,0,1326,1327,23,7,2,1999-01-15,False
3587,13,False,3772,Jack Jones,0,1301,1318,17,1603,Tim Wise,0,1232,1224,27,12,2,1999-01-15,False
3588,13,False,3772,Jack Jones,0,1301,1318,17,1074,Julia Bogle,0,1386,1291,28,13,2,1999-01-15,False
3589,13,False,3772,Jack Jones,0,1301,1318,17,4366,Judith Shipman,0,1256,1280,21,14,2,1999-01-15,False
3590,13,False,3772,Jack Jones,0,1301,1318,17,2094,Richard Joseph,0,1440,1403,20,16,2,1999-01-15,False
3591,13,False,4366,Judith Shipman,0,1256,1280,21,1924,Cheryl Palmer,0,1337,1291,25,3,2,1999-01-15,False
3592,13,False,4366,Judith Shipman,0,1256,1280,21,2094,Richard Joseph,0,1440,1403,20,7,2,1999-01-15,False
3593,13,False,4366,Judith Shipman,0,1256,1280,21,1038,Irene Averell,0,1197,1196,24,9,2,1999-01-15,False
3594,13,False,4366,Judith Shipman,0,1256,1280,21,1074,Julia Bogle,0,1386,1291,28,12,2,1999-01-15,False
3595,13,False,4366,Judith Shipman,0,1256,1280,21,1041,Elizabeth Wood,0,1354,1324,22,13,2,1999-01-15,False
3596,13,False,4366,Judith Shipman,0,1256,1280,21,712,Barbara Platt,0,1326,1327,23,16,2,1999-01-15,False
3597,13,False,4367,George McCready,0,1247,1238,6,4371,Betty Isbell,0,1063,1034,13,1,3,1999-01-15,False
3598,13,False,4367,George McCready,0,1247,1238,6,2886,David Filippi,0,1167,1235,1,2,3,1999-01-15,False
3599,13,False,4367,George McCready,0,1247,1238,6,1049,Gregg Wood,0,1071,1027,14,3,3,1999-01-15,False
3600,13,False,4367,George McCready,0,1247,1238,6,865,Justine Zollinger,0,1150,1205,5,4,3,1999-01-15,False
3601,13,False,4367,George McCready,0,1247,1238,6,12,Pat Diener,0,1225,1269,2,7,3,1999-01-15,False
3602,13,False,4367,George McCready,0,1247,1238,6,28,Cynthia Ho,0,1113,1102,10,10,3,1999-01-15,False
3603,13,False,4367,George McCready,0,1247,1238,6,1602,Rosemary Ryan,0,1136,1090,12,11,3,1999-01-15,False
3604,13,False,4367,George McCready,0,1247,1238,6,1819,Joanne Smith,0,1176,1135,11,13,3,1999-01-15,False
3605,13,False,4367,George McCready,0,1247,1238,6,4372,Letty Dolphin,0,626,654,16,15,3,1999-01-15,False
3606,13,False,4367,George McCready,0,1247,1238,6,865,Justine Zollinger,0,1150,1205,5,16,3,1999-01-15,False
3607,13,False,4371,Betty Isbell,0,1063,1034,13,4372,Letty Dolphin,0,626,654,16,2,3,1999-01-15,False
3608,13,False,4371,Betty Isbell,0,1063,1034,13,1046,B A Toole,0,951,945,15,10,3,1999-01-15,False
3609,13,False,4371,Betty Isbell,0,1063,1034,13,3538,Alfredo B Calubiran,0,1147,1140,9,11,3,1999-01-15,False
3610,13,False,4371,Betty Isbell,0,1063,1034,13,28,Cynthia Ho,0,1113,1102,10,12,3,1999-01-15,False
3611,13,False,4371,Betty Isbell,0,1063,1034,13,1602,Rosemary Ryan,0,1136,1090,12,13,3,1999-01-15,False
3612,13,False,4372,Letty Dolphin,0,626,654,16,701,Jacqueline Stewart,0,1152,1144,8,6,3,1999-01-15,False
3613,13,False,4372,Letty Dolphin,0,626,654,16,28,Cynthia Ho,0,1113,1102,10,11,3,1999-01-15,False
3614,13,False,4515,William Lincoln III Palmer,0,1291,1286,3,4372,Letty Dolphin,0,626,654,16,1,3,1999-01-15,False
3615,13,False,4515,William Lincoln III Palmer,0,1291,1286,3,1046,B A Toole,0,951,945,15,2,3,1999-01-15,False
3616,13,False,4515,William Lincoln III Palmer,0,1291,1286,3,4371,Betty Isbell,0,1063,1034,13,3,3,1999-01-15,False
3617,13,False,4515,William Lincoln III Palmer,0,1291,1286,3,3538,Alfredo B Calubiran,0,1147,1140,9,4,3,1999-01-15,False
3618,13,False,4515,William Lincoln III Palmer,0,1291,1286,3,2886,David Filippi,0,1167,1235,1,5,3,1999-01-15,False
3619,13,False,4515,William Lincoln III Palmer,0,1291,1286,3,28,Cynthia Ho,0,1113,1102,10,6,3,1999-01-15,False
3620,13,False,4515,William Lincoln III Palmer,0,1291,1286,3,1602,Rosemary Ryan,0,1136,1090,12,8,3,1999-01-15,False
3621,13,False,4515,William Lincoln III Palmer,0,1291,1286,3,701,Jacqueline Stewart,0,1152,1144,8,11,3,1999-01-15,False
3622,13,False,4515,William Lincoln III Palmer,0,1291,1286,3,1819,Joanne Smith,0,1176,1135,11,12,3,1999-01-15,False
3623,13,False,4515,William Lincoln III Palmer,0,1291,1286,3,4367,George McCready,0,1247,1238,6,14,3,1999-01-15,False
3624,13,False,4515,William Lincoln III Palmer,0,1291,1286,3,12,Pat Diener,0,1225,1269,2,15,3,1999-01-15,False
3625,13,False,17121,Dane Barnhard,0,1560,1470,19,2320,Pat Burnham,0,1254,1319,11,5,2,1999-01-15,False
3626,13,False,17121,Dane Barnhard,0,1560,1470,19,1041,Elizabeth Wood,0,1354,1324,22,6,2,1999-01-15,False
3627,13,False,17121,Dane Barnhard,0,1560,1470,19,3772,Jack Jones,0,1301,1318,17,10,2,1999-01-15,False
3628,13,False,17121,Dane Barnhard,0,1560,1470,19,1038,Irene Averell,0,1197,1196,24,12,2,1999-01-15,False
3629,13,False,17121,Dane Barnhard,0,1560,1470,19,8,Alan Whitman,0,1276,1270,26,13,2,1999-01-15,False
3630,13,False,17121,Dane Barnhard,0,1560,1470,19,712,Barbara Platt,0,1326,1327,23,14,2,1999-01-15,False
3631,13,False,17121,Dane Barnhard,0,1560,1470,19,4366,Judith Shipman,0,1256,1280,21,15,2,1999-01-15,False
3632,13,False,1819,Joanne Smith,0,1176,1135,11,1049,Gregg Wood,0,1071,1027,14,2,3,1999-01-15,False
3633,13,False,1819,Joanne Smith,0,1176,1135,11,1046,B A Toole,0,951,945,15,7,3,1999-01-15,False
3634,13,False,1819,Joanne Smith,0,1176,1135,11,1602,Rosemary Ryan,0,1136,1090,12,10,3,1999-01-15,False
3635,13,False,1819,Joanne Smith,0,1176,1135,11,534,Alan Love,0,1165,1171,7,11,3,1999-01-15,False
3636,13,False,1819,Joanne Smith,0,1176,1135,11,4372,Letty Dolphin,0,626,654,16,14,3,1999-01-15,False
3637,13,False,1819,Joanne Smith,0,1176,1135,11,4371,Betty Isbell,0,1063,1034,13,15,3,1999-01-15,False
3638,13,False,1819,Joanne Smith,0,1176,1135,11,4371,Betty Isbell,0,1063,1034,13,16,3,1999-01-15,False
3639,13,False,4376,Kimo Ahyun,0,1062,1101,2,1754,Gonya Matheu,0,717,699,10,1,4,1999-01-15,False
3640,13,False,4376,Kimo Ahyun,0,1062,1101,2,19096,Grace Harris,0,896,904,7,2,4,1999-01-15,False
3641,13,False,4376,Kimo Ahyun,0,1062,1101,2,2504,Kitty Yamauchi,0,935,969,5,3,4,1999-01-15,False
3642,13,False,4376,Kimo Ahyun,0,1062,1101,2,1095,Regina Wilhite,0,940,905,8,5,4,1999-01-15,False
3643,13,False,4376,Kimo Ahyun,0,1062,1101,2,11,Paula Catanese,0,956,938,6,6,4,1999-01-15,False
3644,13,False,4376,Kimo Ahyun,0,1062,1101,2,5940,Sunday Butler,0,984,859,9,7,4,1999-01-15,False
3645,13,False,4376,Kimo Ahyun,0,1062,1101,2,1271,Judith Whitcomb,0,1030,1014,4,9,4,1999-01-15,False
3646,13,False,4376,Kimo Ahyun,0,1062,1101,2,1095,Regina Wilhite,0,940,905,8,10,4,1999-01-15,False
3647,13,False,4376,Kimo Ahyun,0,1062,1101,2,11,Paula Catanese,0,956,938,6,11,4,1999-01-15,False
3648,13,False,4376,Kimo Ahyun,0,1062,1101,2,1271,Judith Whitcomb,0,1030,1014,4,13,4,1999-01-15,False
3649,13,False,4376,Kimo Ahyun,0,1062,1101,2,2504,Kitty Yamauchi,0,935,969,5,14,4,1999-01-15,False
3650,13,False,4376,Kimo Ahyun,0,1062,1101,2,562,Vince Castellano,0,996,1124,1,15,4,1999-01-15,False
3651,13,False,5940,Sunday Butler,0,984,859,9,562,Vince Castellano,0,996,1124,1,1,4,1999-01-15,False
3652,13,False,5940,Sunday Butler,0,984,859,9,3023,Ruth Barr,0,1001,1039,3,3,4,1999-01-15,False
3653,13,False,5940,Sunday Butler,0,984,859,9,1754,Gonya Matheu,0,717,699,10,4,4,1999-01-15,False
3654,13,False,5940,Sunday Butler,0,984,859,9,1754,Gonya Matheu,0,717,699,10,14,4,1999-01-15,False
3655,13,False,5940,Sunday Butler,0,984,859,9,1754,Gonya Matheu,0,717,699,10,16,4,1999-01-15,False
3656,13,False,9624,Jeff Widergren,0,1894,1883,3,2072,Rita Dady,0,1661,1634,17,1,1,1999-01-15,False
3657,13,False,9624,Jeff Widergren,0,1894,1883,3,3039,Norma Fisher,0,1726,1736,13,2,1,1999-01-15,False
3658,13,False,9624,Jeff Widergren,412,1894,1883,3,33,Joey Mallick,326,1879,1881,2,5,1,1999-01-15,False
3659,13,False,9624,Jeff Widergren,0,1894,1883,3,586,Robert Linn,0,1825,1805,9,6,1,1999-01-15,False
3660,13,False,9624,Jeff Widergren,0,1894,1883,3,1059,Karen Merrill,0,1753,1733,16,8,1,1999-01-15,False
3661,13,False,9624,Jeff Widergren,0,1894,1883,3,85,Tom Kelly,0,1736,1671,18,9,1,1999-01-15,False
3662,13,False,9624,Jeff Widergren,0,1894,1883,3,676,Siri Tillekeratne,0,1633,1675,15,10,1,1999-01-15,False
3663,13,False,9624,Jeff Widergren,0,1894,1883,3,1851,Sal Dijamco,0,1788,1809,6,11,1,1999-01-15,False
3664,13,False,9624,Jeff Widergren,0,1894,1883,3,3013,Larry Rand,0,1886,1850,11,15,1,1999-01-15,False
3665,13,False,9624,Jeff Widergren,0,1894,1883,3,238,Stuart Goldman,0,1728,1797,4,16,1,1999-01-15,False
3666,14,False,2,Jerry Lerman,0,1842,1858,15,582,Rita Provost,0,1890,1794,39,2,1,1999-01-16,False
3667,14,False,2,Jerry Lerman,0,1842,1858,15,2083,Jim Miller,0,1749,1759,27,3,1,1999-01-16,False
3668,14,False,2,Jerry Lerman,0,1842,1858,15,731,Lisa Odom,0,2006,2000,7,4,1,1999-01-16,False
3669,14,False,2,Jerry Lerman,0,1842,1858,15,675,Ruth Hamilton,0,1783,1721,35,5,1,1999-01-16,False
3670,14,False,2,Jerry Lerman,0,1842,1858,15,19720,Richard Moyer,0,1803,1888,5,7,1,1999-01-16,False
3671,14,False,2,Jerry Lerman,0,1842,1858,15,669,Carol Kaplan,0,1903,1865,22,8,1,1999-01-16,False
3672,14,False,2,Jerry Lerman,0,1842,1858,15,2091,Steven Alexander,0,1871,1867,18,9,1,1999-01-16,False
3673,14,False,2,Jerry Lerman,0,1842,1858,15,667,Michael Baker,0,1812,1824,19,10,1,1999-01-16,False
3674,14,False,2,Jerry Lerman,0,1842,1858,15,1587,Roy Kamen,0,1779,1800,20,12,1,1999-01-16,False
3675,14,False,2,Jerry Lerman,0,1842,1858,15,1056,Gail Wolford,0,1917,1905,14,14,1,1999-01-16,False
3676,14,False,5,Dennis Kaiser,0,1842,1852,11,2792,Don Malcolm,0,1637,1686,23,2,1,1999-01-16,False
3677,14,False,5,Dennis Kaiser,0,1842,1852,11,2091,Steven Alexander,0,1871,1867,18,4,1,1999-01-16,False
3678,14,False,5,Dennis Kaiser,0,1842,1852,11,85,Tom Kelly,0,1671,1653,38,5,1,1999-01-16,False
3679,14,False,5,Dennis Kaiser,0,1842,1852,11,667,Michael Baker,0,1812,1824,19,9,1,1999-01-16,False
3680,14,False,5,Dennis Kaiser,0,1842,1852,11,2081,Chani Katz,0,1772,1690,40,10,1,1999-01-16,False
3681,14,False,5,Dennis Kaiser,0,1842,1852,11,1029,Denver Steele,0,1745,1656,42,11,1,1999-01-16,False
3682,14,False,5,Dennis Kaiser,0,1842,1852,11,582,Rita Provost,0,1890,1794,39,13,1,1999-01-16,False
3683,14,False,5,Dennis Kaiser,0,1842,1852,11,1587,Roy Kamen,0,1779,1800,20,14,1,1999-01-16,False
3684,14,False,5,Dennis Kaiser,0,1842,1852,11,238,Stuart Goldman,0,1797,1806,28,15,1,1999-01-16,False
3685,14,False,5,Dennis Kaiser,0,1842,1852,11,586,Robert Linn,0,1805,1845,10,17,1,1999-01-16,False
3686,14,False,5,Dennis Kaiser,0,1842,1852,11,1851,Sal Dijamco,0,1809,1847,13,18,1,1999-01-16,False
3687,14,False,7,Bennett Jacobstein,0,1050,963,15,1899,Sylvia Strong,0,972,891,20,1,4,1999-01-16,False
3688,14,False,7,Bennett Jacobstein,0,1050,963,15,5971,Brent Atterbury,0,452,438,22,8,4,1999-01-16,False
3689,14,False,7,Bennett Jacobstein,0,1050,963,15,5851,Sandy Yerkes,0,715,733,17,9,4,1999-01-16,False
3690,14,False,7,Bennett Jacobstein,0,1050,963,15,2739,Charlotte Bremond,0,711,724,19,14,4,1999-01-16,False
3691,14,False,7,Bennett Jacobstein,0,1050,963,15,19096,Grace Harris,0,904,920,13,16,4,1999-01-16,False
3692,14,False,7,Bennett Jacobstein,0,1050,963,15,5851,Sandy Yerkes,0,715,733,17,17,4,1999-01-16,False
3693,14,False,7,Bennett Jacobstein,0,1050,963,15,5940,Sunday Butler,0,859,807,18,18,4,1999-01-16,False
3694,14,False,7,Bennett Jacobstein,0,1050,963,15,1899,Sylvia Strong,0,972,891,20,19,4,1999-01-16,False
3695,14,False,11,Paula Catanese,0,938,933,14,5940,Sunday Butler,0,859,807,18,2,4,1999-01-16,False
3696,14,False,11,Paula Catanese,0,938,933,14,2945,Phil Spry,0,976,1093,4,3,4,1999-01-16,False
3697,14,False,11,Paula Catanese,0,938,933,14,1078,Wilma Pitzer,0,1062,1081,3,8,4,1999-01-16,False
3698,14,False,11,Paula Catanese,0,938,933,14,1899,Sylvia Strong,0,972,891,20,9,4,1999-01-16,False
3699,14,False,11,Paula Catanese,0,938,933,14,5969,Bill Cox,0,994,1141,2,10,4,1999-01-16,False
3700,14,False,11,Paula Catanese,0,938,933,14,5971,Brent Atterbury,0,452,438,22,11,4,1999-01-16,False
3701,14,False,11,Paula Catanese,0,938,933,14,5851,Sandy Yerkes,0,715,733,17,12,4,1999-01-16,False
3702,14,False,11,Paula Catanese,0,938,933,14,27,Myrna Cohen,0,764,928,7,14,4,1999-01-16,False
3703,14,False,11,Paula Catanese,0,938,933,14,3022,Arlene Lane,0,1018,1000,10,17,4,1999-01-16,False
3704,14,False,12,Pat Diener,0,1269,1229,8,562,Vince Castellano,0,1124,1158,10,2,3,1999-01-16,False
3705,14,False,12,Pat Diener,0,1269,1229,8,3538,Alfredo B Calubiran,0,1140,1136,18,3,3,1999-01-16,False
3706,14,False,12,Pat Diener,0,1269,1229,8,2888,Ben Gittes,0,1178,1212,5,5,3,1999-01-16,False
3707,14,False,12,Pat Diener,0,1269,1229,8,1049,Gregg Wood,0,1027,1074,16,6,3,1999-01-16,False
3708,14,False,12,Pat Diener,0,1269,1229,8,701,Jacqueline Stewart,0,1144,1186,7,7,3,1999-01-16,False
3709,14,False,12,Pat Diener,0,1269,1229,8,1819,Joanne Smith,0,1135,1150,11,10,3,1999-01-16,False
3710,14,False,12,Pat Diener,0,1269,1229,8,2458,Bob Blyler,0,1217,1152,22,11,3,1999-01-16,False
3711,14,False,12,Pat Diener,0,1269,1229,8,3538,Alfredo B Calubiran,0,1140,1136,18,17,3,1999-01-16,False
3712,14,False,12,Pat Diener,0,1269,1229,8,1602,Rosemary Ryan,0,1090,1119,12,18,3,1999-01-16,False
3713,14,False,12,Pat Diener,0,1269,1229,8,1819,Joanne Smith,0,1135,1150,11,19,3,1999-01-16,False
3714,14,False,27,Myrna Cohen,0,764,928,7,4371,Betty Isbell,0,1034,1074,1,2,4,1999-01-16,False
3715,14,False,27,Myrna Cohen,0,764,928,7,5971,Brent Atterbury,0,452,438,22,4,4,1999-01-16,False
3716,14,False,27,Myrna Cohen,0,764,928,7,5970,Donald Cox,0,921,1038,9,5,4,1999-01-16,False
3717,14,False,27,Myrna Cohen,0,764,928,7,5851,Sandy Yerkes,0,715,733,17,7,4,1999-01-16,False
3718,14,False,27,Myrna Cohen,0,764,928,7,5721,Jerry Fuller,0,956,979,6,8,4,1999-01-16,False
3719,14,False,27,Myrna Cohen,0,764,928,7,3023,Ruth Barr,0,1039,1066,5,9,4,1999-01-16,False
3720,14,False,27,Myrna Cohen,0,764,928,7,7,Bennett Jacobstein,0,1050,963,15,10,4,1999-01-16,False
3721,14,False,27,Myrna Cohen,0,764,928,7,1070,Jim Barker,0,987,952,21,11,4,1999-01-16,False
3722,14,False,27,Myrna Cohen,0,764,928,7,3299,Laurie Lu Longway,0,961,955,12,13,4,1999-01-16,False
3723,14,False,27,Myrna Cohen,0,764,928,7,19096,Grace Harris,0,904,920,13,15,4,1999-01-16,False
3724,14,False,27,Myrna Cohen,0,764,928,7,2739,Charlotte Bremond,0,711,724,19,16,4,1999-01-16,False
3725,14,False,28,Cynthia Ho,0,1102,1073,25,22050,Jane Fischer,0,1222,1156,21,1,3,1999-01-16,False
3726,14,False,28,Cynthia Ho,0,1102,1073,25,4376,Kimo Ahyun,0,1101,1089,15,2,3,1999-01-16,False
3727,14,False,28,Cynthia Ho,0,1102,1073,25,709,Mary C Parrish,0,935,1106,6,5,3,1999-01-16,False
3728,14,False,28,Cynthia Ho,0,1102,1073,25,12,Pat Diener,0,1269,1229,8,8,3,1999-01-16,False
3729,14,False,28,Cynthia Ho,0,1102,1073,25,2888,Ben Gittes,0,1178,1212,5,10,3,1999-01-16,False
3730,14,False,28,Cynthia Ho,0,1102,1073,25,1046,B A Toole,0,945,954,26,15,3,1999-01-16,False
3731,14,False,28,Cynthia Ho,0,1102,1073,25,1271,Judith Whitcomb,0,1014,1009,27,18,3,1999-01-16,False
3732,14,False,33,Joey Mallick,410,1881,1958,2,260,Cynthia Pughsley,395,1764,1859,12,1,1,1999-01-16,False
3733,14,False,33,Joey Mallick,418,1881,1958,2,2864,Steve Krieger,321,1807,1804,21,2,1,1999-01-16,False
3734,14,False,33,Joey Mallick,404,1881,1958,2,3085,Teri Tetreault,401,1533,1778,8,3,1,1999-01-16,False
3735,14,False,33,Joey Mallick,444,1881,1958,2,2173,Ann Ferguson,374,1728,1713,33,4,1,1999-01-16,False
3736,14,False,33,Joey Mallick,395,1881,1958,2,666,Chris Lennon,394,1990,1915,26,5,1,1999-01-16,False
3737,14,False,33,Joey Mallick,465,1881,1958,2,1587,Roy Kamen,309,1779,1800,20,6,1,1999-01-16,False
3738,14,False,33,Joey Mallick,405,1881,1958,2,344,Ira Cohen,401,1910,1891,16,7,1,1999-01-16,False
3739,14,False,33,Joey Mallick,446,1881,1958,2,3039,Norma Fisher,331,1736,1744,31,8,1,1999-01-16,False
3740,14,False,33,Joey Mallick,407,1881,1958,2,507,James Frankki,350,1699,1786,17,9,1,1999-01-16,False
3741,14,False,33,Joey Mallick,407,1881,1958,2,3017,Lewis Martinez,371,1880,1846,29,10,1,1999-01-16,False
3742,14,False,33,Joey Mallick,396,1881,1958,2,1851,Sal Dijamco,361,1809,1847,13,11,1,1999-01-16,False
3743,14,False,33,Joey Mallick,396,1881,1958,2,238,Stuart Goldman,317,1797,1806,28,12,1,1999-01-16,False
3744,14,False,33,Joey Mallick,462,1881,1958,2,586,Robert Linn,293,1805,1845,10,14,1,1999-01-16,False
3745,14,False,33,Joey Mallick,433,1881,1958,2,2,Jerry Lerman,376,1842,1858,15,15,1,1999-01-16,False
3746,14,False,33,Joey Mallick,403,1881,1958,2,731,Lisa Odom,348,2006,2000,7,18,1,1999-01-16,False
3747,14,False,44,Paul Avrin,0,1769,1735,36,1446,Lou J B Miller,0,1840,1827,24,1,1,1999-01-16,False
3748,14,False,44,Paul Avrin,0,1769,1735,36,689,Ellis Wyer,0,1676,1657,37,2,1,1999-01-16,False
3749,14,False,44,Paul Avrin,0,1769,1735,36,669,Carol Kaplan,0,1903,1865,22,4,1,1999-01-16,False
3750,14,False,44,Paul Avrin,0,1769,1735,36,1059,Karen Merrill,0,1733,1710,34,8,1,1999-01-16,False
3751,14,False,44,Paul Avrin,0,1769,1735,36,582,Rita Provost,0,1890,1794,39,9,1,1999-01-16,False
3752,14,False,44,Paul Avrin,0,1769,1735,36,2173,Ann Ferguson,0,1728,1713,33,13,1,1999-01-16,False
3753,14,False,44,Paul Avrin,0,1769,1735,36,85,Tom Kelly,0,1671,1653,38,19,1,1999-01-16,False
3754,14,False,71,Noel Livermore,0,1695,1582,29,1074,Julia Bogle,0,1291,1395,19,2,2,1999-01-16,False
3755,14,False,71,Noel Livermore,0,1695,1582,29,1040,Maggie Morley,0,1377,1537,6,3,2,1999-01-16,False
3756,14,False,71,Noel Livermore,0,1695,1582,29,3987,Noah Kanter,0,1528,1560,12,4,2,1999-01-16,False
3757,14,False,71,Noel Livermore,0,1695,1582,29,17121,Dane Barnhard,0,1470,1487,20,5,2,1999-01-16,False
3758,14,False,71,Noel Livermore,0,1695,1582,29,524,Susan Love,0,1486,1481,31,6,2,1999-01-16,False
3759,14,False,71,Noel Livermore,0,1695,1582,29,1460,Jim W Fischer,0,1622,1601,18,8,2,1999-01-16,False
3760,14,False,71,Noel Livermore,0,1695,1582,29,1591,Jason Sommer,0,1715,1660,15,12,2,1999-01-16,False
3761,14,False,71,Noel Livermore,0,1695,1582,29,4366,Judith Shipman,0,1280,1326,35,13,2,1999-01-16,False
3762,14,False,85,Tom Kelly,0,1671,1653,38,586,Robert Linn,0,1805,1845,10,3,1,1999-01-16,False
3763,14,False,85,Tom Kelly,0,1671,1653,38,675,Ruth Hamilton,0,1783,1721,35,10,1,1999-01-16,False
3764,14,False,85,Tom Kelly,0,1671,1653,38,1059,Karen Merrill,0,1733,1710,34,12,1,1999-01-16,False
3765,14,False,85,Tom Kelly,0,1671,1653,38,2081,Chani Katz,0,1772,1690,40,13,1,1999-01-16,False
3766,14,False,85,Tom Kelly,0,1671,1653,38,1029,Denver Steele,0,1745,1656,42,16,1,1999-01-16,False
3767,14,False,85,Tom Kelly,0,1671,1653,38,582,Rita Provost,0,1890,1794,39,18,1,1999-01-16,False
3768,14,False,16422,T C Houlgate-West,0,1403,1482,14,700,Al Demers,0,1353,1467,16,4,2,1999-01-16,False
3769,14,False,16422,T C Houlgate-West,0,1403,1482,14,1066,Gigi Miller,0,1491,1548,7,5,2,1999-01-16,False
3770,14,False,16422,T C Houlgate-West,0,1403,1482,14,5967,Herbert Levine,0,1491,1498,34,6,2,1999-01-16,False
3771,14,False,16422,T C Houlgate-West,0,1403,1482,14,712,Barbara Platt,0,1327,1331,40,7,2,1999-01-16,False
3772,14,False,16422,T C Houlgate-West,0,1403,1482,14,3532,Brian Wagner,0,1546,1483,36,8,2,1999-01-16,False
3773,14,False,16422,T C Houlgate-West,0,1403,1482,14,524,Susan Love,0,1486,1481,31,9,2,1999-01-16,False
3774,14,False,16422,T C Houlgate-West,0,1403,1482,14,1036,Betty Cornelison,0,1541,1578,9,12,2,1999-01-16,False
3775,14,False,16422,T C Houlgate-West,0,1403,1482,14,3600,Marian Koonce,0,1429,1472,27,16,2,1999-01-16,False
3776,14,False,16422,T C Houlgate-West,0,1403,1482,14,524,Susan Love,0,1486,1481,31,17,2,1999-01-16,False
3777,14,False,16422,T C Houlgate-West,0,1403,1482,14,3600,Marian Koonce,0,1429,1472,27,18,2,1999-01-16,False
3778,14,False,16422,T C Houlgate-West,0,1403,1482,14,17121,Dane Barnhard,0,1470,1487,20,19,2,1999-01-16,False
3779,14,False,238,Stuart Goldman,0,1797,1806,28,19720,Richard Moyer,0,1803,1888,5,1,1,1999-01-16,False
3780,14,False,238,Stuart Goldman,0,1797,1806,28,344,Ira Cohen,0,1910,1891,16,2,1,1999-01-16,False
3781,14,False,238,Stuart Goldman,0,1797,1806,28,578,Joe Edley,0,1975,1981,4,4,1,1999-01-16,False
3782,14,False,238,Stuart Goldman,0,1797,1806,28,728,Dave Wiegand,0,2002,2047,1,6,1,1999-01-16,False
3783,14,False,238,Stuart Goldman,0,1797,1806,28,260,Cynthia Pughsley,0,1764,1859,12,7,1,1999-01-16,False
3784,14,False,238,Stuart Goldman,0,1797,1806,28,731,Lisa Odom,0,2006,2000,7,8,1,1999-01-16,False
3785,14,False,238,Stuart Goldman,0,1797,1806,28,3039,Norma Fisher,0,1736,1744,31,9,1,1999-01-16,False
3786,14,False,238,Stuart Goldman,0,1797,1806,28,3017,Lewis Martinez,0,1880,1846,29,16,1,1999-01-16,False
3787,14,False,238,Stuart Goldman,0,1797,1806,28,2091,Steven Alexander,0,1871,1867,18,17,1,1999-01-16,False
3788,14,False,260,Cynthia Pughsley,0,1764,1859,12,3085,Teri Tetreault,0,1533,1778,8,4,1,1999-01-16,False
3789,14,False,260,Cynthia Pughsley,0,1764,1859,12,2081,Chani Katz,0,1772,1690,40,6,1,1999-01-16,False
3790,14,False,260,Cynthia Pughsley,0,1764,1859,12,733,Steve Pellinen,0,1863,1836,25,8,1,1999-01-16,False
3791,14,False,260,Cynthia Pughsley,0,1764,1859,12,1059,Karen Merrill,0,1733,1710,34,11,1,1999-01-16,False
3792,14,False,260,Cynthia Pughsley,0,1764,1859,12,689,Ellis Wyer,0,1676,1657,37,12,1,1999-01-16,False
3793,14,False,260,Cynthia Pughsley,0,1764,1859,12,1029,Denver Steele,0,1745,1656,42,13,1,1999-01-16,False
3794,14,False,260,Cynthia Pughsley,0,1764,1859,12,582,Rita Provost,0,1890,1794,39,14,1,1999-01-16,False
3795,14,False,260,Cynthia Pughsley,0,1764,1859,12,44,Paul Avrin,0,1769,1735,36,15,1,1999-01-16,False
3796,14,False,260,Cynthia Pughsley,0,1764,1859,12,2091,Steven Alexander,0,1871,1867,18,16,1,1999-01-16,False
3797,14,False,260,Cynthia Pughsley,0,1764,1859,12,344,Ira Cohen,0,1910,1891,16,17,1,1999-01-16,False
3798,14,False,260,Cynthia Pughsley,0,1764,1859,12,1056,Gail Wolford,0,1917,1905,14,18,1,1999-01-16,False
3799,14,False,344,Ira Cohen,0,1910,1891,16,1029,Denver Steele,0,1745,1656,42,1,1,1999-01-16,False
3800,14,False,344,Ira Cohen,0,1910,1891,16,507,James Frankki,0,1699,1786,17,3,1,1999-01-16,False
3801,14,False,344,Ira Cohen,0,1910,1891,16,578,Joe Edley,0,1975,1981,4,5,1,1999-01-16,False
3802,14,False,344,Ira Cohen,0,1910,1891,16,3017,Lewis Martinez,0,1880,1846,29,6,1,1999-01-16,False
3803,14,False,344,Ira Cohen,0,1910,1891,16,3085,Teri Tetreault,0,1533,1778,8,8,1,1999-01-16,False
3804,14,False,344,Ira Cohen,0,1910,1891,16,666,Chris Lennon,0,1990,1915,26,9,1,1999-01-16,False
3805,14,False,344,Ira Cohen,0,1910,1891,16,728,Dave Wiegand,0,2002,2047,1,10,1,1999-01-16,False
3806,14,False,344,Ira Cohen,0,1910,1891,16,2,Jerry Lerman,0,1842,1858,15,13,1,1999-01-16,False
3807,14,False,344,Ira Cohen,0,1910,1891,16,5,Dennis Kaiser,0,1842,1852,11,16,1,1999-01-16,False
3808,14,False,344,Ira Cohen,0,1910,1891,16,2864,Steve Krieger,0,1807,1804,21,18,1,1999-01-16,False
3809,14,False,507,James Frankki,0,1699,1786,17,578,Joe Edley,0,1975,1981,4,1,1,1999-01-16,False
3810,14,False,507,James Frankki,0,1699,1786,17,1029,Denver Steele,0,1745,1656,42,4,1,1999-01-16,False
3811,14,False,507,James Frankki,0,1699,1786,17,238,Stuart Goldman,0,1797,1806,28,5,1,1999-01-16,False
3812,14,False,507,James Frankki,0,1699,1786,17,733,Steve Pellinen,0,1863,1836,25,6,1,1999-01-16,False
3813,14,False,507,James Frankki,0,1699,1786,17,582,Rita Provost,0,1890,1794,39,12,1,1999-01-16,False
3814,14,False,507,James Frankki,0,1699,1786,17,1062,Eleanor Traeg,0,1712,1638,41,14,1,1999-01-16,False
3815,14,False,507,James Frankki,0,1699,1786,17,85,Tom Kelly,0,1671,1653,38,15,1,1999-01-16,False
3816,14,False,507,James Frankki,0,1699,1786,17,44,Paul Avrin,0,1769,1735,36,16,1,1999-01-16,False
3817,14,False,507,James Frankki,0,1699,1786,17,676,Siri Tillekeratne,0,1675,1699,30,18,1,1999-01-16,False
3818,14,False,507,James Frankki,0,1699,1786,17,238,Stuart Goldman,0,1797,1806,28,19,1,1999-01-16,False
3819,14,False,524,Susan Love,0,1486,1481,31,712,Barbara Platt,0,1327,1331,40,1,2,1999-01-16,False
3820,14,False,524,Susan Love,0,1486,1481,31,1031,Alan Meyer,0,1493,1410,37,2,2,1999-01-16,False
3821,14,False,524,Susan Love,0,1486,1481,31,2346,Mitch Bayersdorfer,0,1554,1520,21,3,2,1999-01-16,False
3822,14,False,524,Susan Love,0,1486,1481,31,5723,Carla Strasburger,0,1449,1467,26,4,2,1999-01-16,False
3823,14,False,524,Susan Love,0,1486,1481,31,1460,Jim W Fischer,0,1622,1601,18,5,2,1999-01-16,False
3824,14,False,524,Susan Love,0,1486,1481,31,3668,Julie Wright,0,1583,1562,17,8,2,1999-01-16,False
3825,14,False,524,Susan Love,0,1486,1481,31,1591,Jason Sommer,0,1715,1660,15,10,2,1999-01-16,False
3826,14,False,524,Susan Love,0,1486,1481,31,1063,Donna McDonough,0,1503,1429,38,14,2,1999-01-16,False
3827,14,False,534,Alan Love,0,1171,1138,19,4372,Letty Dolphin,0,654,645,28,5,3,1999-01-16,False
3828,14,False,534,Alan Love,0,1171,1138,19,3538,Alfredo B Calubiran,0,1140,1136,18,6,3,1999-01-16,False
3829,14,False,534,Alan Love,0,1171,1138,19,1049,Gregg Wood,0,1027,1074,16,8,3,1999-01-16,False
3830,14,False,534,Alan Love,0,1171,1138,19,1271,Judith Whitcomb,0,1014,1009,27,9,3,1999-01-16,False
3831,14,False,534,Alan Love,0,1171,1138,19,1046,B A Toole,0,945,954,26,12,3,1999-01-16,False
3832,14,False,534,Alan Love,0,1171,1138,19,28,Cynthia Ho,0,1102,1073,25,13,3,1999-01-16,False
3833,14,False,534,Alan Love,0,1171,1138,19,865,Justine Zollinger,0,1205,1143,23,16,3,1999-01-16,False
3834,14,False,534,Alan Love,0,1171,1138,19,1271,Judith Whitcomb,0,1014,1009,27,17,3,1999-01-16,False
3835,14,False,534,Alan Love,0,1171,1138,19,4374,Eve M Wengler,0,892,955,24,18,3,1999-01-16,False
3836,14,False,562,Vince Castellano,0,1124,1158,10,534,Alan Love,0,1171,1138,19,3,3,1999-01-16,False
3837,14,False,562,Vince Castellano,0,1124,1158,10,4374,Eve M Wengler,0,892,955,24,4,3,1999-01-16,False
3838,14,False,562,Vince Castellano,0,1124,1158,10,865,Justine Zollinger,0,1205,1143,23,5,3,1999-01-16,False
3839,14,False,562,Vince Castellano,0,1124,1158,10,5968,Dave Nicolai,0,1375,1259,17,6,3,1999-01-16,False
3840,14,False,562,Vince Castellano,0,1124,1158,10,1046,B A Toole,0,945,954,26,8,3,1999-01-16,False
3841,14,False,562,Vince Castellano,0,1124,1158,10,703,Helen Pipi,0,896,1242,4,11,3,1999-01-16,False
3842,14,False,562,Vince Castellano,0,1124,1158,10,2639,Marshall Finn,0,1256,1217,14,15,3,1999-01-16,False
3843,14,False,562,Vince Castellano,0,1124,1158,10,4372,Letty Dolphin,0,654,645,28,16,3,1999-01-16,False
3844,14,False,562,Vince Castellano,0,1124,1158,10,4376,Kimo Ahyun,0,1101,1089,15,18,3,1999-01-16,False
3845,14,False,562,Vince Castellano,0,1124,1158,10,4367,George McCready,0,1238,1190,13,19,3,1999-01-16,False
3846,14,False,578,Joe Edley,0,1975,1981,4,1029,Denver Steele,0,1745,1656,42,2,1,1999-01-16,False
3847,14,False,578,Joe Edley,0,1975,1981,4,689,Ellis Wyer,0,1676,1657,37,6,1,1999-01-16,False
3848,14,False,578,Joe Edley,0,1975,1981,4,1446,Lou J B Miller,0,1840,1827,24,7,1,1999-01-16,False
3849,14,False,578,Joe Edley,0,1975,1981,4,2173,Ann Ferguson,0,1728,1713,33,8,1,1999-01-16,False
3850,14,False,578,Joe Edley,0,1975,1981,4,1059,Karen Merrill,0,1733,1710,34,9,1,1999-01-16,False
3851,14,False,578,Joe Edley,0,1975,1981,4,4076,Robert Felt,0,1924,1917,9,10,1,1999-01-16,False
3852,14,False,578,Joe Edley,0,1975,1981,4,1851,Sal Dijamco,0,1809,1847,13,12,1,1999-01-16,False
3853,14,False,578,Joe Edley,0,1975,1981,4,3017,Lewis Martinez,0,1880,1846,29,13,1,1999-01-16,False
3854,14,False,578,Joe Edley,0,1975,1981,4,2091,Steven Alexander,0,1871,1867,18,14,1,1999-01-16,False
3855,14,False,578,Joe Edley,0,1975,1981,4,586,Robert Linn,0,1805,1845,10,15,1,1999-01-16,False
3856,14,False,578,Joe Edley,0,1975,1981,4,19720,Richard Moyer,0,1803,1888,5,17,1,1999-01-16,False
3857,14,False,578,Joe Edley,0,1975,1981,4,3085,Teri Tetreault,0,1533,1778,8,18,1,1999-01-16,False
3858,14,False,578,Joe Edley,0,1975,1981,4,662,Jim Geary,0,2008,2019,3,19,1,1999-01-16,False
3859,14,False,582,Rita Provost,0,1890,1794,39,2083,Jim Miller,0,1749,1759,27,1,1,1999-01-16,False
3860,14,False,582,Rita Provost,0,1890,1794,39,2072,Rita Dady,0,1634,1683,32,6,1,1999-01-16,False
3861,14,False,582,Rita Provost,0,1890,1794,39,667,Michael Baker,0,1812,1824,19,7,1,1999-01-16,False
3862,14,False,582,Rita Provost,0,1890,1794,39,669,Carol Kaplan,0,1903,1865,22,10,1,1999-01-16,False
3863,14,False,582,Rita Provost,0,1890,1794,39,733,Steve Pellinen,0,1863,1836,25,11,1,1999-01-16,False
3864,14,False,586,Robert Linn,0,1805,1845,10,5,Dennis Kaiser,0,1842,1852,11,1,1,1999-01-16,False
3865,14,False,586,Robert Linn,0,1805,1845,10,2091,Steven Alexander,0,1871,1867,18,2,1,1999-01-16,False
3866,14,False,586,Robert Linn,0,1805,1845,10,2081,Chani Katz,0,1772,1690,40,7,1,1999-01-16,False
3867,14,False,586,Robert Linn,0,1805,1845,10,676,Siri Tillekeratne,0,1675,1699,30,8,1,1999-01-16,False
3868,14,False,586,Robert Linn,0,1805,1845,10,19720,Richard Moyer,0,1803,1888,5,9,1,1999-01-16,False
3869,14,False,586,Robert Linn,0,1805,1845,10,2083,Jim Miller,0,1749,1759,27,10,1,1999-01-16,False
3870,14,False,586,Robert Linn,0,1805,1845,10,238,Stuart Goldman,0,1797,1806,28,11,1,1999-01-16,False
3871,14,False,586,Robert Linn,0,1805,1845,10,344,Ira Cohen,0,1910,1891,16,12,1,1999-01-16,False
3872,14,False,586,Robert Linn,0,1805,1845,10,1056,Gail Wolford,0,1917,1905,14,16,1,1999-01-16,False
3873,14,False,586,Robert Linn,0,1805,1845,10,667,Michael Baker,0,1812,1824,19,18,1,1999-01-16,False
3874,14,False,586,Robert Linn,0,1805,1845,10,344,Ira Cohen,0,1910,1891,16,19,1,1999-01-16,False
3875,14,False,662,Jim Geary,0,2008,2019,3,2072,Rita Dady,0,1634,1683,32,1,1,1999-01-16,False
3876,14,False,662,Jim Geary,0,2008,2019,3,1059,Karen Merrill,0,1733,1710,34,2,1,1999-01-16,False
3877,14,False,662,Jim Geary,0,2008,2019,3,667,Michael Baker,0,1812,1824,19,3,1,1999-01-16,False
3878,14,False,662,Jim Geary,0,2008,2019,3,733,Steve Pellinen,0,1863,1836,25,4,1,1999-01-16,False
3879,14,False,662,Jim Geary,0,2008,2019,3,4076,Robert Felt,0,1924,1917,9,5,1,1999-01-16,False
3880,14,False,662,Jim Geary,0,2008,2019,3,2,Jerry Lerman,0,1842,1858,15,6,1,1999-01-16,False
3881,14,False,662,Jim Geary,0,2008,2019,3,1851,Sal Dijamco,0,1809,1847,13,7,1,1999-01-16,False
3882,14,False,662,Jim Geary,0,2008,2019,3,2091,Steven Alexander,0,1871,1867,18,8,1,1999-01-16,False
3883,14,False,662,Jim Geary,0,2008,2019,3,3017,Lewis Martinez,0,1880,1846,29,9,1,1999-01-16,False
3884,14,False,662,Jim Geary,0,2008,2019,3,238,Stuart Goldman,0,1797,1806,28,10,1,1999-01-16,False
3885,14,False,662,Jim Geary,0,2008,2019,3,344,Ira Cohen,0,1910,1891,16,11,1,1999-01-16,False
3886,14,False,662,Jim Geary,0,2008,2019,3,1056,Gail Wolford,0,1917,1905,14,12,1,1999-01-16,False
3887,14,False,662,Jim Geary,0,2008,2019,3,586,Robert Linn,0,1805,1845,10,13,1,1999-01-16,False
3888,14,False,662,Jim Geary,487,2008,2019,3,33,Joey Mallick,430,1881,1958,2,16,1,1999-01-16,False
3889,14,False,666,Chris Lennon,0,1990,1915,26,3085,Teri Tetreault,0,1533,1778,8,1,1,1999-01-16,False
3890,14,False,666,Chris Lennon,0,1990,1915,26,260,Cynthia Pughsley,0,1764,1859,12,2,1,1999-01-16,False
3891,14,False,666,Chris Lennon,0,1990,1915,26,2173,Ann Ferguson,0,1728,1713,33,3,1,1999-01-16,False
3892,14,False,666,Chris Lennon,0,1990,1915,26,2864,Steve Krieger,0,1807,1804,21,4,1,1999-01-16,False
3893,14,False,666,Chris Lennon,0,1990,1915,26,44,Paul Avrin,0,1769,1735,36,6,1,1999-01-16,False
3894,14,False,666,Chris Lennon,0,1990,1915,26,507,James Frankki,0,1699,1786,17,7,1,1999-01-16,False
3895,14,False,666,Chris Lennon,0,1990,1915,26,582,Rita Provost,0,1890,1794,39,16,1,1999-01-16,False
3896,14,False,666,Chris Lennon,0,1990,1915,26,2083,Jim Miller,0,1749,1759,27,17,1,1999-01-16,False
3897,14,False,666,Chris Lennon,0,1990,1915,26,3039,Norma Fisher,0,1736,1744,31,19,1,1999-01-16,False
3898,14,False,667,Michael Baker,0,1812,1824,19,2072,Rita Dady,0,1634,1683,32,2,1,1999-01-16,False
3899,14,False,667,Michael Baker,0,1812,1824,19,4076,Robert Felt,0,1924,1917,9,4,1,1999-01-16,False
3900,14,False,667,Michael Baker,0,1812,1824,19,1059,Karen Merrill,0,1733,1710,34,5,1,1999-01-16,False
3901,14,False,667,Michael Baker,0,1812,1824,19,85,Tom Kelly,0,1671,1653,38,6,1,1999-01-16,False
3902,14,False,667,Michael Baker,0,1812,1824,19,666,Chris Lennon,0,1990,1915,26,8,1,1999-01-16,False
3903,14,False,667,Michael Baker,0,1812,1824,19,669,Carol Kaplan,0,1903,1865,22,11,1,1999-01-16,False
3904,14,False,667,Michael Baker,0,1812,1824,19,2792,Don Malcolm,0,1637,1686,23,12,1,1999-01-16,False
3905,14,False,667,Michael Baker,0,1812,1824,19,3039,Norma Fisher,0,1736,1744,31,16,1,1999-01-16,False
3906,14,False,667,Michael Baker,0,1812,1824,19,676,Siri Tillekeratne,0,1675,1699,30,17,1,1999-01-16,False
3907,14,False,667,Michael Baker,0,1812,1824,19,669,Carol Kaplan,0,1903,1865,22,19,1,1999-01-16,False
3908,14,False,669,Carol Kaplan,0,1903,1865,22,3039,Norma Fisher,0,1736,1744,31,1,1,1999-01-16,False
3909,14,False,669,Carol Kaplan,0,1903,1865,22,1446,Lou J B Miller,0,1840,1827,24,2,1,1999-01-16,False
3910,14,False,669,Carol Kaplan,0,1903,1865,22,689,Ellis Wyer,0,1676,1657,37,3,1,1999-01-16,False
3911,14,False,669,Carol Kaplan,0,1903,1865,22,727,Lester Schonbrun,0,1937,1941,6,7,1,1999-01-16,False
3912,14,False,669,Carol Kaplan,0,1903,1865,22,1059,Karen Merrill,0,1733,1710,34,13,1,1999-01-16,False
3913,14,False,669,Carol Kaplan,0,1903,1865,22,85,Tom Kelly,0,1671,1653,38,14,1,1999-01-16,False
3914,14,False,669,Carol Kaplan,0,1903,1865,22,733,Steve Pellinen,0,1863,1836,25,15,1,1999-01-16,False
3915,14,False,669,Carol Kaplan,0,1903,1865,22,2173,Ann Ferguson,0,1728,1713,33,16,1,1999-01-16,False
3916,14,False,669,Carol Kaplan,0,1903,1865,22,1587,Roy Kamen,0,1779,1800,20,18,1,1999-01-16,False
3917,14,False,19720,Richard Moyer,0,1803,1888,5,507,James Frankki,0,1699,1786,17,2,1,1999-01-16,False
3918,14,False,19720,Richard Moyer,0,1803,1888,5,578,Joe Edley,0,1975,1981,4,3,1,1999-01-16,False
3919,14,False,19720,Richard Moyer,0,1803,1888,5,344,Ira Cohen,0,1910,1891,16,4,1,1999-01-16,False
3920,14,False,19720,Richard Moyer,0,1803,1888,5,4076,Robert Felt,0,1924,1917,9,6,1,1999-01-16,False
3921,14,False,19720,Richard Moyer,0,1803,1888,5,1056,Gail Wolford,0,1917,1905,14,8,1,1999-01-16,False
3922,14,False,19720,Richard Moyer,0,1803,1888,5,2173,Ann Ferguson,0,1728,1713,33,10,1,1999-01-16,False
3923,14,False,19720,Richard Moyer,0,1803,1888,5,3039,Norma Fisher,0,1736,1744,31,11,1,1999-01-16,False
3924,14,False,19720,Richard Moyer,0,1803,1888,5,5,Dennis Kaiser,0,1842,1852,11,12,1,1999-01-16,False
3925,14,False,19720,Richard Moyer,0,1803,1888,5,727,Lester Schonbrun,0,1937,1941,6,13,1,1999-01-16,False
3926,14,False,19720,Richard Moyer,0,1803,1888,5,731,Lisa Odom,0,2006,2000,7,15,1,1999-01-16,False
3927,14,False,19720,Richard Moyer,0,1803,1888,5,3085,Teri Tetreault,0,1533,1778,8,16,1,1999-01-16,False
3928,14,False,19720,Richard Moyer,0,1803,1888,5,4076,Robert Felt,0,1924,1917,9,18,1,1999-01-16,False
3929,14,False,19720,Richard Moyer,0,1803,1888,5,731,Lisa Odom,0,2006,2000,7,19,1,1999-01-16,False
3930,14,False,674,Laura Scheimberg,0,1531,1503,25,1063,Donna McDonough,0,1503,1429,38,2,2,1999-01-16,False
3931,14,False,674,Laura Scheimberg,0,1531,1503,25,1603,Tim Wise,0,1224,1186,44,3,2,1999-01-16,False
3932,14,False,674,Laura Scheimberg,0,1531,1503,25,1036,Betty Cornelison,0,1541,1578,9,6,2,1999-01-16,False
3933,14,False,674,Laura Scheimberg,0,1531,1503,25,1041,Elizabeth Wood,0,1324,1307,41,10,2,1999-01-16,False
3934,14,False,674,Laura Scheimberg,0,1531,1503,25,1038,Irene Averell,0,1196,1232,43,11,2,1999-01-16,False
3935,14,False,674,Laura Scheimberg,0,1531,1503,25,1269,Robert Whitcomb,0,1269,1263,42,12,2,1999-01-16,False
3936,14,False,674,Laura Scheimberg,0,1531,1503,25,524,Susan Love,0,1486,1481,31,15,2,1999-01-16,False
3937,14,False,674,Laura Scheimberg,0,1531,1503,25,712,Barbara Platt,0,1327,1331,40,16,2,1999-01-16,False
3938,14,False,674,Laura Scheimberg,0,1531,1503,25,1814,Ray Smith,0,1620,1563,23,19,2,1999-01-16,False
3939,14,False,675,Ruth Hamilton,0,1783,1721,35,582,Rita Provost,0,1890,1794,39,3,1,1999-01-16,False
3940,14,False,675,Ruth Hamilton,0,1783,1721,35,2792,Don Malcolm,0,1637,1686,23,7,1,1999-01-16,False
3941,14,False,675,Ruth Hamilton,0,1783,1721,35,2072,Rita Dady,0,1634,1683,32,8,1,1999-01-16,False
3942,14,False,675,Ruth Hamilton,0,1783,1721,35,676,Siri Tillekeratne,0,1675,1699,30,9,1,1999-01-16,False
3943,14,False,675,Ruth Hamilton,0,1783,1721,35,507,James Frankki,0,1699,1786,17,13,1,1999-01-16,False
3944,14,False,675,Ruth Hamilton,0,1783,1721,35,44,Paul Avrin,0,1769,1735,36,14,1,1999-01-16,False
3945,14,False,675,Ruth Hamilton,0,1783,1721,35,689,Ellis Wyer,0,1676,1657,37,15,1,1999-01-16,False
3946,14,False,676,Siri Tillekeratne,0,1675,1699,30,1056,Gail Wolford,0,1917,1905,14,1,1,1999-01-16,False
3947,14,False,676,Siri Tillekeratne,0,1675,1699,30,1062,Eleanor Traeg,0,1712,1638,41,4,1,1999-01-16,False
3948,14,False,676,Siri Tillekeratne,0,1675,1699,30,2081,Chani Katz,0,1772,1690,40,5,1,1999-01-16,False
3949,14,False,676,Siri Tillekeratne,0,1675,1699,30,2864,Steve Krieger,0,1807,1804,21,10,1,1999-01-16,False
3950,14,False,676,Siri Tillekeratne,0,1675,1699,30,2792,Don Malcolm,0,1637,1686,23,11,1,1999-01-16,False
3951,14,False,676,Siri Tillekeratne,0,1675,1699,30,2091,Steven Alexander,0,1871,1867,18,13,1,1999-01-16,False
3952,14,False,676,Siri Tillekeratne,0,1675,1699,30,666,Chris Lennon,0,1990,1915,26,15,1,1999-01-16,False
3953,14,False,676,Siri Tillekeratne,0,1675,1699,30,689,Ellis Wyer,0,1676,1657,37,16,1,1999-01-16,False
3954,14,False,689,Ellis Wyer,0,1676,1657,37,1062,Eleanor Traeg,0,1712,1638,41,7,1,1999-01-16,False
3955,14,False,689,Ellis Wyer,0,1676,1657,37,1029,Denver Steele,0,1745,1656,42,10,1,1999-01-16,False
3956,14,False,689,Ellis Wyer,0,1676,1657,37,85,Tom Kelly,0,1671,1653,38,11,1,1999-01-16,False
3957,14,False,689,Ellis Wyer,0,1676,1657,37,2072,Rita Dady,0,1634,1683,32,13,1,1999-01-16,False
3958,14,False,689,Ellis Wyer,0,1676,1657,37,1062,Eleanor Traeg,0,1712,1638,41,17,1,1999-01-16,False
3959,14,False,689,Ellis Wyer,0,1676,1657,37,2081,Chani Katz,0,1772,1690,40,18,1,1999-01-16,False
3960,14,False,699,Jesse Wornum,0,1431,1412,30,3668,Julie Wright,0,1583,1562,17,1,2,1999-01-16,False
3961,14,False,699,Jesse Wornum,0,1431,1412,30,3532,Brian Wagner,0,1546,1483,36,3,2,1999-01-16,False
3962,14,False,699,Jesse Wornum,0,1431,1412,30,1038,Irene Averell,0,1196,1232,43,4,2,1999-01-16,False
3963,14,False,699,Jesse Wornum,0,1431,1412,30,4093,Michael Stevens,0,1642,1648,5,8,2,1999-01-16,False
3964,14,False,699,Jesse Wornum,0,1431,1412,30,1456,Shirley Ritz,0,1497,1446,32,13,2,1999-01-16,False
3965,14,False,699,Jesse Wornum,0,1431,1412,30,1269,Robert Whitcomb,0,1269,1263,42,17,2,1999-01-16,False
3966,14,False,699,Jesse Wornum,0,1431,1412,30,1041,Elizabeth Wood,0,1324,1307,41,18,2,1999-01-16,False
3967,14,False,699,Jesse Wornum,0,1431,1412,30,1063,Donna McDonough,0,1503,1429,38,19,2,1999-01-16,False
3968,14,False,700,Al Demers,0,1353,1467,16,712,Barbara Platt,0,1327,1331,40,6,2,1999-01-16,False
3969,14,False,700,Al Demers,0,1353,1467,16,1038,Irene Averell,0,1196,1232,43,8,2,1999-01-16,False
3970,14,False,700,Al Demers,0,1353,1467,16,4363,Gordon Alper,0,1455,1444,28,12,2,1999-01-16,False
3971,14,False,700,Al Demers,0,1353,1467,16,1388,Ossie Mair,0,1376,1351,39,13,2,1999-01-16,False
3972,14,False,700,Al Demers,0,1353,1467,16,1031,Alan Meyer,0,1493,1410,37,14,2,1999-01-16,False
3973,14,False,700,Al Demers,0,1353,1467,16,699,Jesse Wornum,0,1431,1412,30,15,2,1999-01-16,False
3974,14,False,700,Al Demers,0,1353,1467,16,1041,Elizabeth Wood,0,1324,1307,41,16,2,1999-01-16,False
3975,14,False,700,Al Demers,0,1353,1467,16,1063,Donna McDonough,0,1503,1429,38,17,2,1999-01-16,False
3976,14,False,700,Al Demers,0,1353,1467,16,71,Noel Livermore,0,1695,1582,29,18,2,1999-01-16,False
3977,14,False,700,Al Demers,0,1353,1467,16,2346,Mitch Bayersdorfer,0,1554,1520,21,19,2,1999-01-16,False
3978,14,False,701,Jacqueline Stewart,0,1144,1186,7,1049,Gregg Wood,0,1027,1074,16,1,3,1999-01-16,False
3979,14,False,701,Jacqueline Stewart,0,1144,1186,7,5968,Dave Nicolai,0,1375,1259,17,4,3,1999-01-16,False
3980,14,False,701,Jacqueline Stewart,0,1144,1186,7,4376,Kimo Ahyun,0,1101,1089,15,8,3,1999-01-16,False
3981,14,False,701,Jacqueline Stewart,0,1144,1186,7,22050,Jane Fischer,0,1222,1156,21,9,3,1999-01-16,False
3982,14,False,701,Jacqueline Stewart,0,1144,1186,7,534,Alan Love,0,1171,1138,19,10,3,1999-01-16,False
3983,14,False,701,Jacqueline Stewart,0,1144,1186,7,3538,Alfredo B Calubiran,0,1140,1136,18,12,3,1999-01-16,False
3984,14,False,701,Jacqueline Stewart,0,1144,1186,7,865,Justine Zollinger,0,1205,1143,23,13,3,1999-01-16,False
3985,14,False,701,Jacqueline Stewart,0,1144,1186,7,2458,Bob Blyler,0,1217,1152,22,14,3,1999-01-16,False
3986,14,False,701,Jacqueline Stewart,0,1144,1186,7,4515,William Lincoln III Palmer,0,1286,1322,3,15,3,1999-01-16,False
3987,14,False,701,Jacqueline Stewart,0,1144,1186,7,4374,Eve M Wengler,0,892,955,24,16,3,1999-01-16,False
3988,14,False,701,Jacqueline Stewart,0,1144,1186,7,3506,Allan Simon,0,1360,1287,9,19,3,1999-01-16,False
3989,14,False,703,Helen Pipi,0,896,1242,4,3538,Alfredo B Calubiran,0,1140,1136,18,2,3,1999-01-16,False
3990,14,False,703,Helen Pipi,0,896,1242,4,4367,George McCready,0,1238,1190,13,3,3,1999-01-16,False
3991,14,False,703,Helen Pipi,0,896,1242,4,709,Mary C Parrish,0,935,1106,6,4,3,1999-01-16,False
3992,14,False,703,Helen Pipi,0,896,1242,4,22050,Jane Fischer,0,1222,1156,21,5,3,1999-01-16,False
3993,14,False,703,Helen Pipi,0,896,1242,4,1046,B A Toole,0,945,954,26,6,3,1999-01-16,False
3994,14,False,703,Helen Pipi,0,896,1242,4,28,Cynthia Ho,0,1102,1073,25,7,3,1999-01-16,False
3995,14,False,703,Helen Pipi,0,896,1242,4,2458,Bob Blyler,0,1217,1152,22,8,3,1999-01-16,False
3996,14,False,703,Helen Pipi,0,896,1242,4,3506,Allan Simon,0,1360,1287,9,9,3,1999-01-16,False
3997,14,False,703,Helen Pipi,0,896,1242,4,1602,Rosemary Ryan,0,1090,1119,12,10,3,1999-01-16,False
3998,14,False,703,Helen Pipi,0,896,1242,4,2639,Marshall Finn,0,1256,1217,14,12,3,1999-01-16,False
3999,14,False,703,Helen Pipi,0,896,1242,4,1819,Joanne Smith,0,1135,1150,11,13,3,1999-01-16,False
4000,14,False,703,Helen Pipi,0,896,1242,4,2888,Ben Gittes,0,1178,1212,5,15,3,1999-01-16,False
4001,14,False,703,Helen Pipi,0,896,1242,4,4515,William Lincoln III Palmer,0,1286,1322,3,19,3,1999-01-16,False
4002,14,False,712,Barbara Platt,0,1327,1331,40,1460,Jim W Fischer,0,1622,1601,18,2,2,1999-01-16,False
4003,14,False,712,Barbara Platt,0,1327,1331,40,367,Susie Page,0,1395,1431,24,4,2,1999-01-16,False
4004,14,False,712,Barbara Platt,0,1327,1331,40,747,Joan Mocine,0,1599,1557,22,9,2,1999-01-16,False
4005,14,False,712,Barbara Platt,0,1327,1331,40,1269,Robert Whitcomb,0,1269,1263,42,10,2,1999-01-16,False
4006,14,False,712,Barbara Platt,0,1327,1331,40,1603,Tim Wise,0,1224,1186,44,11,2,1999-01-16,False
4007,14,False,712,Barbara Platt,0,1327,1331,40,699,Jesse Wornum,0,1431,1412,30,12,2,1999-01-16,False
4008,14,False,712,Barbara Platt,0,1327,1331,40,4366,Judith Shipman,0,1280,1326,35,15,2,1999-01-16,False
4009,14,False,727,Lester Schonbrun,0,1937,1941,6,2792,Don Malcolm,0,1637,1686,23,1,1,1999-01-16,False
4010,14,False,727,Lester Schonbrun,0,1937,1941,6,85,Tom Kelly,0,1671,1653,38,2,1,1999-01-16,False
4011,14,False,727,Lester Schonbrun,0,1937,1941,6,5,Dennis Kaiser,0,1842,1852,11,3,1,1999-01-16,False
4012,14,False,727,Lester Schonbrun,0,1937,1941,6,586,Robert Linn,0,1805,1845,10,4,1,1999-01-16,False
4013,14,False,727,Lester Schonbrun,0,1937,1941,6,731,Lisa Odom,0,2006,2000,7,10,1,1999-01-16,False
4014,14,False,727,Lester Schonbrun,0,1937,1941,6,507,James Frankki,0,1699,1786,17,11,1,1999-01-16,False
4015,14,False,727,Lester Schonbrun,0,1937,1941,6,44,Paul Avrin,0,1769,1735,36,12,1,1999-01-16,False
4016,14,False,727,Lester Schonbrun,0,1937,1941,6,667,Michael Baker,0,1812,1824,19,14,1,1999-01-16,False
4017,14,False,727,Lester Schonbrun,0,1937,1941,6,4076,Robert Felt,0,1924,1917,9,16,1,1999-01-16,False
4018,14,False,727,Lester Schonbrun,0,1937,1941,6,2864,Steve Krieger,0,1807,1804,21,17,1,1999-01-16,False
4019,14,False,727,Lester Schonbrun,0,1937,1941,6,2,Jerry Lerman,0,1842,1858,15,18,1,1999-01-16,False
4020,14,False,727,Lester Schonbrun,0,1937,1941,6,260,Cynthia Pughsley,0,1764,1859,12,19,1,1999-01-16,False
4021,14,False,728,Dave Wiegand,0,2002,2047,1,689,Ellis Wyer,0,1676,1657,37,1,1,1999-01-16,False
4022,14,False,728,Dave Wiegand,0,2002,2047,1,3039,Norma Fisher,0,1736,1744,31,2,1,1999-01-16,False
4023,14,False,728,Dave Wiegand,0,2002,2047,1,44,Paul Avrin,0,1769,1735,36,3,1,1999-01-16,False
4024,14,False,728,Dave Wiegand,0,2002,2047,1,1446,Lou J B Miller,0,1840,1827,24,4,1,1999-01-16,False
4025,14,False,728,Dave Wiegand,0,2002,2047,1,669,Carol Kaplan,0,1903,1865,22,5,1,1999-01-16,False
4026,14,False,728,Dave Wiegand,0,2002,2047,1,2091,Steven Alexander,0,1871,1867,18,7,1,1999-01-16,False
4027,14,False,728,Dave Wiegand,0,2002,2047,1,507,James Frankki,0,1699,1786,17,8,1,1999-01-16,False
4028,14,False,728,Dave Wiegand,0,2002,2047,1,727,Lester Schonbrun,0,1937,1941,6,9,1,1999-01-16,False
4029,14,False,728,Dave Wiegand,0,2002,2047,1,666,Chris Lennon,0,1990,1915,26,11,1,1999-01-16,False
4030,14,False,728,Dave Wiegand,0,2002,2047,1,731,Lisa Odom,0,2006,2000,7,12,1,1999-01-16,False
4031,14,False,728,Dave Wiegand,0,2002,2047,1,1851,Sal Dijamco,0,1809,1847,13,13,1,1999-01-16,False
4032,14,False,728,Dave Wiegand,0,2002,2047,1,19720,Richard Moyer,0,1803,1888,5,14,1,1999-01-16,False
4033,14,False,728,Dave Wiegand,0,2002,2047,1,662,Jim Geary,0,2008,2019,3,15,1,1999-01-16,False
4034,14,False,728,Dave Wiegand,0,2002,2047,1,2,Jerry Lerman,0,1842,1858,15,16,1,1999-01-16,False
4035,14,False,728,Dave Wiegand,0,2002,2047,1,662,Jim Geary,0,2008,2019,3,17,1,1999-01-16,False
4036,14,False,728,Dave Wiegand,0,2002,2047,1,662,Jim Geary,0,2008,2019,3,18,1,1999-01-16,False
4037,14,False,728,Dave Wiegand,415,2002,2047,1,33,Joey Mallick,335,1881,1958,2,19,1,1999-01-16,False
4038,14,False,731,Lisa Odom,0,2006,2000,7,675,Ruth Hamilton,0,1783,1721,35,1,1,1999-01-16,False
4039,14,False,731,Lisa Odom,0,2006,2000,7,2083,Jim Miller,0,1749,1759,27,2,1,1999-01-16,False
4040,14,False,731,Lisa Odom,0,2006,2000,7,1851,Sal Dijamco,0,1809,1847,13,3,1,1999-01-16,False
4041,14,False,731,Lisa Odom,0,2006,2000,7,582,Rita Provost,0,1890,1794,39,5,1,1999-01-16,False
4042,14,False,731,Lisa Odom,0,2006,2000,7,586,Robert Linn,0,1805,1845,10,6,1,1999-01-16,False
4043,14,False,731,Lisa Odom,0,2006,2000,7,733,Steve Pellinen,0,1863,1836,25,7,1,1999-01-16,False
4044,14,False,731,Lisa Odom,0,2006,2000,7,669,Carol Kaplan,0,1903,1865,22,9,1,1999-01-16,False
4045,14,False,731,Lisa Odom,0,2006,2000,7,1587,Roy Kamen,0,1779,1800,20,11,1,1999-01-16,False
4046,14,False,731,Lisa Odom,448,2006,2000,7,33,Joey Mallick,312,1881,1958,2,13,1,1999-01-16,False
4047,14,False,731,Lisa Odom,0,2006,2000,7,662,Jim Geary,0,2008,2019,3,14,1,1999-01-16,False
4048,14,False,731,Lisa Odom,0,2006,2000,7,578,Joe Edley,0,1975,1981,4,16,1,1999-01-16,False
4049,14,False,731,Lisa Odom,482,2006,2000,7,33,Joey Mallick,262,1881,1958,2,17,1,1999-01-16,False
4050,14,False,733,Steve Pellinen,0,1863,1836,25,667,Michael Baker,0,1812,1824,19,1,1,1999-01-16,False
4051,14,False,733,Steve Pellinen,0,1863,1836,25,4076,Robert Felt,0,1924,1917,9,2,1,1999-01-16,False
4052,14,False,733,Steve Pellinen,0,1863,1836,25,1059,Karen Merrill,0,1733,1710,34,3,1,1999-01-16,False
4053,14,False,733,Steve Pellinen,0,1863,1836,25,44,Paul Avrin,0,1769,1735,36,10,1,1999-01-16,False
4054,14,False,733,Steve Pellinen,0,1863,1836,25,1029,Denver Steele,0,1745,1656,42,12,1,1999-01-16,False
4055,14,False,733,Steve Pellinen,0,1863,1836,25,676,Siri Tillekeratne,0,1675,1699,30,14,1,1999-01-16,False
4056,14,False,733,Steve Pellinen,0,1863,1836,25,675,Ruth Hamilton,0,1783,1721,35,16,1,1999-01-16,False
4057,14,False,733,Steve Pellinen,0,1863,1836,25,2792,Don Malcolm,0,1637,1686,23,17,1,1999-01-16,False
4058,14,False,733,Steve Pellinen,0,1863,1836,25,666,Chris Lennon,0,1990,1915,26,18,1,1999-01-16,False
4059,14,False,737,Carlynn Mayer,0,1626,1631,4,700,Al Demers,0,1353,1467,16,2,2,1999-01-16,False
4060,14,False,737,Carlynn Mayer,0,1626,1631,4,1036,Betty Cornelison,0,1541,1578,9,4,2,1999-01-16,False
4061,14,False,737,Carlynn Mayer,0,1626,1631,4,1814,Ray Smith,0,1620,1563,23,5,2,1999-01-16,False
4062,14,False,737,Carlynn Mayer,0,1626,1631,4,699,Jesse Wornum,0,1431,1412,30,6,2,1999-01-16,False
4063,14,False,737,Carlynn Mayer,0,1626,1631,4,367,Susie Page,0,1395,1431,24,8,2,1999-01-16,False
4064,14,False,737,Carlynn Mayer,0,1626,1631,4,1028,Carlene Wallis,0,1595,1653,2,9,2,1999-01-16,False
4065,14,False,737,Carlynn Mayer,0,1626,1631,4,755,Polly Moyer,0,1559,1503,33,10,2,1999-01-16,False
4066,14,False,737,Carlynn Mayer,0,1626,1631,4,1460,Jim W Fischer,0,1622,1601,18,12,2,1999-01-16,False
4067,14,False,737,Carlynn Mayer,0,1626,1631,4,3987,Noah Kanter,0,1528,1560,12,14,2,1999-01-16,False
4068,14,False,737,Carlynn Mayer,0,1626,1631,4,5967,Herbert Levine,0,1491,1498,34,15,2,1999-01-16,False
4069,14,False,737,Carlynn Mayer,0,1626,1631,4,2094,Richard Joseph,0,1403,1496,13,17,2,1999-01-16,False
4070,14,False,737,Carlynn Mayer,0,1626,1631,4,3987,Noah Kanter,0,1528,1560,12,19,2,1999-01-16,False
4071,14,False,747,Joan Mocine,0,1599,1557,22,1041,Elizabeth Wood,0,1324,1307,41,1,2,1999-01-16,False
4072,14,False,747,Joan Mocine,0,1599,1557,22,755,Polly Moyer,0,1559,1503,33,2,2,1999-01-16,False
4073,14,False,747,Joan Mocine,0,1599,1557,22,1036,Betty Cornelison,0,1541,1578,9,8,2,1999-01-16,False
4074,14,False,747,Joan Mocine,0,1599,1557,22,1031,Alan Meyer,0,1493,1410,37,10,2,1999-01-16,False
4075,14,False,747,Joan Mocine,0,1599,1557,22,367,Susie Page,0,1395,1431,24,11,2,1999-01-16,False
4076,14,False,747,Joan Mocine,0,1599,1557,22,3600,Marian Koonce,0,1429,1472,27,13,2,1999-01-16,False
4077,14,False,747,Joan Mocine,0,1599,1557,22,4366,Judith Shipman,0,1280,1326,35,14,2,1999-01-16,False
4078,14,False,747,Joan Mocine,0,1599,1557,22,1591,Jason Sommer,0,1715,1660,15,15,2,1999-01-16,False
4079,14,False,747,Joan Mocine,0,1599,1557,22,755,Polly Moyer,0,1559,1503,33,18,2,1999-01-16,False
4080,14,False,755,Polly Moyer,0,1559,1503,33,5967,Herbert Levine,0,1491,1498,34,1,2,1999-01-16,False
4081,14,False,755,Polly Moyer,0,1559,1503,33,904,Tim Anglin,0,1726,1665,11,4,2,1999-01-16,False
4082,14,False,755,Polly Moyer,0,1559,1503,33,1603,Tim Wise,0,1224,1186,44,5,2,1999-01-16,False
4083,14,False,755,Polly Moyer,0,1559,1503,33,4363,Gordon Alper,0,1455,1444,28,7,2,1999-01-16,False
4084,14,False,755,Polly Moyer,0,1559,1503,33,1456,Shirley Ritz,0,1497,1446,32,12,2,1999-01-16,False
4085,14,False,755,Polly Moyer,0,1559,1503,33,3532,Brian Wagner,0,1546,1483,36,15,2,1999-01-16,False
4086,14,False,755,Polly Moyer,0,1559,1503,33,1038,Irene Averell,0,1196,1232,43,16,2,1999-01-16,False
4087,14,False,755,Polly Moyer,0,1559,1503,33,367,Susie Page,0,1395,1431,24,17,2,1999-01-16,False
4088,14,False,763,Ron Barker,0,1063,1042,8,2739,Charlotte Bremond,0,711,724,19,2,4,1999-01-16,False
4089,14,False,763,Ron Barker,0,1063,1042,8,7,Bennett Jacobstein,0,1050,963,15,3,4,1999-01-16,False
4090,14,False,763,Ron Barker,0,1063,1042,8,1070,Jim Barker,0,987,952,21,7,4,1999-01-16,False
4091,14,False,763,Ron Barker,0,1063,1042,8,5851,Sandy Yerkes,0,715,733,17,8,4,1999-01-16,False
4092,14,False,763,Ron Barker,0,1063,1042,8,5721,Jerry Fuller,0,956,979,6,9,4,1999-01-16,False
4093,14,False,763,Ron Barker,0,1063,1042,8,3299,Laurie Lu Longway,0,961,955,12,12,4,1999-01-16,False
4094,14,False,763,Ron Barker,0,1063,1042,8,5940,Sunday Butler,0,859,807,18,13,4,1999-01-16,False
4095,14,False,763,Ron Barker,0,1063,1042,8,3022,Arlene Lane,0,1018,1000,10,14,4,1999-01-16,False
4096,14,False,763,Ron Barker,0,1063,1042,8,11,Paula Catanese,0,938,933,14,16,4,1999-01-16,False
4097,14,False,763,Ron Barker,0,1063,1042,8,3299,Laurie Lu Longway,0,961,955,12,18,4,1999-01-16,False
4098,14,False,763,Ron Barker,0,1063,1042,8,19096,Grace Harris,0,904,920,13,19,4,1999-01-16,False
4099,14,False,865,Justine Zollinger,0,1205,1143,23,1046,B A Toole,0,945,954,26,3,3,1999-01-16,False
4100,14,False,865,Justine Zollinger,0,1205,1143,23,12,Pat Diener,0,1269,1229,8,4,3,1999-01-16,False
4101,14,False,865,Justine Zollinger,0,1205,1143,23,4372,Letty Dolphin,0,654,645,28,7,3,1999-01-16,False
4102,14,False,865,Justine Zollinger,0,1205,1143,23,4367,George McCready,0,1238,1190,13,8,3,1999-01-16,False
4103,14,False,865,Justine Zollinger,0,1205,1143,23,2886,David Filippi,0,1235,1319,1,10,3,1999-01-16,False
4104,14,False,865,Justine Zollinger,0,1205,1143,23,22050,Jane Fischer,0,1222,1156,21,15,3,1999-01-16,False
4105,14,False,865,Justine Zollinger,0,1205,1143,23,28,Cynthia Ho,0,1102,1073,25,17,3,1999-01-16,False
4106,14,False,865,Justine Zollinger,0,1205,1143,23,1271,Judith Whitcomb,0,1014,1009,27,19,3,1999-01-16,False
4107,14,False,904,Tim Anglin,0,1726,1665,11,1603,Tim Wise,0,1224,1186,44,1,2,1999-01-16,False
4108,14,False,904,Tim Anglin,0,1726,1665,11,1041,Elizabeth Wood,0,1324,1307,41,2,2,1999-01-16,False
4109,14,False,904,Tim Anglin,0,1726,1665,11,747,Joan Mocine,0,1599,1557,22,5,2,1999-01-16,False
4110,14,False,904,Tim Anglin,0,1726,1665,11,2094,Richard Joseph,0,1403,1496,13,6,2,1999-01-16,False
4111,14,False,904,Tim Anglin,0,1726,1665,11,3987,Noah Kanter,0,1528,1560,12,8,2,1999-01-16,False
4112,14,False,904,Tim Anglin,0,1726,1665,11,737,Carlynn Mayer,0,1626,1631,4,11,2,1999-01-16,False
4113,14,False,904,Tim Anglin,0,1726,1665,11,1038,Irene Averell,0,1196,1232,43,12,2,1999-01-16,False
4114,14,False,904,Tim Anglin,0,1726,1665,11,367,Susie Page,0,1395,1431,24,16,2,1999-01-16,False
4115,14,False,904,Tim Anglin,0,1726,1665,11,747,Joan Mocine,0,1599,1557,22,17,2,1999-01-16,False
4116,14,False,904,Tim Anglin,0,1726,1665,11,2346,Mitch Bayersdorfer,0,1554,1520,21,18,2,1999-01-16,False
4117,14,False,904,Tim Anglin,0,1726,1665,11,1460,Jim W Fischer,0,1622,1601,18,19,2,1999-01-16,False
4118,14,False,1028,Carlene Wallis,0,1595,1653,2,16422,T C Houlgate-West,0,1403,1482,14,1,2,1999-01-16,False
4119,14,False,1028,Carlene Wallis,0,1595,1653,2,1456,Shirley Ritz,0,1497,1446,32,2,2,1999-01-16,False
4120,14,False,1028,Carlene Wallis,0,1595,1653,2,4366,Judith Shipman,0,1280,1326,35,3,2,1999-01-16,False
4121,14,False,1028,Carlene Wallis,0,1595,1653,2,1066,Gigi Miller,0,1491,1548,7,4,2,1999-01-16,False
4122,14,False,1028,Carlene Wallis,0,1595,1653,2,1447,Jeff Potts,0,1703,1723,1,5,2,1999-01-16,False
4123,14,False,1028,Carlene Wallis,0,1595,1653,2,904,Tim Anglin,0,1726,1665,11,7,2,1999-01-16,False
4124,14,False,1028,Carlene Wallis,0,1595,1653,2,4363,Gordon Alper,0,1455,1444,28,8,2,1999-01-16,False
4125,14,False,1028,Carlene Wallis,0,1595,1653,2,4093,Michael Stevens,0,1642,1648,5,10,2,1999-01-16,False
4126,14,False,1028,Carlene Wallis,0,1595,1653,2,3429,Craig Atterbury,0,1638,1672,3,11,2,1999-01-16,False
4127,14,False,1028,Carlene Wallis,0,1595,1653,2,524,Susan Love,0,1486,1481,31,12,2,1999-01-16,False
4128,14,False,1028,Carlene Wallis,0,1595,1653,2,1814,Ray Smith,0,1620,1563,23,13,2,1999-01-16,False
4129,14,False,1028,Carlene Wallis,0,1595,1653,2,3987,Noah Kanter,0,1528,1560,12,15,2,1999-01-16,False
4130,14,False,1028,Carlene Wallis,0,1595,1653,2,3429,Craig Atterbury,0,1638,1672,3,17,2,1999-01-16,False
4131,14,False,1028,Carlene Wallis,0,1595,1653,2,1040,Maggie Morley,0,1377,1537,6,19,2,1999-01-16,False
4132,14,False,1029,Denver Steele,0,1745,1656,42,238,Stuart Goldman,0,1797,1806,28,3,1,1999-01-16,False
4133,14,False,1029,Denver Steele,0,1745,1656,42,19720,Richard Moyer,0,1803,1888,5,5,1,1999-01-16,False
4134,14,False,1029,Denver Steele,0,1745,1656,42,2792,Don Malcolm,0,1637,1686,23,8,1,1999-01-16,False
4135,14,False,1031,Alan Meyer,0,1493,1410,37,5723,Carla Strasburger,0,1449,1467,26,1,2,1999-01-16,False
4136,14,False,1031,Alan Meyer,0,1493,1410,37,712,Barbara Platt,0,1327,1331,40,3,2,1999-01-16,False
4137,14,False,1031,Alan Meyer,0,1493,1410,37,1269,Robert Whitcomb,0,1269,1263,42,13,2,1999-01-16,False
4138,14,False,1031,Alan Meyer,0,1493,1410,37,1603,Tim Wise,0,1224,1186,44,15,2,1999-01-16,False
4139,14,False,1031,Alan Meyer,0,1493,1410,37,1603,Tim Wise,0,1224,1186,44,17,2,1999-01-16,False
4140,14,False,1031,Alan Meyer,0,1493,1410,37,1269,Robert Whitcomb,0,1269,1263,42,18,2,1999-01-16,False
4141,14,False,1031,Alan Meyer,0,1493,1410,37,1041,Elizabeth Wood,0,1324,1307,41,19,2,1999-01-16,False
4142,14,False,1036,Betty Cornelison,0,1541,1578,9,2094,Richard Joseph,0,1403,1496,13,1,2,1999-01-16,False
4143,14,False,1036,Betty Cornelison,0,1541,1578,9,1814,Ray Smith,0,1620,1563,23,2,2,1999-01-16,False
4144,14,False,1036,Betty Cornelison,0,1541,1578,9,700,Al Demers,0,1353,1467,16,3,2,1999-01-16,False
4145,14,False,1036,Betty Cornelison,0,1541,1578,9,3532,Brian Wagner,0,1546,1483,36,7,2,1999-01-16,False
4146,14,False,1036,Betty Cornelison,0,1541,1578,9,904,Tim Anglin,0,1726,1665,11,9,2,1999-01-16,False
4147,14,False,1036,Betty Cornelison,0,1541,1578,9,1074,Julia Bogle,0,1291,1395,19,10,2,1999-01-16,False
4148,14,False,1036,Betty Cornelison,0,1541,1578,9,2346,Mitch Bayersdorfer,0,1554,1520,21,11,2,1999-01-16,False
4149,14,False,1036,Betty Cornelison,0,1541,1578,9,1063,Donna McDonough,0,1503,1429,38,13,2,1999-01-16,False
4150,14,False,1036,Betty Cornelison,0,1541,1578,9,5723,Carla Strasburger,0,1449,1467,26,14,2,1999-01-16,False
4151,14,False,1036,Betty Cornelison,0,1541,1578,9,17121,Dane Barnhard,0,1470,1487,20,15,2,1999-01-16,False
4152,14,False,1036,Betty Cornelison,0,1541,1578,9,3987,Noah Kanter,0,1528,1560,12,16,2,1999-01-16,False
4153,14,False,1036,Betty Cornelison,0,1541,1578,9,2179,Eileen Gruhn,0,1528,1579,8,18,2,1999-01-16,False
4154,14,False,1038,Irene Averell,0,1196,1232,43,4363,Gordon Alper,0,1455,1444,28,2,2,1999-01-16,False
4155,14,False,1038,Irene Averell,0,1196,1232,43,1031,Alan Meyer,0,1493,1410,37,6,2,1999-01-16,False
4156,14,False,1038,Irene Averell,0,1196,1232,43,1388,Ossie Mair,0,1376,1351,39,7,2,1999-01-16,False
4157,14,False,1038,Irene Averell,0,1196,1232,43,1269,Robert Whitcomb,0,1269,1263,42,9,2,1999-01-16,False
4158,14,False,1038,Irene Averell,0,1196,1232,43,1603,Tim Wise,0,1224,1186,44,10,2,1999-01-16,False
4159,14,False,1038,Irene Averell,0,1196,1232,43,3532,Brian Wagner,0,1546,1483,36,18,2,1999-01-16,False
4160,14,False,1040,Maggie Morley,0,1377,1537,6,1269,Robert Whitcomb,0,1269,1263,42,2,2,1999-01-16,False
4161,14,False,1040,Maggie Morley,0,1377,1537,6,1074,Julia Bogle,0,1291,1395,19,5,2,1999-01-16,False
4162,14,False,1040,Maggie Morley,0,1377,1537,6,2346,Mitch Bayersdorfer,0,1554,1520,21,8,2,1999-01-16,False
4163,14,False,1040,Maggie Morley,0,1377,1537,6,1031,Alan Meyer,0,1493,1410,37,9,2,1999-01-16,False
4164,14,False,1040,Maggie Morley,0,1377,1537,6,5723,Carla Strasburger,0,1449,1467,26,10,2,1999-01-16,False
4165,14,False,1040,Maggie Morley,0,1377,1537,6,1456,Shirley Ritz,0,1497,1446,32,11,2,1999-01-16,False
4166,14,False,1040,Maggie Morley,0,1377,1537,6,3532,Brian Wagner,0,1546,1483,36,12,2,1999-01-16,False
4167,14,False,1040,Maggie Morley,0,1377,1537,6,904,Tim Anglin,0,1726,1665,11,13,2,1999-01-16,False
4168,14,False,1040,Maggie Morley,0,1377,1537,6,5967,Herbert Levine,0,1491,1498,34,14,2,1999-01-16,False
4169,14,False,1040,Maggie Morley,0,1377,1537,6,1028,Carlene Wallis,0,1595,1653,2,16,2,1999-01-16,False
4170,14,False,1040,Maggie Morley,0,1377,1537,6,2319,Robert Smith,0,1504,1527,10,17,2,1999-01-16,False
4171,14,False,1040,Maggie Morley,0,1377,1537,6,737,Carlynn Mayer,0,1626,1631,4,18,2,1999-01-16,False
4172,14,False,1041,Elizabeth Wood,0,1324,1307,41,755,Polly Moyer,0,1559,1503,33,3,2,1999-01-16,False
4173,14,False,1041,Elizabeth Wood,0,1324,1307,41,1040,Maggie Morley,0,1377,1537,6,6,2,1999-01-16,False
4174,14,False,1041,Elizabeth Wood,0,1324,1307,41,367,Susie Page,0,1395,1431,24,7,2,1999-01-16,False
4175,14,False,1041,Elizabeth Wood,0,1324,1307,41,1031,Alan Meyer,0,1493,1410,37,12,2,1999-01-16,False
4176,14,False,1041,Elizabeth Wood,0,1324,1307,41,1269,Robert Whitcomb,0,1269,1263,42,14,2,1999-01-16,False
4177,14,False,1041,Elizabeth Wood,0,1324,1307,41,4366,Judith Shipman,0,1280,1326,35,17,2,1999-01-16,False
4178,14,False,1046,B A Toole,0,945,954,26,3506,Allan Simon,0,1360,1287,9,2,3,1999-01-16,False
4179,14,False,1046,B A Toole,0,945,954,26,4372,Letty Dolphin,0,654,645,28,4,3,1999-01-16,False
4180,14,False,1046,B A Toole,0,945,954,26,2886,David Filippi,0,1235,1319,1,5,3,1999-01-16,False
4181,14,False,1046,B A Toole,0,945,954,26,22050,Jane Fischer,0,1222,1156,21,11,3,1999-01-16,False
4182,14,False,1046,B A Toole,0,945,954,26,4372,Letty Dolphin,0,654,645,28,17,3,1999-01-16,False
4183,14,False,1046,B A Toole,0,945,954,26,4372,Letty Dolphin,0,654,645,28,18,3,1999-01-16,False
4184,14,False,1046,B A Toole,0,945,954,26,4372,Letty Dolphin,0,654,645,28,19,3,1999-01-16,False
4185,14,False,1049,Gregg Wood,0,1027,1074,16,2504,Kitty Yamauchi,0,969,1013,20,2,3,1999-01-16,False
4186,14,False,1049,Gregg Wood,0,1027,1074,16,2639,Marshall Finn,0,1256,1217,14,4,3,1999-01-16,False
4187,14,False,1049,Gregg Wood,0,1027,1074,16,3538,Alfredo B Calubiran,0,1140,1136,18,7,3,1999-01-16,False
4188,14,False,1049,Gregg Wood,0,1027,1074,16,4372,Letty Dolphin,0,654,645,28,9,3,1999-01-16,False
4189,14,False,1049,Gregg Wood,0,1027,1074,16,4376,Kimo Ahyun,0,1101,1089,15,11,3,1999-01-16,False
4190,14,False,1049,Gregg Wood,0,1027,1074,16,28,Cynthia Ho,0,1102,1073,25,12,3,1999-01-16,False
4191,14,False,1049,Gregg Wood,0,1027,1074,16,4367,George McCready,0,1238,1190,13,13,3,1999-01-16,False
4192,14,False,1049,Gregg Wood,0,1027,1074,16,2320,Pat Burnham,0,1319,1352,2,15,3,1999-01-16,False
4193,14,False,1049,Gregg Wood,0,1027,1074,16,2458,Bob Blyler,0,1217,1152,22,19,3,1999-01-16,False
4194,14,False,1056,Gail Wolford,0,1917,1905,14,1062,Eleanor Traeg,0,1712,1638,41,2,1,1999-01-16,False
4195,14,False,1056,Gail Wolford,0,1917,1905,14,1587,Roy Kamen,0,1779,1800,20,3,1,1999-01-16,False
4196,14,False,1056,Gail Wolford,0,1917,1905,14,2081,Chani Katz,0,1772,1690,40,4,1,1999-01-16,False
4197,14,False,1056,Gail Wolford,0,1917,1905,14,3017,Lewis Martinez,0,1880,1846,29,5,1,1999-01-16,False
4198,14,False,1056,Gail Wolford,0,1917,1905,14,727,Lester Schonbrun,0,1937,1941,6,6,1,1999-01-16,False
4199,14,False,1056,Gail Wolford,0,1917,1905,14,3039,Norma Fisher,0,1736,1744,31,7,1,1999-01-16,False
4200,14,False,1056,Gail Wolford,0,1917,1905,14,3085,Teri Tetreault,0,1533,1778,8,9,1,1999-01-16,False
4201,14,False,1056,Gail Wolford,0,1917,1905,14,578,Joe Edley,0,1975,1981,4,11,1,1999-01-16,False
4202,14,False,1056,Gail Wolford,0,1917,1905,14,238,Stuart Goldman,0,1797,1806,28,13,1,1999-01-16,False
4203,14,False,1056,Gail Wolford,0,1917,1905,14,344,Ira Cohen,0,1910,1891,16,15,1,1999-01-16,False
4204,14,False,1056,Gail Wolford,0,1917,1905,14,1446,Lou J B Miller,0,1840,1827,24,19,1,1999-01-16,False
4205,14,False,1059,Karen Merrill,0,1733,1710,34,2072,Rita Dady,0,1634,1683,32,4,1,1999-01-16,False
4206,14,False,1059,Karen Merrill,0,1733,1710,34,1029,Denver Steele,0,1745,1656,42,7,1,1999-01-16,False
4207,14,False,1059,Karen Merrill,0,1733,1710,34,1062,Eleanor Traeg,0,1712,1638,41,10,1,1999-01-16,False
4208,14,False,1059,Karen Merrill,0,1733,1710,34,689,Ellis Wyer,0,1676,1657,37,14,1,1999-01-16,False
4209,14,False,1059,Karen Merrill,0,1733,1710,34,2081,Chani Katz,0,1772,1690,40,15,1,1999-01-16,False
4210,14,False,1059,Karen Merrill,0,1733,1710,34,582,Rita Provost,0,1890,1794,39,17,1,1999-01-16,False
4211,14,False,1059,Karen Merrill,0,1733,1710,34,689,Ellis Wyer,0,1676,1657,37,19,1,1999-01-16,False
4212,14,False,1062,Eleanor Traeg,0,1712,1638,41,2081,Chani Katz,0,1772,1690,40,3,1,1999-01-16,False
4213,14,False,1062,Eleanor Traeg,0,1712,1638,41,5,Dennis Kaiser,0,1842,1852,11,8,1,1999-01-16,False
4214,14,False,1062,Eleanor Traeg,0,1712,1638,41,1029,Denver Steele,0,1745,1656,42,9,1,1999-01-16,False
4215,14,False,1062,Eleanor Traeg,0,1712,1638,41,675,Ruth Hamilton,0,1783,1721,35,12,1,1999-01-16,False
4216,14,False,1063,Donna McDonough,0,1503,1429,38,4093,Michael Stevens,0,1642,1648,5,4,2,1999-01-16,False
4217,14,False,1063,Donna McDonough,0,1503,1429,38,1031,Alan Meyer,0,1493,1410,37,5,2,1999-01-16,False
4218,14,False,1063,Donna McDonough,0,1503,1429,38,1040,Maggie Morley,0,1377,1537,6,7,2,1999-01-16,False
4219,14,False,1063,Donna McDonough,0,1503,1429,38,712,Barbara Platt,0,1327,1331,40,8,2,1999-01-16,False
4220,14,False,1063,Donna McDonough,0,1503,1429,38,1388,Ossie Mair,0,1376,1351,39,9,2,1999-01-16,False
4221,14,False,1063,Donna McDonough,0,1503,1429,38,699,Jesse Wornum,0,1431,1412,30,10,2,1999-01-16,False
4222,14,False,1063,Donna McDonough,0,1503,1429,38,1603,Tim Wise,0,1224,1186,44,16,2,1999-01-16,False
4223,14,False,1066,Gigi Miller,0,1491,1548,7,1456,Shirley Ritz,0,1497,1446,32,1,2,1999-01-16,False
4224,14,False,1066,Gigi Miller,0,1491,1548,7,755,Polly Moyer,0,1559,1503,33,6,2,1999-01-16,False
4225,14,False,1066,Gigi Miller,0,1491,1548,7,17121,Dane Barnhard,0,1470,1487,20,7,2,1999-01-16,False
4226,14,False,1066,Gigi Miller,0,1491,1548,7,1031,Alan Meyer,0,1493,1410,37,8,2,1999-01-16,False
4227,14,False,1066,Gigi Miller,0,1491,1548,7,1041,Elizabeth Wood,0,1324,1307,41,9,2,1999-01-16,False
4228,14,False,1066,Gigi Miller,0,1491,1548,7,2319,Robert Smith,0,1504,1527,10,10,2,1999-01-16,False
4229,14,False,1066,Gigi Miller,0,1491,1548,7,2094,Richard Joseph,0,1403,1496,13,12,2,1999-01-16,False
4230,14,False,1066,Gigi Miller,0,1491,1548,7,904,Tim Anglin,0,1726,1665,11,14,2,1999-01-16,False
4231,14,False,1066,Gigi Miller,0,1491,1548,7,5723,Carla Strasburger,0,1449,1467,26,15,2,1999-01-16,False
4232,14,False,1066,Gigi Miller,0,1491,1548,7,524,Susan Love,0,1486,1481,31,16,2,1999-01-16,False
4233,14,False,1066,Gigi Miller,0,1491,1548,7,17121,Dane Barnhard,0,1470,1487,20,18,2,1999-01-16,False
4234,14,False,1066,Gigi Miller,0,1491,1548,7,2094,Richard Joseph,0,1403,1496,13,19,2,1999-01-16,False
4235,14,False,1070,Jim Barker,0,987,952,21,5851,Sandy Yerkes,0,715,733,17,1,4,1999-01-16,False
4236,14,False,1070,Jim Barker,0,987,952,21,5940,Sunday Butler,0,859,807,18,3,4,1999-01-16,False
4237,14,False,1070,Jim Barker,0,987,952,21,7,Bennett Jacobstein,0,1050,963,15,6,4,1999-01-16,False
4238,14,False,1070,Jim Barker,0,987,952,21,19096,Grace Harris,0,904,920,13,9,4,1999-01-16,False
4239,14,False,1070,Jim Barker,0,987,952,21,1899,Sylvia Strong,0,972,891,20,10,4,1999-01-16,False
4240,14,False,1074,Julia Bogle,0,1291,1395,19,17121,Dane Barnhard,0,1470,1487,20,1,2,1999-01-16,False
4241,14,False,1074,Julia Bogle,0,1291,1395,19,1269,Robert Whitcomb,0,1269,1263,42,4,2,1999-01-16,False
4242,14,False,1074,Julia Bogle,0,1291,1395,19,1591,Jason Sommer,0,1715,1660,15,6,2,1999-01-16,False
4243,14,False,1074,Julia Bogle,0,1291,1395,19,5967,Herbert Levine,0,1491,1498,34,8,2,1999-01-16,False
4244,14,False,1074,Julia Bogle,0,1291,1395,19,747,Joan Mocine,0,1599,1557,22,12,2,1999-01-16,False
4245,14,False,1074,Julia Bogle,0,1291,1395,19,1041,Elizabeth Wood,0,1324,1307,41,13,2,1999-01-16,False
4246,14,False,1074,Julia Bogle,0,1291,1395,19,1038,Irene Averell,0,1196,1232,43,14,2,1999-01-16,False
4247,14,False,1074,Julia Bogle,0,1291,1395,19,1063,Donna McDonough,0,1503,1429,38,15,2,1999-01-16,False
4248,14,False,1074,Julia Bogle,0,1291,1395,19,1814,Ray Smith,0,1620,1563,23,17,2,1999-01-16,False
4249,14,False,1074,Julia Bogle,0,1291,1395,19,674,Laura Scheimberg,0,1531,1503,25,18,2,1999-01-16,False
4250,14,False,1078,Wilma Pitzer,0,1062,1081,3,3022,Arlene Lane,0,1018,1000,10,1,4,1999-01-16,False
4251,14,False,1078,Wilma Pitzer,0,1062,1081,3,5851,Sandy Yerkes,0,715,733,17,2,4,1999-01-16,False
4252,14,False,1078,Wilma Pitzer,0,1062,1081,3,1070,Jim Barker,0,987,952,21,5,4,1999-01-16,False
4253,14,False,1078,Wilma Pitzer,0,1062,1081,3,5971,Brent Atterbury,0,452,438,22,6,4,1999-01-16,False
4254,14,False,1078,Wilma Pitzer,0,1062,1081,3,5940,Sunday Butler,0,859,807,18,7,4,1999-01-16,False
4255,14,False,1078,Wilma Pitzer,0,1062,1081,3,5970,Donald Cox,0,921,1038,9,9,4,1999-01-16,False
4256,14,False,1078,Wilma Pitzer,0,1062,1081,3,3023,Ruth Barr,0,1039,1066,5,10,4,1999-01-16,False
4257,14,False,1078,Wilma Pitzer,0,1062,1081,3,763,Ron Barker,0,1063,1042,8,11,4,1999-01-16,False
4258,14,False,1078,Wilma Pitzer,0,1062,1081,3,1899,Sylvia Strong,0,972,891,20,12,4,1999-01-16,False
4259,14,False,1078,Wilma Pitzer,0,1062,1081,3,19096,Grace Harris,0,904,920,13,14,4,1999-01-16,False
4260,14,False,1078,Wilma Pitzer,0,1062,1081,3,4371,Betty Isbell,0,1034,1074,1,15,4,1999-01-16,False
4261,14,False,1078,Wilma Pitzer,0,1062,1081,3,4380,Maxine Sly,0,0,833,16,16,4,1999-01-16,False
4262,14,False,1078,Wilma Pitzer,0,1062,1081,3,5969,Bill Cox,0,994,1141,2,18,4,1999-01-16,False
4263,14,False,1269,Robert Whitcomb,0,1269,1263,42,71,Noel Livermore,0,1695,1582,29,1,2,1999-01-16,False
4264,14,False,1269,Robert Whitcomb,0,1269,1263,42,1603,Tim Wise,0,1224,1186,44,7,2,1999-01-16,False
4265,14,False,1269,Robert Whitcomb,0,1269,1263,42,1388,Ossie Mair,0,1376,1351,39,8,2,1999-01-16,False
4266,14,False,1269,Robert Whitcomb,0,1269,1263,42,700,Al Demers,0,1353,1467,16,11,2,1999-01-16,False
4267,14,False,1269,Robert Whitcomb,0,1269,1263,42,699,Jesse Wornum,0,1431,1412,30,16,2,1999-01-16,False
4268,14,False,1269,Robert Whitcomb,0,1269,1263,42,1603,Tim Wise,0,1224,1186,44,19,2,1999-01-16,False
4269,14,False,1271,Judith Whitcomb,0,1014,1009,27,5968,Dave Nicolai,0,1375,1259,17,2,3,1999-01-16,False
4270,14,False,1271,Judith Whitcomb,0,1014,1009,27,701,Jacqueline Stewart,0,1144,1186,7,3,3,1999-01-16,False
4271,14,False,1271,Judith Whitcomb,0,1014,1009,27,1049,Gregg Wood,0,1027,1074,16,5,3,1999-01-16,False
4272,14,False,1271,Judith Whitcomb,0,1014,1009,27,1046,B A Toole,0,945,954,26,10,3,1999-01-16,False
4273,14,False,1271,Judith Whitcomb,0,1014,1009,27,865,Justine Zollinger,0,1205,1143,23,11,3,1999-01-16,False
4274,14,False,1271,Judith Whitcomb,0,1014,1009,27,4372,Letty Dolphin,0,654,645,28,14,3,1999-01-16,False
4275,14,False,1388,Ossie Mair,0,1376,1351,39,2094,Richard Joseph,0,1403,1496,13,5,2,1999-01-16,False
4276,14,False,1388,Ossie Mair,0,1376,1351,39,1031,Alan Meyer,0,1493,1410,37,11,2,1999-01-16,False
4277,14,False,1388,Ossie Mair,0,1376,1351,39,1603,Tim Wise,0,1224,1186,44,12,2,1999-01-16,False
4278,14,False,1388,Ossie Mair,0,1376,1351,39,4363,Gordon Alper,0,1455,1444,28,14,2,1999-01-16,False
4279,14,False,1388,Ossie Mair,0,1376,1351,39,1041,Elizabeth Wood,0,1324,1307,41,15,2,1999-01-16,False
4280,14,False,1388,Ossie Mair,0,1376,1351,39,1038,Irene Averell,0,1196,1232,43,17,2,1999-01-16,False
4281,14,False,1388,Ossie Mair,0,1376,1351,39,1038,Irene Averell,0,1196,1232,43,19,2,1999-01-16,False
4282,14,False,1446,Lou J B Miller,0,1840,1827,24,689,Ellis Wyer,0,1676,1657,37,5,1,1999-01-16,False
4283,14,False,1446,Lou J B Miller,0,1840,1827,24,1062,Eleanor Traeg,0,1712,1638,41,6,1,1999-01-16,False
4284,14,False,1446,Lou J B Miller,0,1840,1827,24,85,Tom Kelly,0,1671,1653,38,8,1,1999-01-16,False
4285,14,False,1446,Lou J B Miller,0,1840,1827,24,2072,Rita Dady,0,1634,1683,32,11,1,1999-01-16,False
4286,14,False,1446,Lou J B Miller,0,1840,1827,24,2083,Jim Miller,0,1749,1759,27,12,1,1999-01-16,False
4287,14,False,1446,Lou J B Miller,0,1840,1827,24,2792,Don Malcolm,0,1637,1686,23,13,1,1999-01-16,False
4288,14,False,1446,Lou J B Miller,0,1840,1827,24,666,Chris Lennon,0,1990,1915,26,14,1,1999-01-16,False
4289,14,False,1446,Lou J B Miller,0,1840,1827,24,1587,Roy Kamen,0,1779,1800,20,16,1,1999-01-16,False
4290,14,False,1446,Lou J B Miller,0,1840,1827,24,238,Stuart Goldman,0,1797,1806,28,18,1,1999-01-16,False
4291,14,False,1447,Jeff Potts,0,1703,1723,1,16422,T C Houlgate-West,0,1403,1482,14,2,2,1999-01-16,False
4292,14,False,1447,Jeff Potts,0,1703,1723,1,1066,Gigi Miller,0,1491,1548,7,3,2,1999-01-16,False
4293,14,False,1447,Jeff Potts,0,1703,1723,1,1456,Shirley Ritz,0,1497,1446,32,4,2,1999-01-16,False
4294,14,False,1447,Jeff Potts,0,1703,1723,1,3668,Julie Wright,0,1583,1562,17,7,2,1999-01-16,False
4295,14,False,1447,Jeff Potts,0,1703,1723,1,3600,Marian Koonce,0,1429,1472,27,8,2,1999-01-16,False
4296,14,False,1447,Jeff Potts,0,1703,1723,1,3987,Noah Kanter,0,1528,1560,12,9,2,1999-01-16,False
4297,14,False,1447,Jeff Potts,0,1703,1723,1,3532,Brian Wagner,0,1546,1483,36,10,2,1999-01-16,False
4298,14,False,1447,Jeff Potts,0,1703,1723,1,1591,Jason Sommer,0,1715,1660,15,11,2,1999-01-16,False
4299,14,False,1447,Jeff Potts,0,1703,1723,1,737,Carlynn Mayer,0,1626,1631,4,13,2,1999-01-16,False
4300,14,False,1447,Jeff Potts,0,1703,1723,1,2179,Eileen Gruhn,0,1528,1579,8,14,2,1999-01-16,False
4301,14,False,1447,Jeff Potts,0,1703,1723,1,1040,Maggie Morley,0,1377,1537,6,15,2,1999-01-16,False
4302,14,False,1447,Jeff Potts,0,1703,1723,1,2179,Eileen Gruhn,0,1528,1579,8,17,2,1999-01-16,False
4303,14,False,1447,Jeff Potts,0,1703,1723,1,1028,Carlene Wallis,0,1595,1653,2,18,2,1999-01-16,False
4304,14,False,1447,Jeff Potts,0,1703,1723,1,3429,Craig Atterbury,0,1638,1672,3,19,2,1999-01-16,False
4305,14,False,1456,Shirley Ritz,0,1497,1446,32,16422,T C Houlgate-West,0,1403,1482,14,3,2,1999-01-16,False
4306,14,False,1456,Shirley Ritz,0,1497,1446,32,4366,Judith Shipman,0,1280,1326,35,5,2,1999-01-16,False
4307,14,False,1456,Shirley Ritz,0,1497,1446,32,2179,Eileen Gruhn,0,1528,1579,8,6,2,1999-01-16,False
4308,14,False,1456,Shirley Ritz,0,1497,1446,32,1074,Julia Bogle,0,1291,1395,19,7,2,1999-01-16,False
4309,14,False,1456,Shirley Ritz,0,1497,1446,32,1603,Tim Wise,0,1224,1186,44,14,2,1999-01-16,False
4310,14,False,1456,Shirley Ritz,0,1497,1446,32,1038,Irene Averell,0,1196,1232,43,15,2,1999-01-16,False
4311,14,False,1456,Shirley Ritz,0,1497,1446,32,1388,Ossie Mair,0,1376,1351,39,16,2,1999-01-16,False
4312,14,False,1456,Shirley Ritz,0,1497,1446,32,4363,Gordon Alper,0,1455,1444,28,17,2,1999-01-16,False
4313,14,False,1460,Jim W Fischer,0,1622,1601,18,5723,Carla Strasburger,0,1449,1467,26,3,2,1999-01-16,False
4314,14,False,1460,Jim W Fischer,0,1622,1601,18,1031,Alan Meyer,0,1493,1410,37,4,2,1999-01-16,False
4315,14,False,1460,Jim W Fischer,0,1622,1601,18,1447,Jeff Potts,0,1703,1723,1,6,2,1999-01-16,False
4316,14,False,1460,Jim W Fischer,0,1622,1601,18,1591,Jason Sommer,0,1715,1660,15,7,2,1999-01-16,False
4317,14,False,1460,Jim W Fischer,0,1622,1601,18,3429,Craig Atterbury,0,1638,1672,3,9,2,1999-01-16,False
4318,14,False,1460,Jim W Fischer,0,1622,1601,18,4363,Gordon Alper,0,1455,1444,28,10,2,1999-01-16,False
4319,14,False,1460,Jim W Fischer,0,1622,1601,18,3600,Marian Koonce,0,1429,1472,27,11,2,1999-01-16,False
4320,14,False,1460,Jim W Fischer,0,1622,1601,18,16422,T C Houlgate-West,0,1403,1482,14,14,2,1999-01-16,False
4321,14,False,1460,Jim W Fischer,0,1622,1601,18,2346,Mitch Bayersdorfer,0,1554,1520,21,16,2,1999-01-16,False
4322,14,False,1460,Jim W Fischer,0,1622,1601,18,1591,Jason Sommer,0,1715,1660,15,18,2,1999-01-16,False
4323,14,False,22050,Jane Fischer,0,1222,1156,21,709,Mary C Parrish,0,935,1106,6,3,3,1999-01-16,False
4324,14,False,22050,Jane Fischer,0,1222,1156,21,5968,Dave Nicolai,0,1375,1259,17,7,3,1999-01-16,False
4325,14,False,22050,Jane Fischer,0,1222,1156,21,4372,Letty Dolphin,0,654,645,28,8,3,1999-01-16,False
4326,14,False,22050,Jane Fischer,0,1222,1156,21,1049,Gregg Wood,0,1027,1074,16,10,3,1999-01-16,False
4327,14,False,22050,Jane Fischer,0,1222,1156,21,4376,Kimo Ahyun,0,1101,1089,15,12,3,1999-01-16,False
4328,14,False,22050,Jane Fischer,0,1222,1156,21,534,Alan Love,0,1171,1138,19,14,3,1999-01-16,False
4329,14,False,22050,Jane Fischer,0,1222,1156,21,1271,Judith Whitcomb,0,1014,1009,27,16,3,1999-01-16,False
4330,14,False,22050,Jane Fischer,0,1222,1156,21,28,Cynthia Ho,0,1102,1073,25,19,3,1999-01-16,False
4331,14,False,1587,Roy Kamen,0,1779,1800,20,2081,Chani Katz,0,1772,1690,40,1,1,1999-01-16,False
4332,14,False,1587,Roy Kamen,0,1779,1800,20,676,Siri Tillekeratne,0,1675,1699,30,2,1,1999-01-16,False
4333,14,True,1587,Roy Kamen,0,1779,1800,20,3017,Lewis Martinez,0,1880,1846,29,4,1,1999-01-16,False
4334,14,False,1587,Roy Kamen,0,1779,1800,20,1062,Eleanor Traeg,0,1712,1638,41,5,1,1999-01-16,False
4335,14,False,1587,Roy Kamen,0,1779,1800,20,44,Paul Avrin,0,1769,1735,36,7,1,1999-01-16,False
4336,14,False,1587,Roy Kamen,0,1779,1800,20,2173,Ann Ferguson,0,1728,1713,33,9,1,1999-01-16,False
4337,14,False,1587,Roy Kamen,0,1779,1800,20,666,Chris Lennon,0,1990,1915,26,10,1,1999-01-16,False
4338,14,False,1587,Roy Kamen,0,1779,1800,20,667,Michael Baker,0,1812,1824,19,13,1,1999-01-16,False
4339,14,False,1587,Roy Kamen,0,1779,1800,20,2173,Ann Ferguson,0,1728,1713,33,17,1,1999-01-16,False
4340,14,False,1587,Roy Kamen,0,1779,1800,20,3017,Lewis Martinez,0,1880,1846,29,19,1,1999-01-16,False
4341,14,False,1591,Jason Sommer,0,1715,1660,15,1038,Irene Averell,0,1196,1232,43,1,2,1999-01-16,False
4342,14,False,1591,Jason Sommer,0,1715,1660,15,699,Jesse Wornum,0,1431,1412,30,2,2,1999-01-16,False
4343,14,False,1591,Jason Sommer,0,1715,1660,15,2179,Eileen Gruhn,0,1528,1579,8,3,2,1999-01-16,False
4344,14,True,1591,Jason Sommer,0,1715,1660,15,3532,Brian Wagner,0,1546,1483,36,4,2,1999-01-16,False
4345,14,False,1591,Jason Sommer,0,1715,1660,15,3429,Craig Atterbury,0,1638,1672,3,8,2,1999-01-16,False
4346,14,False,1591,Jason Sommer,0,1715,1660,15,5723,Carla Strasburger,0,1449,1467,26,9,2,1999-01-16,False
4347,14,False,1591,Jason Sommer,0,1715,1660,15,1066,Gigi Miller,0,1491,1548,7,13,2,1999-01-16,False
4348,14,False,1591,Jason Sommer,0,1715,1660,15,755,Polly Moyer,0,1559,1503,33,14,2,1999-01-16,False
4349,14,False,1591,Jason Sommer,0,1715,1660,15,5967,Herbert Levine,0,1491,1498,34,16,2,1999-01-16,False
4350,14,False,1591,Jason Sommer,0,1715,1660,15,71,Noel Livermore,0,1695,1582,29,17,2,1999-01-16,False
4351,14,False,1591,Jason Sommer,0,1715,1660,15,747,Joan Mocine,0,1599,1557,22,19,2,1999-01-16,False
4352,14,False,1602,Rosemary Ryan,0,1090,1119,12,1819,Joanne Smith,0,1135,1150,11,2,3,1999-01-16,False
4353,14,False,1602,Rosemary Ryan,0,1090,1119,12,4374,Eve M Wengler,0,892,955,24,3,3,1999-01-16,False
4354,14,False,1602,Rosemary Ryan,0,1090,1119,12,4367,George McCready,0,1238,1190,13,6,3,1999-01-16,False
4355,14,False,1602,Rosemary Ryan,0,1090,1119,12,2458,Bob Blyler,0,1217,1152,22,7,3,1999-01-16,False
4356,14,False,1602,Rosemary Ryan,0,1090,1119,12,28,Cynthia Ho,0,1102,1073,25,9,3,1999-01-16,False
4357,14,False,1602,Rosemary Ryan,0,1090,1119,12,865,Justine Zollinger,0,1205,1143,23,12,3,1999-01-16,False
4358,14,True,1602,Rosemary Ryan,0,1090,1119,12,1271,Judith Whitcomb,0,1014,1009,27,13,3,1999-01-16,False
4359,14,False,1602,Rosemary Ryan,0,1090,1119,12,2504,Kitty Yamauchi,0,969,1013,20,16,3,1999-01-16,False
4360,14,False,1602,Rosemary Ryan,0,1090,1119,12,4374,Eve M Wengler,0,892,955,24,17,3,1999-01-16,False
4361,14,False,1602,Rosemary Ryan,0,1090,1119,12,534,Alan Love,0,1171,1138,19,19,3,1999-01-16,False
4362,14,False,1603,Tim Wise,0,1224,1186,44,5967,Herbert Levine,0,1491,1498,34,2,2,1999-01-16,False
4363,14,False,1603,Tim Wise,0,1224,1186,44,1041,Elizabeth Wood,0,1324,1307,41,4,2,1999-01-16,False
4364,14,False,1603,Tim Wise,0,1224,1186,44,700,Al Demers,0,1353,1467,16,9,2,1999-01-16,False
4365,14,False,1814,Ray Smith,0,1620,1563,23,700,Al Demers,0,1353,1467,16,1,2,1999-01-16,False
4366,14,False,1814,Ray Smith,0,1620,1563,23,747,Joan Mocine,0,1599,1557,22,3,2,1999-01-16,False
4367,14,False,1814,Ray Smith,0,1620,1563,23,1031,Alan Meyer,0,1493,1410,37,7,2,1999-01-16,False
4368,14,False,1814,Ray Smith,0,1620,1563,23,674,Laura Scheimberg,0,1531,1503,25,8,2,1999-01-16,False
4369,14,False,1814,Ray Smith,0,1620,1563,23,4363,Gordon Alper,0,1455,1444,28,9,2,1999-01-16,False
4370,14,False,1814,Ray Smith,0,1620,1563,23,904,Tim Anglin,0,1726,1665,11,10,2,1999-01-16,False
4371,14,False,1814,Ray Smith,0,1620,1563,23,1066,Gigi Miller,0,1491,1548,7,11,2,1999-01-16,False
4372,14,False,1814,Ray Smith,0,1620,1563,23,71,Noel Livermore,0,1695,1582,29,14,2,1999-01-16,False
4373,14,False,1814,Ray Smith,0,1620,1563,23,1456,Shirley Ritz,0,1497,1446,32,18,2,1999-01-16,False
4374,14,False,1851,Sal Dijamco,0,1809,1847,13,2,Jerry Lerman,0,1842,1858,15,1,1,1999-01-16,False
4375,14,False,1851,Sal Dijamco,0,1809,1847,13,675,Ruth Hamilton,0,1783,1721,35,2,1,1999-01-16,False
4376,14,False,1851,Sal Dijamco,0,1809,1847,13,582,Rita Provost,0,1890,1794,39,4,1,1999-01-16,False
4377,14,False,1851,Sal Dijamco,0,1809,1847,13,676,Siri Tillekeratne,0,1675,1699,30,6,1,1999-01-16,False
4378,14,False,1851,Sal Dijamco,0,1809,1847,13,1587,Roy Kamen,0,1779,1800,20,8,1,1999-01-16,False
4379,14,False,1851,Sal Dijamco,0,1809,1847,13,733,Steve Pellinen,0,1863,1836,25,9,1,1999-01-16,False
4380,14,False,1851,Sal Dijamco,0,1809,1847,13,1056,Gail Wolford,0,1917,1905,14,10,1,1999-01-16,False
4381,14,False,1851,Sal Dijamco,0,1809,1847,13,344,Ira Cohen,0,1910,1891,16,14,1,1999-01-16,False
4382,14,False,1851,Sal Dijamco,0,1809,1847,13,667,Michael Baker,0,1812,1824,19,15,1,1999-01-16,False
4383,14,False,1851,Sal Dijamco,0,1809,1847,13,669,Carol Kaplan,0,1903,1865,22,17,1,1999-01-16,False
4384,14,False,1851,Sal Dijamco,0,1809,1847,13,2864,Steve Krieger,0,1807,1804,21,19,1,1999-01-16,False
4385,14,False,1899,Sylvia Strong,0,972,891,20,2739,Charlotte Bremond,0,711,724,19,3,4,1999-01-16,False
4386,14,False,1899,Sylvia Strong,0,972,891,20,763,Ron Barker,0,1063,1042,8,4,4,1999-01-16,False
4387,14,False,1899,Sylvia Strong,0,972,891,20,4380,Maxine Sly,0,0,833,16,5,4,1999-01-16,False
4388,14,False,1899,Sylvia Strong,0,972,891,20,5940,Sunday Butler,0,859,807,18,6,4,1999-01-16,False
4389,14,False,1899,Sylvia Strong,0,972,891,20,4380,Maxine Sly,0,0,833,16,18,4,1999-01-16,False
4390,14,False,2072,Rita Dady,0,1634,1683,32,733,Steve Pellinen,0,1863,1836,25,5,1,1999-01-16,False
4391,14,False,2072,Rita Dady,0,1634,1683,32,85,Tom Kelly,0,1671,1653,38,9,1,1999-01-16,False
4392,14,False,2072,Rita Dady,0,1634,1683,32,2083,Jim Miller,0,1749,1759,27,14,1,1999-01-16,False
4393,14,False,2072,Rita Dady,0,1634,1683,32,1029,Denver Steele,0,1745,1656,42,15,1,1999-01-16,False
4394,14,False,2072,Rita Dady,0,1634,1683,32,1062,Eleanor Traeg,0,1712,1638,41,16,1,1999-01-16,False
4395,14,False,2072,Rita Dady,0,1634,1683,32,85,Tom Kelly,0,1671,1653,38,17,1,1999-01-16,False
4396,14,False,2072,Rita Dady,0,1634,1683,32,44,Paul Avrin,0,1769,1735,36,18,1,1999-01-16,False
4397,14,False,2072,Rita Dady,0,1634,1683,32,675,Ruth Hamilton,0,1783,1721,35,19,1,1999-01-16,False
4398,14,False,2081,Chani Katz,0,1772,1690,40,689,Ellis Wyer,0,1676,1657,37,8,1,1999-01-16,False
4399,14,False,2081,Chani Katz,0,1772,1690,40,1446,Lou J B Miller,0,1840,1827,24,9,1,1999-01-16,False
4400,14,False,2081,Chani Katz,0,1772,1690,40,2072,Rita Dady,0,1634,1683,32,12,1,1999-01-16,False
4401,14,False,2081,Chani Katz,0,1772,1690,40,1029,Denver Steele,0,1745,1656,42,14,1,1999-01-16,False
4402,14,False,2081,Chani Katz,0,1772,1690,40,1062,Eleanor Traeg,0,1712,1638,41,19,1,1999-01-16,False
4403,14,False,2083,Jim Miller,0,1749,1759,27,675,Ruth Hamilton,0,1783,1721,35,4,1,1999-01-16,False
4404,14,False,2083,Jim Miller,0,1749,1759,27,1851,Sal Dijamco,0,1809,1847,13,5,1,1999-01-16,False
4405,14,False,2083,Jim Miller,0,1749,1759,27,2864,Steve Krieger,0,1807,1804,21,6,1,1999-01-16,False
4406,14,False,2083,Jim Miller,0,1749,1759,27,676,Siri Tillekeratne,0,1675,1699,30,7,1,1999-01-16,False
4407,14,False,2083,Jim Miller,0,1749,1759,27,733,Steve Pellinen,0,1863,1836,25,13,1,1999-01-16,False
4408,14,False,2083,Jim Miller,0,1749,1759,27,1062,Eleanor Traeg,0,1712,1638,41,15,1,1999-01-16,False
4409,14,False,2083,Jim Miller,0,1749,1759,27,1059,Karen Merrill,0,1733,1710,34,16,1,1999-01-16,False
4410,14,False,2083,Jim Miller,0,1749,1759,27,1059,Karen Merrill,0,1733,1710,34,18,1,1999-01-16,False
4411,14,False,2083,Jim Miller,0,1749,1759,27,2173,Ann Ferguson,0,1728,1713,33,19,1,1999-01-16,False
4412,14,False,2091,Steven Alexander,0,1871,1867,18,85,Tom Kelly,0,1671,1653,38,1,1,1999-01-16,False
4413,14,False,2091,Steven Alexander,0,1871,1867,18,2792,Don Malcolm,0,1637,1686,23,3,1,1999-01-16,False
4414,14,False,2091,Steven Alexander,0,1871,1867,18,727,Lester Schonbrun,0,1937,1941,6,5,1,1999-01-16,False
4415,14,False,2091,Steven Alexander,0,1871,1867,18,669,Carol Kaplan,0,1903,1865,22,6,1,1999-01-16,False
4416,14,False,2091,Steven Alexander,0,1871,1867,18,507,James Frankki,0,1699,1786,17,10,1,1999-01-16,False
4417,14,False,2091,Steven Alexander,0,1871,1867,18,44,Paul Avrin,0,1769,1735,36,11,1,1999-01-16,False
4418,14,False,2091,Steven Alexander,0,1871,1867,18,666,Chris Lennon,0,1990,1915,26,12,1,1999-01-16,False
4419,14,False,2091,Steven Alexander,0,1871,1867,18,3017,Lewis Martinez,0,1880,1846,29,15,1,1999-01-16,False
4420,14,False,2091,Steven Alexander,0,1871,1867,18,3039,Norma Fisher,0,1736,1744,31,18,1,1999-01-16,False
4421,14,False,2091,Steven Alexander,0,1871,1867,18,733,Steve Pellinen,0,1863,1836,25,19,1,1999-01-16,False
4422,14,False,2094,Richard Joseph,0,1403,1496,13,5723,Carla Strasburger,0,1449,1467,26,2,2,1999-01-16,False
4423,14,False,2094,Richard Joseph,0,1403,1496,13,3429,Craig Atterbury,0,1638,1672,3,3,2,1999-01-16,False
4424,14,False,2094,Richard Joseph,0,1403,1496,13,2346,Mitch Bayersdorfer,0,1554,1520,21,4,2,1999-01-16,False
4425,14,False,2094,Richard Joseph,0,1403,1496,13,3600,Marian Koonce,0,1429,1472,27,7,2,1999-01-16,False
4426,14,False,2094,Richard Joseph,0,1403,1496,13,71,Noel Livermore,0,1695,1582,29,9,2,1999-01-16,False
4427,14,False,2094,Richard Joseph,0,1403,1496,13,1456,Shirley Ritz,0,1497,1446,32,10,2,1999-01-16,False
4428,14,False,2094,Richard Joseph,0,1403,1496,13,524,Susan Love,0,1486,1481,31,13,2,1999-01-16,False
4429,14,False,2094,Richard Joseph,0,1403,1496,13,674,Laura Scheimberg,0,1531,1503,25,14,2,1999-01-16,False
4430,14,False,2094,Richard Joseph,0,1403,1496,13,1460,Jim W Fischer,0,1622,1601,18,15,2,1999-01-16,False
4431,14,False,2094,Richard Joseph,0,1403,1496,13,1814,Ray Smith,0,1620,1563,23,16,2,1999-01-16,False
4432,14,False,2094,Richard Joseph,0,1403,1496,13,2319,Robert Smith,0,1504,1527,10,18,2,1999-01-16,False
4433,14,False,2173,Ann Ferguson,0,1728,1713,33,2864,Steve Krieger,0,1807,1804,21,1,1,1999-01-16,False
4434,14,False,2173,Ann Ferguson,0,1728,1713,33,260,Cynthia Pughsley,0,1764,1859,12,5,1,1999-01-16,False
4435,14,False,2173,Ann Ferguson,0,1728,1713,33,5,Dennis Kaiser,0,1842,1852,11,6,1,1999-01-16,False
4436,14,False,2173,Ann Ferguson,0,1728,1713,33,2072,Rita Dady,0,1634,1683,32,7,1,1999-01-16,False
4437,14,False,2173,Ann Ferguson,0,1728,1713,33,2083,Jim Miller,0,1749,1759,27,11,1,1999-01-16,False
4438,14,False,2173,Ann Ferguson,0,1728,1713,33,676,Siri Tillekeratne,0,1675,1699,30,12,1,1999-01-16,False
4439,14,False,2173,Ann Ferguson,0,1728,1713,33,1446,Lou J B Miller,0,1840,1827,24,15,1,1999-01-16,False
4440,14,False,2179,Eileen Gruhn,0,1528,1579,8,3600,Marian Koonce,0,1429,1472,27,2,2,1999-01-16,False
4441,14,False,2179,Eileen Gruhn,0,1528,1579,8,3668,Julie Wright,0,1583,1562,17,4,2,1999-01-16,False
4442,14,False,2179,Eileen Gruhn,0,1528,1579,8,699,Jesse Wornum,0,1431,1412,30,5,2,1999-01-16,False
4443,14,False,2179,Eileen Gruhn,0,1528,1579,8,674,Laura Scheimberg,0,1531,1503,25,7,2,1999-01-16,False
4444,14,False,2179,Eileen Gruhn,0,1528,1579,8,2094,Richard Joseph,0,1403,1496,13,8,2,1999-01-16,False
4445,14,False,2179,Eileen Gruhn,0,1528,1579,8,1074,Julia Bogle,0,1291,1395,19,9,2,1999-01-16,False
4446,14,False,2179,Eileen Gruhn,0,1528,1579,8,71,Noel Livermore,0,1695,1582,29,10,2,1999-01-16,False
4447,14,False,2179,Eileen Gruhn,0,1528,1579,8,16422,T C Houlgate-West,0,1403,1482,14,11,2,1999-01-16,False
4448,14,False,2179,Eileen Gruhn,0,1528,1579,8,3987,Noah Kanter,0,1528,1560,12,12,2,1999-01-16,False
4449,14,False,2179,Eileen Gruhn,0,1528,1579,8,4093,Michael Stevens,0,1642,1648,5,15,2,1999-01-16,False
4450,14,False,2179,Eileen Gruhn,0,1528,1579,8,17121,Dane Barnhard,0,1470,1487,20,16,2,1999-01-16,False
4451,14,False,2179,Eileen Gruhn,0,1528,1579,8,3668,Julie Wright,0,1583,1562,17,19,2,1999-01-16,False
4452,14,False,2319,Robert Smith,0,1504,1527,10,1388,Ossie Mair,0,1376,1351,39,3,2,1999-01-16,False
4453,14,False,2319,Robert Smith,0,1504,1527,10,700,Al Demers,0,1353,1467,16,5,2,1999-01-16,False
4454,14,False,2319,Robert Smith,0,1504,1527,10,737,Carlynn Mayer,0,1626,1631,4,7,2,1999-01-16,False
4455,14,False,2319,Robert Smith,0,1504,1527,10,755,Polly Moyer,0,1559,1503,33,8,2,1999-01-16,False
4456,14,False,2319,Robert Smith,0,1504,1527,10,4363,Gordon Alper,0,1455,1444,28,11,2,1999-01-16,False
4457,14,False,2319,Robert Smith,0,1504,1527,10,367,Susie Page,0,1395,1431,24,12,2,1999-01-16,False
4458,14,False,2319,Robert Smith,0,1504,1527,10,712,Barbara Platt,0,1327,1331,40,13,2,1999-01-16,False
4459,14,False,2319,Robert Smith,0,1504,1527,10,3668,Julie Wright,0,1583,1562,17,14,2,1999-01-16,False
4460,14,False,2319,Robert Smith,0,1504,1527,10,16422,T C Houlgate-West,0,1403,1482,14,15,2,1999-01-16,False
4461,14,False,2319,Robert Smith,0,1504,1527,10,71,Noel Livermore,0,1695,1582,29,16,2,1999-01-16,False
4462,14,False,2319,Robert Smith,0,1504,1527,10,1074,Julia Bogle,0,1291,1395,19,19,2,1999-01-16,False
4463,14,True,2320,Pat Burnham,0,1319,1352,2,12,Pat Diener,0,1269,1229,8,1,3,1999-01-16,False
4464,14,False,2320,Pat Burnham,0,1319,1352,2,4374,Eve M Wengler,0,892,955,24,2,3,1999-01-16,False
4465,14,False,2320,Pat Burnham,0,1319,1352,2,4376,Kimo Ahyun,0,1101,1089,15,3,3,1999-01-16,False
4466,14,False,2320,Pat Burnham,0,1319,1352,2,1602,Rosemary Ryan,0,1090,1119,12,4,3,1999-01-16,False
4467,14,False,2320,Pat Burnham,0,1319,1352,2,1819,Joanne Smith,0,1135,1150,11,5,3,1999-01-16,False
4468,14,False,2320,Pat Burnham,0,1319,1352,2,28,Cynthia Ho,0,1102,1073,25,6,3,1999-01-16,False
4469,14,False,2320,Pat Burnham,0,1319,1352,2,3506,Allan Simon,0,1360,1287,9,7,3,1999-01-16,False
4470,14,False,2320,Pat Burnham,0,1319,1352,2,2639,Marshall Finn,0,1256,1217,14,8,3,1999-01-16,False
4471,14,False,2320,Pat Burnham,0,1319,1352,2,865,Justine Zollinger,0,1205,1143,23,9,3,1999-01-16,False
4472,14,False,2320,Pat Burnham,0,1319,1352,2,4367,George McCready,0,1238,1190,13,10,3,1999-01-16,False
4473,14,False,2320,Pat Burnham,0,1319,1352,2,2886,David Filippi,0,1235,1319,1,12,3,1999-01-16,False
4474,14,False,2320,Pat Burnham,0,1319,1352,2,562,Vince Castellano,0,1124,1158,10,13,3,1999-01-16,False
4475,14,False,2320,Pat Burnham,0,1319,1352,2,703,Helen Pipi,0,896,1242,4,14,3,1999-01-16,False
4476,14,False,2320,Pat Burnham,0,1319,1352,2,4515,William Lincoln III Palmer,0,1286,1322,3,17,3,1999-01-16,False
4477,14,False,2320,Pat Burnham,0,1319,1352,2,4515,William Lincoln III Palmer,0,1286,1322,3,18,3,1999-01-16,False
4478,14,False,2346,Mitch Bayersdorfer,0,1554,1520,21,1388,Ossie Mair,0,1376,1351,39,1,2,1999-01-16,False
4479,14,False,2346,Mitch Bayersdorfer,0,1554,1520,21,2319,Robert Smith,0,1504,1527,10,2,2,1999-01-16,False
4480,14,False,2346,Mitch Bayersdorfer,0,1554,1520,21,1063,Donna McDonough,0,1503,1429,38,6,2,1999-01-16,False
4481,14,False,2346,Mitch Bayersdorfer,0,1554,1520,21,700,Al Demers,0,1353,1467,16,7,2,1999-01-16,False
4482,14,False,2346,Mitch Bayersdorfer,0,1554,1520,21,3532,Brian Wagner,0,1546,1483,36,9,2,1999-01-16,False
4483,14,False,2346,Mitch Bayersdorfer,0,1554,1520,21,3600,Marian Koonce,0,1429,1472,27,12,2,1999-01-16,False
4484,14,False,2346,Mitch Bayersdorfer,0,1554,1520,21,674,Laura Scheimberg,0,1531,1503,25,13,2,1999-01-16,False
4485,14,False,2346,Mitch Bayersdorfer,0,1554,1520,21,712,Barbara Platt,0,1327,1331,40,14,2,1999-01-16,False
4486,14,False,2346,Mitch Bayersdorfer,0,1554,1520,21,1814,Ray Smith,0,1620,1563,23,15,2,1999-01-16,False
4487,14,False,2458,Bob Blyler,0,1217,1152,22,1046,B A Toole,0,945,954,26,1,3,1999-01-16,False
4488,14,False,2458,Bob Blyler,0,1217,1152,22,534,Alan Love,0,1171,1138,19,2,3,1999-01-16,False
4489,14,False,2458,Bob Blyler,0,1217,1152,22,4372,Letty Dolphin,0,654,645,28,3,3,1999-01-16,False
4490,14,False,2458,Bob Blyler,0,1217,1152,22,4367,George McCready,0,1238,1190,13,9,3,1999-01-16,False
4491,14,False,2458,Bob Blyler,0,1217,1152,22,709,Mary C Parrish,0,935,1106,6,12,3,1999-01-16,False
4492,14,False,2458,Bob Blyler,0,1217,1152,22,22050,Jane Fischer,0,1222,1156,21,13,3,1999-01-16,False
4493,14,False,2458,Bob Blyler,0,1217,1152,22,1271,Judith Whitcomb,0,1014,1009,27,15,3,1999-01-16,False
4494,14,False,2458,Bob Blyler,0,1217,1152,22,5968,Dave Nicolai,0,1375,1259,17,17,3,1999-01-16,False
4495,14,False,2504,Kitty Yamauchi,0,969,1013,20,5968,Dave Nicolai,0,1375,1259,17,1,3,1999-01-16,False
4496,14,False,2504,Kitty Yamauchi,0,969,1013,20,1271,Judith Whitcomb,0,1014,1009,27,4,3,1999-01-16,False
4497,14,False,2504,Kitty Yamauchi,0,969,1013,20,701,Jacqueline Stewart,0,1144,1186,7,5,3,1999-01-16,False
4498,14,False,2504,Kitty Yamauchi,0,969,1013,20,12,Pat Diener,0,1269,1229,8,9,3,1999-01-16,False
4499,14,False,2504,Kitty Yamauchi,0,969,1013,20,2639,Marshall Finn,0,1256,1217,14,11,3,1999-01-16,False
4500,14,False,2504,Kitty Yamauchi,0,969,1013,20,4372,Letty Dolphin,0,654,645,28,12,3,1999-01-16,False
4501,14,False,2504,Kitty Yamauchi,0,969,1013,20,1819,Joanne Smith,0,1135,1150,11,14,3,1999-01-16,False
4502,14,True,2504,Kitty Yamauchi,0,969,1013,20,4374,Eve M Wengler,0,892,955,24,15,3,1999-01-16,False
4503,14,False,2504,Kitty Yamauchi,0,969,1013,20,22050,Jane Fischer,0,1222,1156,21,18,3,1999-01-16,False
4504,14,False,2639,Marshall Finn,0,1256,1217,14,1271,Judith Whitcomb,0,1014,1009,27,1,3,1999-01-16,False
4505,14,False,2639,Marshall Finn,0,1256,1217,14,701,Jacqueline Stewart,0,1144,1186,7,2,3,1999-01-16,False
4506,14,False,2639,Marshall Finn,0,1256,1217,14,5968,Dave Nicolai,0,1375,1259,17,5,3,1999-01-16,False
4507,14,False,2639,Marshall Finn,0,1256,1217,14,4374,Eve M Wengler,0,892,955,24,7,3,1999-01-16,False
4508,14,False,2639,Marshall Finn,0,1256,1217,14,1046,B A Toole,0,945,954,26,9,3,1999-01-16,False
4509,14,False,2639,Marshall Finn,0,1256,1217,14,12,Pat Diener,0,1269,1229,8,13,3,1999-01-16,False
4510,14,False,2639,Marshall Finn,0,1256,1217,14,3506,Allan Simon,0,1360,1287,9,14,3,1999-01-16,False
4511,14,False,2639,Marshall Finn,0,1256,1217,14,22050,Jane Fischer,0,1222,1156,21,17,3,1999-01-16,False
4512,14,False,2639,Marshall Finn,0,1256,1217,14,1049,Gregg Wood,0,1027,1074,16,18,3,1999-01-16,False
4513,14,False,2739,Charlotte Bremond,0,711,724,19,5969,Bill Cox,0,994,1141,2,1,4,1999-01-16,False
4514,14,False,2739,Charlotte Bremond,0,711,724,19,4380,Maxine Sly,0,0,833,16,4,4,1999-01-16,False
4515,14,False,2739,Charlotte Bremond,0,711,724,19,5971,Brent Atterbury,0,452,438,22,9,4,1999-01-16,False
4516,14,False,2739,Charlotte Bremond,0,711,724,19,3022,Arlene Lane,0,1018,1000,10,10,4,1999-01-16,False
4517,14,False,2739,Charlotte Bremond,0,711,724,19,4095,Mengus Reeves,0,955,947,11,11,4,1999-01-16,False
4518,14,False,2739,Charlotte Bremond,0,711,724,19,5851,Sandy Yerkes,0,715,733,17,18,4,1999-01-16,False
4519,14,False,2792,Don Malcolm,0,1637,1686,23,85,Tom Kelly,0,1671,1653,38,4,1,1999-01-16,False
4520,14,False,2792,Don Malcolm,0,1637,1686,23,586,Robert Linn,0,1805,1845,10,5,1,1999-01-16,False
4521,14,False,2792,Don Malcolm,0,1637,1686,23,1059,Karen Merrill,0,1733,1710,34,6,1,1999-01-16,False
4522,14,False,2792,Don Malcolm,0,1637,1686,23,2083,Jim Miller,0,1749,1759,27,9,1,1999-01-16,False
4523,14,False,2792,Don Malcolm,0,1637,1686,23,2072,Rita Dady,0,1634,1683,32,10,1,1999-01-16,False
4524,14,False,2792,Don Malcolm,0,1637,1686,23,582,Rita Provost,0,1890,1794,39,15,1,1999-01-16,False
4525,14,False,2792,Don Malcolm,0,1637,1686,23,2081,Chani Katz,0,1772,1690,40,16,1,1999-01-16,False
4526,14,False,2792,Don Malcolm,0,1637,1686,23,675,Ruth Hamilton,0,1783,1721,35,18,1,1999-01-16,False
4527,14,False,2792,Don Malcolm,0,1637,1686,23,676,Siri Tillekeratne,0,1675,1699,30,19,1,1999-01-16,False
4528,14,False,2864,Steve Krieger,0,1807,1804,21,260,Cynthia Pughsley,0,1764,1859,12,3,1,1999-01-16,False
4529,14,False,2864,Steve Krieger,0,1807,1804,21,582,Rita Provost,0,1890,1794,39,8,1,1999-01-16,False
4530,14,False,2864,Steve Krieger,0,1807,1804,21,689,Ellis Wyer,0,1676,1657,37,9,1,1999-01-16,False
4531,14,False,2864,Steve Krieger,0,1807,1804,21,2081,Chani Katz,0,1772,1690,40,11,1,1999-01-16,False
4532,14,False,2864,Steve Krieger,0,1807,1804,21,669,Carol Kaplan,0,1903,1865,22,12,1,1999-01-16,False
4533,14,False,2864,Steve Krieger,0,1807,1804,21,1062,Eleanor Traeg,0,1712,1638,41,13,1,1999-01-16,False
4534,14,False,2864,Steve Krieger,0,1807,1804,21,2792,Don Malcolm,0,1637,1686,23,14,1,1999-01-16,False
4535,14,False,2864,Steve Krieger,0,1807,1804,21,3039,Norma Fisher,0,1736,1744,31,15,1,1999-01-16,False
4536,14,False,2864,Steve Krieger,0,1807,1804,21,1851,Sal Dijamco,0,1809,1847,13,16,1,1999-01-16,False
4537,14,False,2886,David Filippi,0,1235,1319,1,534,Alan Love,0,1171,1138,19,1,3,1999-01-16,False
4538,14,False,2886,David Filippi,0,1235,1319,1,4372,Letty Dolphin,0,654,645,28,2,3,1999-01-16,False
4539,14,False,2886,David Filippi,0,1235,1319,1,3506,Allan Simon,0,1360,1287,9,3,3,1999-01-16,False
4540,14,False,2886,David Filippi,0,1235,1319,1,2458,Bob Blyler,0,1217,1152,22,4,3,1999-01-16,False
4541,14,False,2886,David Filippi,0,1235,1319,1,2639,Marshall Finn,0,1256,1217,14,6,3,1999-01-16,False
4542,14,False,2886,David Filippi,0,1235,1319,1,1271,Judith Whitcomb,0,1014,1009,27,7,3,1999-01-16,False
4543,14,False,2886,David Filippi,0,1235,1319,1,2504,Kitty Yamauchi,0,969,1013,20,8,3,1999-01-16,False
4544,14,False,2886,David Filippi,0,1235,1319,1,562,Vince Castellano,0,1124,1158,10,9,3,1999-01-16,False
4545,14,False,2886,David Filippi,0,1235,1319,1,1602,Rosemary Ryan,0,1090,1119,12,11,3,1999-01-16,False
4546,14,False,2886,David Filippi,0,1235,1319,1,3538,Alfredo B Calubiran,0,1140,1136,18,13,3,1999-01-16,False
4547,14,False,2886,David Filippi,0,1235,1319,1,12,Pat Diener,0,1269,1229,8,15,3,1999-01-16,False
4548,14,False,2886,David Filippi,0,1235,1319,1,703,Helen Pipi,0,896,1242,4,16,3,1999-01-16,False
4549,14,False,2886,David Filippi,0,1235,1319,1,703,Helen Pipi,0,896,1242,4,17,3,1999-01-16,False
4550,14,False,2886,David Filippi,0,1235,1319,1,703,Helen Pipi,0,896,1242,4,18,3,1999-01-16,False
4551,14,False,2886,David Filippi,0,1235,1319,1,2320,Pat Burnham,0,1319,1352,2,19,3,1999-01-16,False
4552,14,False,2888,Ben Gittes,0,1178,1212,5,562,Vince Castellano,0,1124,1158,10,1,3,1999-01-16,False
4553,14,False,2888,Ben Gittes,0,1178,1212,5,865,Justine Zollinger,0,1205,1143,23,2,3,1999-01-16,False
4554,14,False,2888,Ben Gittes,0,1178,1212,5,2504,Kitty Yamauchi,0,969,1013,20,3,3,1999-01-16,False
4555,14,False,2888,Ben Gittes,0,1178,1212,5,3538,Alfredo B Calubiran,0,1140,1136,18,4,3,1999-01-16,False
4556,14,False,2888,Ben Gittes,0,1178,1212,5,701,Jacqueline Stewart,0,1144,1186,7,6,3,1999-01-16,False
4557,14,False,2888,Ben Gittes,0,1178,1212,5,4376,Kimo Ahyun,0,1101,1089,15,7,3,1999-01-16,False
4558,14,False,2888,Ben Gittes,0,1178,1212,5,1271,Judith Whitcomb,0,1014,1009,27,8,3,1999-01-16,False
4559,14,False,2888,Ben Gittes,0,1178,1212,5,2320,Pat Burnham,0,1319,1352,2,11,3,1999-01-16,False
4560,14,False,2888,Ben Gittes,0,1178,1212,5,1602,Rosemary Ryan,0,1090,1119,12,14,3,1999-01-16,False
4561,14,False,2888,Ben Gittes,0,1178,1212,5,2639,Marshall Finn,0,1256,1217,14,16,3,1999-01-16,False
4562,14,False,2888,Ben Gittes,0,1178,1212,5,701,Jacqueline Stewart,0,1144,1186,7,17,3,1999-01-16,False
4563,14,False,2888,Ben Gittes,0,1178,1212,5,709,Mary C Parrish,0,935,1106,6,19,3,1999-01-16,False
4564,14,False,2945,Phil Spry,0,976,1093,4,27,Myrna Cohen,0,764,928,7,1,4,1999-01-16,False
4565,14,False,2945,Phil Spry,0,976,1093,4,4095,Mengus Reeves,0,955,947,11,2,4,1999-01-16,False
4566,14,True,2945,Phil Spry,0,976,1093,4,5970,Donald Cox,0,921,1038,9,4,4,1999-01-16,False
4567,14,False,2945,Phil Spry,0,976,1093,4,5851,Sandy Yerkes,0,715,733,17,6,4,1999-01-16,False
4568,14,False,2945,Phil Spry,0,976,1093,4,2739,Charlotte Bremond,0,711,724,19,8,4,1999-01-16,False
4569,14,False,2945,Phil Spry,0,976,1093,4,5940,Sunday Butler,0,859,807,18,11,4,1999-01-16,False
4570,14,False,2945,Phil Spry,0,976,1093,4,5971,Brent Atterbury,0,452,438,22,12,4,1999-01-16,False
4571,14,False,2945,Phil Spry,0,976,1093,4,7,Bennett Jacobstein,0,1050,963,15,13,4,1999-01-16,False
4572,14,False,2945,Phil Spry,0,976,1093,4,1899,Sylvia Strong,0,972,891,20,14,4,1999-01-16,False
4573,14,False,2945,Phil Spry,0,976,1093,4,3022,Arlene Lane,0,1018,1000,10,15,4,1999-01-16,False
4574,14,False,2945,Phil Spry,0,976,1093,4,4371,Betty Isbell,0,1034,1074,1,16,4,1999-01-16,False
4575,14,False,2945,Phil Spry,0,976,1093,4,27,Myrna Cohen,0,764,928,7,18,4,1999-01-16,False
4576,14,False,2945,Phil Spry,0,976,1093,4,5721,Jerry Fuller,0,956,979,6,19,4,1999-01-16,False
4577,14,False,3017,Lewis Martinez,0,1880,1846,29,1062,Eleanor Traeg,0,1712,1638,41,1,1,1999-01-16,False
4578,14,False,3017,Lewis Martinez,0,1880,1846,29,2081,Chani Katz,0,1772,1690,40,2,1,1999-01-16,False
4579,14,False,3017,Lewis Martinez,0,1880,1846,29,676,Siri Tillekeratne,0,1675,1699,30,3,1,1999-01-16,False
4580,14,False,3017,Lewis Martinez,0,1880,1846,29,5,Dennis Kaiser,0,1842,1852,11,7,1,1999-01-16,False
4581,14,False,3017,Lewis Martinez,0,1880,1846,29,727,Lester Schonbrun,0,1937,1941,6,8,1,1999-01-16,False
4582,14,False,3017,Lewis Martinez,0,1880,1846,29,2,Jerry Lerman,0,1842,1858,15,11,1,1999-01-16,False
4583,14,False,3017,Lewis Martinez,0,1880,1846,29,44,Paul Avrin,0,1769,1735,36,17,1,1999-01-16,False
4584,14,False,3017,Lewis Martinez,0,1880,1846,29,2173,Ann Ferguson,0,1728,1713,33,18,1,1999-01-16,False
4585,14,False,3022,Arlene Lane,0,1018,1000,10,5970,Donald Cox,0,921,1038,9,2,4,1999-01-16,False
4586,14,False,3022,Arlene Lane,0,1018,1000,10,11,Paula Catanese,0,938,933,14,4,4,1999-01-16,False
4587,14,False,3022,Arlene Lane,0,1018,1000,10,5940,Sunday Butler,0,859,807,18,5,4,1999-01-16,False
4588,14,False,3022,Arlene Lane,0,1018,1000,10,4380,Maxine Sly,0,0,833,16,7,4,1999-01-16,False
4589,14,False,3022,Arlene Lane,0,1018,1000,10,5969,Bill Cox,0,994,1141,2,8,4,1999-01-16,False
4590,14,False,3022,Arlene Lane,0,1018,1000,10,7,Bennett Jacobstein,0,1050,963,15,11,4,1999-01-16,False
4591,14,False,3022,Arlene Lane,0,1018,1000,10,27,Myrna Cohen,0,764,928,7,12,4,1999-01-16,False
4592,14,False,3022,Arlene Lane,0,1018,1000,10,1070,Jim Barker,0,987,952,21,13,4,1999-01-16,False
4593,14,False,3022,Arlene Lane,0,1018,1000,10,11,Paula Catanese,0,938,933,14,18,4,1999-01-16,False
4594,14,False,3022,Arlene Lane,0,1018,1000,10,4095,Mengus Reeves,0,955,947,11,19,4,1999-01-16,False
4595,14,False,3023,Ruth Barr,0,1039,1066,5,763,Ron Barker,0,1063,1042,8,1,4,1999-01-16,False
4596,14,False,3023,Ruth Barr,0,1039,1066,5,19096,Grace Harris,0,904,920,13,2,4,1999-01-16,False
4597,14,False,3023,Ruth Barr,0,1039,1066,5,4095,Mengus Reeves,0,955,947,11,4,4,1999-01-16,False
4598,14,False,3023,Ruth Barr,0,1039,1066,5,2945,Phil Spry,0,976,1093,4,5,4,1999-01-16,False
4599,14,False,3023,Ruth Barr,0,1039,1066,5,3022,Arlene Lane,0,1018,1000,10,6,4,1999-01-16,False
4600,14,False,3023,Ruth Barr,0,1039,1066,5,2739,Charlotte Bremond,0,711,724,19,7,4,1999-01-16,False
4601,14,False,3023,Ruth Barr,0,1039,1066,5,4380,Maxine Sly,0,0,833,16,8,4,1999-01-16,False
4602,14,False,3023,Ruth Barr,0,1039,1066,5,1899,Sylvia Strong,0,972,891,20,11,4,1999-01-16,False
4603,14,False,3023,Ruth Barr,0,1039,1066,5,11,Paula Catanese,0,938,933,14,13,4,1999-01-16,False
4604,14,False,3023,Ruth Barr,0,1039,1066,5,5721,Jerry Fuller,0,956,979,6,14,4,1999-01-16,False
4605,14,False,3023,Ruth Barr,0,1039,1066,5,2945,Phil Spry,0,976,1093,4,17,4,1999-01-16,False
4606,14,False,3023,Ruth Barr,0,1039,1066,5,1078,Wilma Pitzer,0,1062,1081,3,19,4,1999-01-16,False
4607,14,False,3039,Norma Fisher,0,1736,1744,31,1446,Lou J B Miller,0,1840,1827,24,3,1,1999-01-16,False
4608,14,False,3039,Norma Fisher,0,1736,1744,31,689,Ellis Wyer,0,1676,1657,37,4,1,1999-01-16,False
4609,14,False,3039,Norma Fisher,0,1736,1744,31,44,Paul Avrin,0,1769,1735,36,5,1,1999-01-16,False
4610,14,False,3039,Norma Fisher,0,1736,1744,31,1029,Denver Steele,0,1745,1656,42,6,1,1999-01-16,False
4611,14,False,3039,Norma Fisher,0,1736,1744,31,260,Cynthia Pughsley,0,1764,1859,12,10,1,1999-01-16,False
4612,14,False,3039,Norma Fisher,0,1736,1744,31,3017,Lewis Martinez,0,1880,1846,29,12,1,1999-01-16,False
4613,14,False,3039,Norma Fisher,0,1736,1744,31,2173,Ann Ferguson,0,1728,1713,33,14,1,1999-01-16,False
4614,14,False,3039,Norma Fisher,0,1736,1744,31,675,Ruth Hamilton,0,1783,1721,35,17,1,1999-01-16,False
4615,14,False,3085,Teri Tetreault,0,1533,1778,8,2173,Ann Ferguson,0,1728,1713,33,2,1,1999-01-16,False
4616,14,False,3085,Teri Tetreault,0,1533,1778,8,2864,Steve Krieger,0,1807,1804,21,5,1,1999-01-16,False
4617,14,False,3085,Teri Tetreault,0,1533,1778,8,675,Ruth Hamilton,0,1783,1721,35,6,1,1999-01-16,False
4618,14,False,3085,Teri Tetreault,0,1533,1778,8,85,Tom Kelly,0,1671,1653,38,7,1,1999-01-16,False
4619,14,False,3085,Teri Tetreault,0,1533,1778,8,1446,Lou J B Miller,0,1840,1827,24,10,1,1999-01-16,False
4620,14,False,3085,Teri Tetreault,0,1533,1778,8,1062,Eleanor Traeg,0,1712,1638,41,11,1,1999-01-16,False
4621,14,False,3085,Teri Tetreault,0,1533,1778,8,4076,Robert Felt,0,1924,1917,9,12,1,1999-01-16,False
4622,14,False,3085,Teri Tetreault,0,1533,1778,8,3039,Norma Fisher,0,1736,1744,31,13,1,1999-01-16,False
4623,14,False,3085,Teri Tetreault,0,1533,1778,8,3017,Lewis Martinez,0,1880,1846,29,14,1,1999-01-16,False
4624,14,False,3085,Teri Tetreault,0,1533,1778,8,727,Lester Schonbrun,0,1937,1941,6,15,1,1999-01-16,False
4625,14,False,3085,Teri Tetreault,0,1533,1778,8,2,Jerry Lerman,0,1842,1858,15,17,1,1999-01-16,False
4626,14,False,3085,Teri Tetreault,0,1533,1778,8,5,Dennis Kaiser,0,1842,1852,11,19,1,1999-01-16,False
4627,14,False,3299,Laurie Lu Longway,0,961,955,12,5721,Jerry Fuller,0,956,979,6,1,4,1999-01-16,False
4628,14,False,3299,Laurie Lu Longway,0,961,955,12,1070,Jim Barker,0,987,952,21,2,4,1999-01-16,False
4629,14,False,3299,Laurie Lu Longway,0,961,955,12,1078,Wilma Pitzer,0,1062,1081,3,4,4,1999-01-16,False
4630,14,False,3299,Laurie Lu Longway,0,961,955,12,11,Paula Catanese,0,938,933,14,5,4,1999-01-16,False
4631,14,False,3299,Laurie Lu Longway,0,961,955,12,7,Bennett Jacobstein,0,1050,963,15,7,4,1999-01-16,False
4632,14,False,3299,Laurie Lu Longway,0,961,955,12,5940,Sunday Butler,0,859,807,18,8,4,1999-01-16,False
4633,14,False,3299,Laurie Lu Longway,0,961,955,12,2945,Phil Spry,0,976,1093,4,10,4,1999-01-16,False
4634,14,False,3299,Laurie Lu Longway,0,961,955,12,4371,Betty Isbell,0,1034,1074,1,11,4,1999-01-16,False
4635,14,False,3299,Laurie Lu Longway,0,961,955,12,5971,Brent Atterbury,0,452,438,22,15,4,1999-01-16,False
4636,14,False,3299,Laurie Lu Longway,0,961,955,12,11,Paula Catanese,0,938,933,14,19,4,1999-01-16,False
4637,14,False,3429,Craig Atterbury,0,1638,1672,3,737,Carlynn Mayer,0,1626,1631,4,1,2,1999-01-16,False
4638,14,False,3429,Craig Atterbury,0,1638,1672,3,1388,Ossie Mair,0,1376,1351,39,2,2,1999-01-16,False
4639,14,False,3429,Craig Atterbury,0,1638,1672,3,2319,Robert Smith,0,1504,1527,10,4,2,1999-01-16,False
4640,14,False,3429,Craig Atterbury,0,1638,1672,3,2346,Mitch Bayersdorfer,0,1554,1520,21,5,2,1999-01-16,False
4641,14,False,3429,Craig Atterbury,0,1638,1672,3,1814,Ray Smith,0,1620,1563,23,6,2,1999-01-16,False
4642,14,False,3429,Craig Atterbury,0,1638,1672,3,4366,Judith Shipman,0,1280,1326,35,7,2,1999-01-16,False
4643,14,False,3429,Craig Atterbury,0,1638,1672,3,16422,T C Houlgate-West,0,1403,1482,14,10,2,1999-01-16,False
4644,14,False,3429,Craig Atterbury,0,1638,1672,3,1063,Donna McDonough,0,1503,1429,38,12,2,1999-01-16,False
4645,14,False,3429,Craig Atterbury,0,1638,1672,3,2179,Eileen Gruhn,0,1528,1579,8,13,2,1999-01-16,False
4646,14,False,3429,Craig Atterbury,0,1638,1672,3,4093,Michael Stevens,0,1642,1648,5,14,2,1999-01-16,False
4647,14,False,3429,Craig Atterbury,0,1638,1672,3,71,Noel Livermore,0,1695,1582,29,15,2,1999-01-16,False
4648,14,False,3429,Craig Atterbury,0,1638,1672,3,1447,Jeff Potts,0,1703,1723,1,16,2,1999-01-16,False
4649,14,False,3429,Craig Atterbury,0,1638,1672,3,4093,Michael Stevens,0,1642,1648,5,18,2,1999-01-16,False
4650,14,False,3506,Allan Simon,0,1360,1287,9,4372,Letty Dolphin,0,654,645,28,1,3,1999-01-16,False
4651,14,False,3506,Allan Simon,0,1360,1287,9,534,Alan Love,0,1171,1138,19,4,3,1999-01-16,False
4652,14,False,3506,Allan Simon,0,1360,1287,9,2458,Bob Blyler,0,1217,1152,22,5,3,1999-01-16,False
4653,14,False,3506,Allan Simon,0,1360,1287,9,22050,Jane Fischer,0,1222,1156,21,6,3,1999-01-16,False
4654,14,False,3506,Allan Simon,0,1360,1287,9,1819,Joanne Smith,0,1135,1150,11,8,3,1999-01-16,False
4655,14,False,3506,Allan Simon,0,1360,1287,9,12,Pat Diener,0,1269,1229,8,12,3,1999-01-16,False
4656,14,False,3506,Allan Simon,0,1360,1287,9,4374,Eve M Wengler,0,892,955,24,13,3,1999-01-16,False
4657,14,False,3506,Allan Simon,0,1360,1287,9,1602,Rosemary Ryan,0,1090,1119,12,15,3,1999-01-16,False
4658,14,False,3506,Allan Simon,0,1360,1287,9,562,Vince Castellano,0,1124,1158,10,17,3,1999-01-16,False
4659,14,False,3506,Allan Simon,0,1360,1287,9,701,Jacqueline Stewart,0,1144,1186,7,18,3,1999-01-16,False
4660,14,False,3532,Brian Wagner,0,1546,1483,36,2179,Eileen Gruhn,0,1528,1579,8,1,2,1999-01-16,False
4661,14,False,3532,Brian Wagner,0,1546,1483,36,3668,Julie Wright,0,1583,1562,17,2,2,1999-01-16,False
4662,14,False,3532,Brian Wagner,0,1546,1483,36,1038,Irene Averell,0,1196,1232,43,5,2,1999-01-16,False
4663,14,False,3532,Brian Wagner,0,1546,1483,36,1603,Tim Wise,0,1224,1186,44,6,2,1999-01-16,False
4664,14,False,3532,Brian Wagner,0,1546,1483,36,1063,Donna McDonough,0,1503,1429,38,11,2,1999-01-16,False
4665,14,False,3532,Brian Wagner,0,1546,1483,36,4366,Judith Shipman,0,1280,1326,35,16,2,1999-01-16,False
4666,14,False,3532,Brian Wagner,0,1546,1483,36,712,Barbara Platt,0,1327,1331,40,17,2,1999-01-16,False
4667,14,False,19096,Grace Harris,0,904,920,13,11,Paula Catanese,0,938,933,14,1,4,1999-01-16,False
4668,14,False,19096,Grace Harris,0,904,920,13,3022,Arlene Lane,0,1018,1000,10,3,4,1999-01-16,False
4669,14,False,19096,Grace Harris,0,904,920,13,5971,Brent Atterbury,0,452,438,22,5,4,1999-01-16,False
4670,14,False,19096,Grace Harris,0,904,920,13,2739,Charlotte Bremond,0,711,724,19,6,4,1999-01-16,False
4671,14,False,19096,Grace Harris,0,904,920,13,2945,Phil Spry,0,976,1093,4,7,4,1999-01-16,False
4672,14,False,19096,Grace Harris,0,904,920,13,763,Ron Barker,0,1063,1042,8,10,4,1999-01-16,False
4673,14,False,19096,Grace Harris,0,904,920,13,5970,Donald Cox,0,921,1038,9,11,4,1999-01-16,False
4674,14,False,19096,Grace Harris,0,904,920,13,1899,Sylvia Strong,0,972,891,20,13,4,1999-01-16,False
4675,14,False,19096,Grace Harris,0,904,920,13,3299,Laurie Lu Longway,0,961,955,12,17,4,1999-01-16,False
4676,14,False,3538,Alfredo B Calubiran,0,1140,1136,18,865,Justine Zollinger,0,1205,1143,23,1,3,1999-01-16,False
4677,14,False,3538,Alfredo B Calubiran,0,1140,1136,18,1602,Rosemary Ryan,0,1090,1119,12,5,3,1999-01-16,False
4678,14,False,3538,Alfredo B Calubiran,0,1140,1136,18,4374,Eve M Wengler,0,892,955,24,8,3,1999-01-16,False
4679,14,False,3538,Alfredo B Calubiran,0,1140,1136,18,5968,Dave Nicolai,0,1375,1259,17,9,3,1999-01-16,False
4680,14,False,3538,Alfredo B Calubiran,0,1140,1136,18,2504,Kitty Yamauchi,0,969,1013,20,10,3,1999-01-16,False
4681,14,False,3538,Alfredo B Calubiran,0,1140,1136,18,4367,George McCready,0,1238,1190,13,11,3,1999-01-16,False
4682,14,False,3538,Alfredo B Calubiran,0,1140,1136,18,28,Cynthia Ho,0,1102,1073,25,14,3,1999-01-16,False
4683,14,False,3538,Alfredo B Calubiran,0,1140,1136,18,1046,B A Toole,0,945,954,26,16,3,1999-01-16,False
4684,14,False,3538,Alfredo B Calubiran,0,1140,1136,18,2458,Bob Blyler,0,1217,1152,22,18,3,1999-01-16,False
4685,14,False,3600,Marian Koonce,0,1429,1472,27,2319,Robert Smith,0,1504,1527,10,1,2,1999-01-16,False
4686,14,False,3600,Marian Koonce,0,1429,1472,27,737,Carlynn Mayer,0,1626,1631,4,3,2,1999-01-16,False
4687,14,False,3600,Marian Koonce,0,1429,1472,27,1814,Ray Smith,0,1620,1563,23,4,2,1999-01-16,False
4688,14,False,3600,Marian Koonce,0,1429,1472,27,1036,Betty Cornelison,0,1541,1578,9,5,2,1999-01-16,False
4689,14,False,3600,Marian Koonce,0,1429,1472,27,1028,Carlene Wallis,0,1595,1653,2,6,2,1999-01-16,False
4690,14,False,3600,Marian Koonce,0,1429,1472,27,1456,Shirley Ritz,0,1497,1446,32,9,2,1999-01-16,False
4691,14,False,3600,Marian Koonce,0,1429,1472,27,3532,Brian Wagner,0,1546,1483,36,14,2,1999-01-16,False
4692,14,False,3600,Marian Koonce,0,1429,1472,27,367,Susie Page,0,1395,1431,24,15,2,1999-01-16,False
4693,14,False,3600,Marian Koonce,0,1429,1472,27,524,Susan Love,0,1486,1481,31,19,2,1999-01-16,False
4694,14,False,3668,Julie Wright,0,1583,1562,17,1038,Irene Averell,0,1196,1232,43,3,2,1999-01-16,False
4695,14,False,3668,Julie Wright,0,1583,1562,17,1591,Jason Sommer,0,1715,1660,15,5,2,1999-01-16,False
4696,14,False,3668,Julie Wright,0,1583,1562,17,1388,Ossie Mair,0,1376,1351,39,6,2,1999-01-16,False
4697,14,False,3668,Julie Wright,0,1583,1562,17,674,Laura Scheimberg,0,1531,1503,25,9,2,1999-01-16,False
4698,14,False,3668,Julie Wright,0,1583,1562,17,700,Al Demers,0,1353,1467,16,10,2,1999-01-16,False
4699,14,False,3668,Julie Wright,0,1583,1562,17,2094,Richard Joseph,0,1403,1496,13,11,2,1999-01-16,False
4700,14,False,3668,Julie Wright,0,1583,1562,17,16422,T C Houlgate-West,0,1403,1482,14,13,2,1999-01-16,False
4701,14,False,3668,Julie Wright,0,1583,1562,17,904,Tim Anglin,0,1726,1665,11,15,2,1999-01-16,False
4702,14,False,3668,Julie Wright,0,1583,1562,17,747,Joan Mocine,0,1599,1557,22,16,2,1999-01-16,False
4703,14,False,3668,Julie Wright,0,1583,1562,17,1066,Gigi Miller,0,1491,1548,7,17,2,1999-01-16,False
4704,14,False,3987,Noah Kanter,0,1528,1560,12,1040,Maggie Morley,0,1377,1537,6,1,2,1999-01-16,False
4705,14,False,3987,Noah Kanter,0,1528,1560,12,17121,Dane Barnhard,0,1470,1487,20,2,2,1999-01-16,False
4706,14,False,3987,Noah Kanter,0,1528,1560,12,1074,Julia Bogle,0,1291,1395,19,3,2,1999-01-16,False
4707,14,False,3987,Noah Kanter,0,1528,1560,12,1269,Robert Whitcomb,0,1269,1263,42,5,2,1999-01-16,False
4708,14,False,3987,Noah Kanter,0,1528,1560,12,747,Joan Mocine,0,1599,1557,22,6,2,1999-01-16,False
4709,14,False,3987,Noah Kanter,0,1528,1560,12,699,Jesse Wornum,0,1431,1412,30,7,2,1999-01-16,False
4710,14,False,3987,Noah Kanter,0,1528,1560,12,3600,Marian Koonce,0,1429,1472,27,10,2,1999-01-16,False
4711,14,False,3987,Noah Kanter,0,1528,1560,12,524,Susan Love,0,1486,1481,31,11,2,1999-01-16,False
4712,14,False,3987,Noah Kanter,0,1528,1560,12,1460,Jim W Fischer,0,1622,1601,18,13,2,1999-01-16,False
4713,14,False,3987,Noah Kanter,0,1528,1560,12,1460,Jim W Fischer,0,1622,1601,18,17,2,1999-01-16,False
4714,14,False,3987,Noah Kanter,0,1528,1560,12,3668,Julie Wright,0,1583,1562,17,18,2,1999-01-16,False
4715,14,False,4076,Robert Felt,0,1924,1917,9,1059,Karen Merrill,0,1733,1710,34,1,1,1999-01-16,False
4716,14,False,4076,Robert Felt,0,1924,1917,9,2072,Rita Dady,0,1634,1683,32,3,1,1999-01-16,False
4717,14,False,4076,Robert Felt,0,1924,1917,9,2864,Steve Krieger,0,1807,1804,21,7,1,1999-01-16,False
4718,14,False,4076,Robert Felt,0,1924,1917,9,2083,Jim Miller,0,1749,1759,27,8,1,1999-01-16,False
4719,14,False,4076,Robert Felt,0,1924,1917,9,260,Cynthia Pughsley,0,1764,1859,12,9,1,1999-01-16,False
4720,14,False,4076,Robert Felt,0,1924,1917,9,675,Ruth Hamilton,0,1783,1721,35,11,1,1999-01-16,False
4721,14,False,4076,Robert Felt,0,1924,1917,9,666,Chris Lennon,0,1990,1915,26,13,1,1999-01-16,False
4722,14,False,4076,Robert Felt,0,1924,1917,9,238,Stuart Goldman,0,1797,1806,28,14,1,1999-01-16,False
4723,14,False,4076,Robert Felt,0,1924,1917,9,1587,Roy Kamen,0,1779,1800,20,15,1,1999-01-16,False
4724,14,False,4076,Robert Felt,0,1924,1917,9,1056,Gail Wolford,0,1917,1905,14,17,1,1999-01-16,False
4725,14,False,4076,Robert Felt,0,1924,1917,9,2,Jerry Lerman,0,1842,1858,15,19,1,1999-01-16,False
4726,14,False,4093,Michael Stevens,0,1642,1648,5,1460,Jim W Fischer,0,1622,1601,18,1,2,1999-01-16,False
4727,14,False,4093,Michael Stevens,0,1642,1648,5,367,Susie Page,0,1395,1431,24,2,2,1999-01-16,False
4728,14,False,4093,Michael Stevens,0,1642,1648,5,674,Laura Scheimberg,0,1531,1503,25,5,2,1999-01-16,False
4729,14,False,4093,Michael Stevens,0,1642,1648,5,4366,Judith Shipman,0,1280,1326,35,6,2,1999-01-16,False
4730,14,False,4093,Michael Stevens,0,1642,1648,5,524,Susan Love,0,1486,1481,31,7,2,1999-01-16,False
4731,14,False,4093,Michael Stevens,0,1642,1648,5,755,Polly Moyer,0,1559,1503,33,9,2,1999-01-16,False
4732,14,False,4093,Michael Stevens,0,1642,1648,5,71,Noel Livermore,0,1695,1582,29,11,2,1999-01-16,False
4733,14,False,4093,Michael Stevens,0,1642,1648,5,1447,Jeff Potts,0,1703,1723,1,12,2,1999-01-16,False
4734,14,False,4093,Michael Stevens,0,1642,1648,5,17121,Dane Barnhard,0,1470,1487,20,13,2,1999-01-16,False
4735,14,False,4093,Michael Stevens,0,1642,1648,5,737,Carlynn Mayer,0,1626,1631,4,16,2,1999-01-16,False
4736,14,False,4093,Michael Stevens,0,1642,1648,5,1036,Betty Cornelison,0,1541,1578,9,17,2,1999-01-16,False
4737,14,False,4093,Michael Stevens,0,1642,1648,5,1036,Betty Cornelison,0,1541,1578,9,19,2,1999-01-16,False
4738,14,False,4095,Mengus Reeves,0,955,947,11,5970,Donald Cox,0,921,1038,9,1,4,1999-01-16,False
4739,14,False,4095,Mengus Reeves,0,955,947,11,27,Myrna Cohen,0,764,928,7,3,4,1999-01-16,False
4740,14,False,4095,Mengus Reeves,0,955,947,11,7,Bennett Jacobstein,0,1050,963,15,5,4,1999-01-16,False
4741,14,False,4095,Mengus Reeves,0,955,947,11,5721,Jerry Fuller,0,956,979,6,7,4,1999-01-16,False
4742,14,False,4095,Mengus Reeves,0,955,947,11,19096,Grace Harris,0,904,920,13,8,4,1999-01-16,False
4743,14,False,4095,Mengus Reeves,0,955,947,11,4380,Maxine Sly,0,0,833,16,12,4,1999-01-16,False
4744,14,False,4095,Mengus Reeves,0,955,947,11,5971,Brent Atterbury,0,452,438,22,13,4,1999-01-16,False
4745,14,False,4095,Mengus Reeves,0,955,947,11,3299,Laurie Lu Longway,0,961,955,12,14,4,1999-01-16,False
4746,14,False,4095,Mengus Reeves,0,955,947,11,5851,Sandy Yerkes,0,715,733,17,15,4,1999-01-16,False
4747,14,False,4095,Mengus Reeves,0,955,947,11,3022,Arlene Lane,0,1018,1000,10,16,4,1999-01-16,False
4748,14,False,4363,Gordon Alper,0,1455,1444,28,1063,Donna McDonough,0,1503,1429,38,1,2,1999-01-16,False
4749,14,False,4363,Gordon Alper,0,1455,1444,28,4093,Michael Stevens,0,1642,1648,5,3,2,1999-01-16,False
4750,14,False,4363,Gordon Alper,0,1455,1444,28,674,Laura Scheimberg,0,1531,1503,25,4,2,1999-01-16,False
4751,14,False,4363,Gordon Alper,0,1455,1444,28,367,Susie Page,0,1395,1431,24,5,2,1999-01-16,False
4752,14,False,4363,Gordon Alper,0,1455,1444,28,1603,Tim Wise,0,1224,1186,44,13,2,1999-01-16,False
4753,14,False,4363,Gordon Alper,0,1455,1444,28,1269,Robert Whitcomb,0,1269,1263,42,15,2,1999-01-16,False
4754,14,False,4363,Gordon Alper,0,1455,1444,28,1031,Alan Meyer,0,1493,1410,37,16,2,1999-01-16,False
4755,14,False,4363,Gordon Alper,0,1455,1444,28,712,Barbara Platt,0,1327,1331,40,18,2,1999-01-16,False
4756,14,False,4363,Gordon Alper,0,1455,1444,28,1456,Shirley Ritz,0,1497,1446,32,19,2,1999-01-16,False
4757,14,False,4366,Judith Shipman,0,1280,1326,35,1447,Jeff Potts,0,1703,1723,1,1,2,1999-01-16,False
4758,14,False,4366,Judith Shipman,0,1280,1326,35,1066,Gigi Miller,0,1491,1548,7,2,2,1999-01-16,False
4759,14,False,4366,Judith Shipman,0,1280,1326,35,1388,Ossie Mair,0,1376,1351,39,4,2,1999-01-16,False
4760,14,False,4366,Judith Shipman,0,1280,1326,35,1603,Tim Wise,0,1224,1186,44,8,2,1999-01-16,False
4761,14,False,4366,Judith Shipman,0,1280,1326,35,699,Jesse Wornum,0,1431,1412,30,9,2,1999-01-16,False
4762,14,False,4366,Judith Shipman,0,1280,1326,35,1074,Julia Bogle,0,1291,1395,19,11,2,1999-01-16,False
4763,14,False,4366,Judith Shipman,0,1280,1326,35,1388,Ossie Mair,0,1376,1351,39,18,2,1999-01-16,False
4764,14,False,4366,Judith Shipman,0,1280,1326,35,712,Barbara Platt,0,1327,1331,40,19,2,1999-01-16,False
4765,14,False,4367,George McCready,0,1238,1190,13,709,Mary C Parrish,0,935,1106,6,1,3,1999-01-16,False
4766,14,False,4367,George McCready,0,1238,1190,13,22050,Jane Fischer,0,1222,1156,21,2,3,1999-01-16,False
4767,14,False,4367,George McCready,0,1238,1190,13,28,Cynthia Ho,0,1102,1073,25,4,3,1999-01-16,False
4768,14,False,4367,George McCready,0,1238,1190,13,4515,William Lincoln III Palmer,0,1286,1322,3,5,3,1999-01-16,False
4769,14,False,4367,George McCready,0,1238,1190,13,2504,Kitty Yamauchi,0,969,1013,20,7,3,1999-01-16,False
4770,14,False,4367,George McCready,0,1238,1190,13,2888,Ben Gittes,0,1178,1212,5,12,3,1999-01-16,False
4771,14,False,4367,George McCready,0,1238,1190,13,562,Vince Castellano,0,1124,1158,10,14,3,1999-01-16,False
4772,14,False,4367,George McCready,0,1238,1190,13,534,Alan Love,0,1171,1138,19,15,3,1999-01-16,False
4773,14,False,4367,George McCready,0,1238,1190,13,3506,Allan Simon,0,1360,1287,9,16,3,1999-01-16,False
4774,14,False,709,Mary C Parrish,0,935,1106,6,4372,Letty Dolphin,0,654,645,28,6,3,1999-01-16,False
4775,14,False,709,Mary C Parrish,0,935,1106,6,534,Alan Love,0,1171,1138,19,7,3,1999-01-16,False
4776,14,False,709,Mary C Parrish,0,935,1106,6,5968,Dave Nicolai,0,1375,1259,17,8,3,1999-01-16,False
4777,14,False,709,Mary C Parrish,0,935,1106,6,3506,Allan Simon,0,1360,1287,9,10,3,1999-01-16,False
4778,14,False,709,Mary C Parrish,0,935,1106,6,701,Jacqueline Stewart,0,1144,1186,7,11,3,1999-01-16,False
4779,14,False,709,Mary C Parrish,0,935,1106,6,2504,Kitty Yamauchi,0,969,1013,20,13,3,1999-01-16,False
4780,14,False,709,Mary C Parrish,0,935,1106,6,1049,Gregg Wood,0,1027,1074,16,14,3,1999-01-16,False
4781,14,False,709,Mary C Parrish,0,935,1106,6,1819,Joanne Smith,0,1135,1150,11,15,3,1999-01-16,False
4782,14,False,709,Mary C Parrish,0,935,1106,6,12,Pat Diener,0,1269,1229,8,16,3,1999-01-16,False
4783,14,False,709,Mary C Parrish,0,935,1106,6,4367,George McCready,0,1238,1190,13,17,3,1999-01-16,False
4784,14,False,709,Mary C Parrish,0,935,1106,6,2888,Ben Gittes,0,1178,1212,5,18,3,1999-01-16,False
4785,14,False,4371,Betty Isbell,0,1034,1074,1,4380,Maxine Sly,0,0,833,16,1,4,1999-01-16,False
4786,14,False,4371,Betty Isbell,0,1034,1074,1,5971,Brent Atterbury,0,452,438,22,3,4,1999-01-16,False
4787,14,False,4371,Betty Isbell,0,1034,1074,1,5851,Sandy Yerkes,0,715,733,17,4,4,1999-01-16,False
4788,14,False,4371,Betty Isbell,0,1034,1074,1,2739,Charlotte Bremond,0,711,724,19,5,4,1999-01-16,False
4789,14,False,4371,Betty Isbell,0,1034,1074,1,763,Ron Barker,0,1063,1042,8,6,4,1999-01-16,False
4790,14,False,4371,Betty Isbell,0,1034,1074,1,11,Paula Catanese,0,938,933,14,7,4,1999-01-16,False
4791,14,False,4371,Betty Isbell,0,1034,1074,1,1070,Jim Barker,0,987,952,21,8,4,1999-01-16,False
4792,14,False,4371,Betty Isbell,0,1034,1074,1,3022,Arlene Lane,0,1018,1000,10,9,4,1999-01-16,False
4793,14,False,4371,Betty Isbell,0,1034,1074,1,4095,Mengus Reeves,0,955,947,11,10,4,1999-01-16,False
4794,14,False,4371,Betty Isbell,0,1034,1074,1,3023,Ruth Barr,0,1039,1066,5,12,4,1999-01-16,False
4795,14,False,4371,Betty Isbell,0,1034,1074,1,5721,Jerry Fuller,0,956,979,6,13,4,1999-01-16,False
4796,14,False,4371,Betty Isbell,0,1034,1074,1,27,Myrna Cohen,0,764,928,7,17,4,1999-01-16,False
4797,14,False,4371,Betty Isbell,0,1034,1074,1,3023,Ruth Barr,0,1039,1066,5,18,4,1999-01-16,False
4798,14,False,4371,Betty Isbell,0,1034,1074,1,5969,Bill Cox,0,994,1141,2,19,4,1999-01-16,False
4799,14,False,4372,Letty Dolphin,0,654,645,28,3538,Alfredo B Calubiran,0,1140,1136,18,15,3,1999-01-16,False
4800,14,False,4374,Eve M Wengler,0,892,955,24,1819,Joanne Smith,0,1135,1150,11,1,3,1999-01-16,False
4801,14,False,4374,Eve M Wengler,0,892,955,24,865,Justine Zollinger,0,1205,1143,23,6,3,1999-01-16,False
4802,14,False,4374,Eve M Wengler,0,892,955,24,709,Mary C Parrish,0,935,1106,6,9,3,1999-01-16,False
4803,14,False,4374,Eve M Wengler,0,892,955,24,2458,Bob Blyler,0,1217,1152,22,10,3,1999-01-16,False
4804,14,False,4374,Eve M Wengler,0,892,955,24,4372,Letty Dolphin,0,654,645,28,11,3,1999-01-16,False
4805,14,False,4374,Eve M Wengler,0,892,955,24,5968,Dave Nicolai,0,1375,1259,17,12,3,1999-01-16,False
4806,14,False,4374,Eve M Wengler,0,892,955,24,12,Pat Diener,0,1269,1229,8,14,3,1999-01-16,False
4807,14,False,4380,Maxine Sly,0,0,833,16,7,Bennett Jacobstein,0,1050,963,15,2,4,1999-01-16,False
4808,14,False,4380,Maxine Sly,0,0,833,16,27,Myrna Cohen,0,764,928,7,6,4,1999-01-16,False
4809,14,False,4380,Maxine Sly,0,0,833,16,3299,Laurie Lu Longway,0,961,955,12,9,4,1999-01-16,False
4810,14,False,4380,Maxine Sly,0,0,833,16,5971,Brent Atterbury,0,452,438,22,10,4,1999-01-16,False
4811,14,False,4380,Maxine Sly,0,0,833,16,5851,Sandy Yerkes,0,715,733,17,11,4,1999-01-16,False
4812,14,False,4380,Maxine Sly,0,0,833,16,763,Ron Barker,0,1063,1042,8,15,4,1999-01-16,False
4813,14,False,4380,Maxine Sly,0,0,833,16,2739,Charlotte Bremond,0,711,724,19,17,4,1999-01-16,False
4814,14,False,4380,Maxine Sly,0,0,833,16,2739,Charlotte Bremond,0,711,724,19,19,4,1999-01-16,False
4815,14,False,4515,William Lincoln III Palmer,0,1286,1322,3,703,Helen Pipi,0,896,1242,4,1,3,1999-01-16,False
4816,14,False,4515,William Lincoln III Palmer,0,1286,1322,3,709,Mary C Parrish,0,935,1106,6,2,3,1999-01-16,False
4817,14,False,4515,William Lincoln III Palmer,0,1286,1322,3,28,Cynthia Ho,0,1102,1073,25,3,3,1999-01-16,False
4818,14,False,4515,William Lincoln III Palmer,0,1286,1322,3,22050,Jane Fischer,0,1222,1156,21,4,3,1999-01-16,False
4819,14,False,4515,William Lincoln III Palmer,0,1286,1322,3,1271,Judith Whitcomb,0,1014,1009,27,6,3,1999-01-16,False
4820,14,False,4515,William Lincoln III Palmer,0,1286,1322,3,1046,B A Toole,0,945,954,26,7,3,1999-01-16,False
4821,14,False,4515,William Lincoln III Palmer,0,1286,1322,3,1602,Rosemary Ryan,0,1090,1119,12,8,3,1999-01-16,False
4822,14,False,4515,William Lincoln III Palmer,0,1286,1322,3,4376,Kimo Ahyun,0,1101,1089,15,9,3,1999-01-16,False
4823,14,False,4515,William Lincoln III Palmer,0,1286,1322,3,2639,Marshall Finn,0,1256,1217,14,10,3,1999-01-16,False
4824,14,False,4515,William Lincoln III Palmer,0,1286,1322,3,3506,Allan Simon,0,1360,1287,9,11,3,1999-01-16,False
4825,14,False,4515,William Lincoln III Palmer,0,1286,1322,3,562,Vince Castellano,0,1124,1158,10,12,3,1999-01-16,False
4826,14,False,4515,William Lincoln III Palmer,0,1286,1322,3,2888,Ben Gittes,0,1178,1212,5,13,3,1999-01-16,False
4827,14,False,4515,William Lincoln III Palmer,0,1286,1322,3,2886,David Filippi,0,1235,1319,1,14,3,1999-01-16,False
4828,14,False,4515,William Lincoln III Palmer,0,1286,1322,3,2320,Pat Burnham,0,1319,1352,2,16,3,1999-01-16,False
4829,14,False,17121,Dane Barnhard,0,1470,1487,20,1269,Robert Whitcomb,0,1269,1263,42,3,2,1999-01-16,False
4830,14,False,17121,Dane Barnhard,0,1470,1487,20,1040,Maggie Morley,0,1377,1537,6,4,2,1999-01-16,False
4831,14,False,17121,Dane Barnhard,0,1470,1487,20,4363,Gordon Alper,0,1455,1444,28,6,2,1999-01-16,False
4832,14,False,17121,Dane Barnhard,0,1470,1487,20,1041,Elizabeth Wood,0,1324,1307,41,8,2,1999-01-16,False
4833,14,False,17121,Dane Barnhard,0,1470,1487,20,2319,Robert Smith,0,1504,1527,10,9,2,1999-01-16,False
4834,14,False,17121,Dane Barnhard,0,1470,1487,20,4366,Judith Shipman,0,1280,1326,35,10,2,1999-01-16,False
4835,14,False,17121,Dane Barnhard,0,1470,1487,20,755,Polly Moyer,0,1559,1503,33,11,2,1999-01-16,False
4836,14,False,17121,Dane Barnhard,0,1470,1487,20,1814,Ray Smith,0,1620,1563,23,12,2,1999-01-16,False
4837,14,False,17121,Dane Barnhard,0,1470,1487,20,1028,Carlene Wallis,0,1595,1653,2,14,2,1999-01-16,False
4838,14,False,17121,Dane Barnhard,0,1470,1487,20,2346,Mitch Bayersdorfer,0,1554,1520,21,17,2,1999-01-16,False
4839,14,False,1819,Joanne Smith,0,1135,1150,11,2639,Marshall Finn,0,1256,1217,14,3,3,1999-01-16,False
4840,14,False,1819,Joanne Smith,0,1135,1150,11,4376,Kimo Ahyun,0,1101,1089,15,4,3,1999-01-16,False
4841,14,False,1819,Joanne Smith,0,1135,1150,11,2458,Bob Blyler,0,1217,1152,22,6,3,1999-01-16,False
4842,14,False,1819,Joanne Smith,0,1135,1150,11,562,Vince Castellano,0,1124,1158,10,7,3,1999-01-16,False
4843,14,False,1819,Joanne Smith,0,1135,1150,11,2888,Ben Gittes,0,1178,1212,5,9,3,1999-01-16,False
4844,14,False,1819,Joanne Smith,0,1135,1150,11,28,Cynthia Ho,0,1102,1073,25,11,3,1999-01-16,False
4845,14,False,1819,Joanne Smith,0,1135,1150,11,1271,Judith Whitcomb,0,1014,1009,27,12,3,1999-01-16,False
4846,14,False,1819,Joanne Smith,0,1135,1150,11,1049,Gregg Wood,0,1027,1074,16,16,3,1999-01-16,False
4847,14,False,1819,Joanne Smith,0,1135,1150,11,1049,Gregg Wood,0,1027,1074,16,17,3,1999-01-16,False
4848,14,False,1819,Joanne Smith,0,1135,1150,11,4367,George McCready,0,1238,1190,13,18,3,1999-01-16,False
4849,14,False,5721,Jerry Fuller,0,956,979,6,5971,Brent Atterbury,0,452,438,22,2,4,1999-01-16,False
4850,14,False,5721,Jerry Fuller,0,956,979,6,1078,Wilma Pitzer,0,1062,1081,3,3,4,1999-01-16,False
4851,14,False,5721,Jerry Fuller,0,956,979,6,1070,Jim Barker,0,987,952,21,4,4,1999-01-16,False
4852,14,False,5721,Jerry Fuller,0,956,979,6,5851,Sandy Yerkes,0,715,733,17,5,4,1999-01-16,False
4853,14,False,5721,Jerry Fuller,0,956,979,6,11,Paula Catanese,0,938,933,14,6,4,1999-01-16,False
4854,14,False,5721,Jerry Fuller,0,956,979,6,5970,Donald Cox,0,921,1038,9,10,4,1999-01-16,False
4855,14,False,5721,Jerry Fuller,0,956,979,6,19096,Grace Harris,0,904,920,13,12,4,1999-01-16,False
4856,14,False,5721,Jerry Fuller,0,956,979,6,1899,Sylvia Strong,0,972,891,20,15,4,1999-01-16,False
4857,14,False,5721,Jerry Fuller,0,956,979,6,5940,Sunday Butler,0,859,807,18,16,4,1999-01-16,False
4858,14,False,5721,Jerry Fuller,0,956,979,6,4095,Mengus Reeves,0,955,947,11,17,4,1999-01-16,False
4859,14,False,5721,Jerry Fuller,0,956,979,6,19096,Grace Harris,0,904,920,13,18,4,1999-01-16,False
4860,14,False,5723,Carla Strasburger,0,1449,1467,26,712,Barbara Platt,0,1327,1331,40,5,2,1999-01-16,False
4861,14,False,5723,Carla Strasburger,0,1449,1467,26,2319,Robert Smith,0,1504,1527,10,6,2,1999-01-16,False
4862,14,False,5723,Carla Strasburger,0,1449,1467,26,747,Joan Mocine,0,1599,1557,22,7,2,1999-01-16,False
4863,14,False,5723,Carla Strasburger,0,1449,1467,26,1456,Shirley Ritz,0,1497,1446,32,8,2,1999-01-16,False
4864,14,False,5723,Carla Strasburger,0,1449,1467,26,1041,Elizabeth Wood,0,1324,1307,41,11,2,1999-01-16,False
4865,14,False,5723,Carla Strasburger,0,1449,1467,26,4366,Judith Shipman,0,1280,1326,35,12,2,1999-01-16,False
4866,14,False,5723,Carla Strasburger,0,1449,1467,26,1038,Irene Averell,0,1196,1232,43,13,2,1999-01-16,False
4867,14,False,5723,Carla Strasburger,0,1449,1467,26,1074,Julia Bogle,0,1291,1395,19,16,2,1999-01-16,False
4868,14,False,5723,Carla Strasburger,0,1449,1467,26,755,Polly Moyer,0,1559,1503,33,19,2,1999-01-16,False
4869,14,False,367,Susie Page,0,1395,1431,24,674,Laura Scheimberg,0,1531,1503,25,1,2,1999-01-16,False
4870,14,False,367,Susie Page,0,1395,1431,24,1063,Donna McDonough,0,1503,1429,38,3,2,1999-01-16,False
4871,14,False,367,Susie Page,0,1395,1431,24,1269,Robert Whitcomb,0,1269,1263,42,6,2,1999-01-16,False
4872,14,False,367,Susie Page,0,1395,1431,24,5967,Herbert Levine,0,1491,1498,34,9,2,1999-01-16,False
4873,14,False,367,Susie Page,0,1395,1431,24,1388,Ossie Mair,0,1376,1351,39,10,2,1999-01-16,False
4874,14,False,367,Susie Page,0,1395,1431,24,755,Polly Moyer,0,1559,1503,33,13,2,1999-01-16,False
4875,14,False,367,Susie Page,0,1395,1431,24,699,Jesse Wornum,0,1431,1412,30,14,2,1999-01-16,False
4876,14,False,367,Susie Page,0,1395,1431,24,1063,Donna McDonough,0,1503,1429,38,18,2,1999-01-16,False
4877,14,False,367,Susie Page,0,1395,1431,24,71,Noel Livermore,0,1695,1582,29,19,2,1999-01-16,False
4878,14,False,5851,Sandy Yerkes,0,715,733,17,3299,Laurie Lu Longway,0,961,955,12,3,4,1999-01-16,False
4879,14,False,5851,Sandy Yerkes,0,715,733,17,5940,Sunday Butler,0,859,807,18,10,4,1999-01-16,False
4880,14,False,5851,Sandy Yerkes,0,715,733,17,2739,Charlotte Bremond,0,711,724,19,13,4,1999-01-16,False
4881,14,False,5851,Sandy Yerkes,0,715,733,17,5971,Brent Atterbury,0,452,438,22,14,4,1999-01-16,False
4882,14,False,5851,Sandy Yerkes,0,715,733,17,1899,Sylvia Strong,0,972,891,20,16,4,1999-01-16,False
4883,14,False,5851,Sandy Yerkes,0,715,733,17,5940,Sunday Butler,0,859,807,18,19,4,1999-01-16,False
4884,14,False,4376,Kimo Ahyun,0,1101,1089,15,1602,Rosemary Ryan,0,1090,1119,12,1,3,1999-01-16,False
4885,14,False,4376,Kimo Ahyun,0,1101,1089,15,4374,Eve M Wengler,0,892,955,24,5,3,1999-01-16,False
4886,14,False,4376,Kimo Ahyun,0,1101,1089,15,2504,Kitty Yamauchi,0,969,1013,20,6,3,1999-01-16,False
4887,14,False,4376,Kimo Ahyun,0,1101,1089,15,562,Vince Castellano,0,1124,1158,10,10,3,1999-01-16,False
4888,14,False,4376,Kimo Ahyun,0,1101,1089,15,4372,Letty Dolphin,0,654,645,28,13,3,1999-01-16,False
4889,14,False,4376,Kimo Ahyun,0,1101,1089,15,1046,B A Toole,0,945,954,26,14,3,1999-01-16,False
4890,14,False,4376,Kimo Ahyun,0,1101,1089,15,2458,Bob Blyler,0,1217,1152,22,16,3,1999-01-16,False
4891,14,False,4376,Kimo Ahyun,0,1101,1089,15,2504,Kitty Yamauchi,0,969,1013,20,17,3,1999-01-16,False
4892,14,False,4376,Kimo Ahyun,0,1101,1089,15,2504,Kitty Yamauchi,0,969,1013,20,19,3,1999-01-16,False
4893,14,False,5940,Sunday Butler,0,859,807,18,5971,Brent Atterbury,0,452,438,22,1,4,1999-01-16,False
4894,14,False,5940,Sunday Butler,0,859,807,18,4095,Mengus Reeves,0,955,947,11,9,4,1999-01-16,False
4895,14,False,5940,Sunday Butler,0,859,807,18,2739,Charlotte Bremond,0,711,724,19,12,4,1999-01-16,False
4896,14,False,5940,Sunday Butler,0,859,807,18,4380,Maxine Sly,0,0,833,16,14,4,1999-01-16,False
4897,14,False,5940,Sunday Butler,0,859,807,18,7,Bennett Jacobstein,0,1050,963,15,15,4,1999-01-16,False
4898,14,False,5940,Sunday Butler,0,859,807,18,5971,Brent Atterbury,0,452,438,22,17,4,1999-01-16,False
4899,14,False,5967,Herbert Levine,0,1491,1498,34,904,Tim Anglin,0,1726,1665,11,3,2,1999-01-16,False
4900,14,False,5967,Herbert Levine,0,1491,1498,34,747,Joan Mocine,0,1599,1557,22,4,2,1999-01-16,False
4901,14,False,5967,Herbert Levine,0,1491,1498,34,1041,Elizabeth Wood,0,1324,1307,41,5,2,1999-01-16,False
4902,14,False,5967,Herbert Levine,0,1491,1498,34,71,Noel Livermore,0,1695,1582,29,7,2,1999-01-16,False
4903,14,False,5967,Herbert Levine,0,1491,1498,34,2346,Mitch Bayersdorfer,0,1554,1520,21,10,2,1999-01-16,False
4904,14,False,5967,Herbert Levine,0,1491,1498,34,699,Jesse Wornum,0,1431,1412,30,11,2,1999-01-16,False
4905,14,False,5967,Herbert Levine,0,1491,1498,34,3668,Julie Wright,0,1583,1562,17,12,2,1999-01-16,False
4906,14,False,5967,Herbert Levine,0,1491,1498,34,3532,Brian Wagner,0,1546,1483,36,13,2,1999-01-16,False
4907,14,False,5968,Dave Nicolai,0,1375,1259,17,1049,Gregg Wood,0,1027,1074,16,3,3,1999-01-16,False
4908,14,False,5968,Dave Nicolai,0,1375,1259,17,4372,Letty Dolphin,0,654,645,28,10,3,1999-01-16,False
4909,14,False,5968,Dave Nicolai,0,1375,1259,17,534,Alan Love,0,1171,1138,19,11,3,1999-01-16,False
4910,14,False,5968,Dave Nicolai,0,1375,1259,17,1046,B A Toole,0,945,954,26,13,3,1999-01-16,False
4911,14,False,5968,Dave Nicolai,0,1375,1259,17,865,Justine Zollinger,0,1205,1143,23,14,3,1999-01-16,False
4912,14,False,5968,Dave Nicolai,0,1375,1259,17,4376,Kimo Ahyun,0,1101,1089,15,15,3,1999-01-16,False
4913,14,False,5968,Dave Nicolai,0,1375,1259,17,28,Cynthia Ho,0,1102,1073,25,16,3,1999-01-16,False
4914,14,False,5968,Dave Nicolai,0,1375,1259,17,865,Justine Zollinger,0,1205,1143,23,18,3,1999-01-16,False
4915,14,False,5968,Dave Nicolai,0,1375,1259,17,4374,Eve M Wengler,0,892,955,24,19,3,1999-01-16,False
4916,14,False,5969,Bill Cox,0,994,1141,2,1899,Sylvia Strong,0,972,891,20,2,4,1999-01-16,False
4917,14,False,5969,Bill Cox,0,994,1141,2,4380,Maxine Sly,0,0,833,16,3,4,1999-01-16,False
4918,14,False,5969,Bill Cox,0,994,1141,2,7,Bennett Jacobstein,0,1050,963,15,4,4,1999-01-16,False
4919,14,False,5969,Bill Cox,0,994,1141,2,763,Ron Barker,0,1063,1042,8,5,4,1999-01-16,False
4920,14,False,5969,Bill Cox,0,994,1141,2,4095,Mengus Reeves,0,955,947,11,6,4,1999-01-16,False
4921,14,False,5969,Bill Cox,0,994,1141,2,5970,Donald Cox,0,921,1038,9,7,4,1999-01-16,False
4922,14,False,5969,Bill Cox,0,994,1141,2,2945,Phil Spry,0,976,1093,4,9,4,1999-01-16,False
4923,14,False,5969,Bill Cox,0,994,1141,2,5721,Jerry Fuller,0,956,979,6,11,4,1999-01-16,False
4924,14,False,5969,Bill Cox,0,994,1141,2,1070,Jim Barker,0,987,952,21,12,4,1999-01-16,False
4925,14,False,5969,Bill Cox,0,994,1141,2,1078,Wilma Pitzer,0,1062,1081,3,13,4,1999-01-16,False
4926,14,False,5969,Bill Cox,0,994,1141,2,4371,Betty Isbell,0,1034,1074,1,14,4,1999-01-16,False
4927,14,False,5969,Bill Cox,0,994,1141,2,3023,Ruth Barr,0,1039,1066,5,15,4,1999-01-16,False
4928,14,False,5969,Bill Cox,0,994,1141,2,3299,Laurie Lu Longway,0,961,955,12,16,4,1999-01-16,False
4929,14,False,5969,Bill Cox,0,994,1141,2,1078,Wilma Pitzer,0,1062,1081,3,17,4,1999-01-16,False
4930,14,False,5970,Donald Cox,0,921,1038,9,3023,Ruth Barr,0,1039,1066,5,3,4,1999-01-16,False
4931,14,False,5970,Donald Cox,0,921,1038,9,3299,Laurie Lu Longway,0,961,955,12,6,4,1999-01-16,False
4932,14,False,5970,Donald Cox,0,921,1038,9,1899,Sylvia Strong,0,972,891,20,8,4,1999-01-16,False
4933,14,False,5970,Donald Cox,0,921,1038,9,7,Bennett Jacobstein,0,1050,963,15,12,4,1999-01-16,False
4934,14,False,5970,Donald Cox,0,921,1038,9,4380,Maxine Sly,0,0,833,16,13,4,1999-01-16,False
4935,14,False,5970,Donald Cox,0,921,1038,9,11,Paula Catanese,0,938,933,14,15,4,1999-01-16,False
4936,14,False,5970,Donald Cox,0,921,1038,9,5971,Brent Atterbury,0,452,438,22,16,4,1999-01-16,False
4937,14,False,5970,Donald Cox,0,921,1038,9,763,Ron Barker,0,1063,1042,8,17,4,1999-01-16,False
4938,14,False,5970,Donald Cox,0,921,1038,9,4095,Mengus Reeves,0,955,947,11,18,4,1999-01-16,False
4939,14,False,5970,Donald Cox,0,921,1038,9,27,Myrna Cohen,0,764,928,7,19,4,1999-01-16,False
4940,15,False,285,Danny Kidd,0,1059,1036,5,1238,Dolores Alioto,0,944,946,7,1,3,1999-01-30,False
4941,15,False,285,Danny Kidd,0,1059,1036,5,682,Mason Shambach,0,903,919,6,4,3,1999-01-30,False
4942,15,False,285,Danny Kidd,0,1059,1036,5,3546,Tobi Bell,0,1037,999,8,6,3,1999-01-30,False
4943,15,False,682,Mason Shambach,0,903,919,6,1235,Leianna Dutton,0,1070,1065,2,1,3,1999-01-30,False
4944,15,False,682,Mason Shambach,0,903,919,6,3546,Tobi Bell,0,1037,999,8,3,3,1999-01-30,False
4945,15,False,682,Mason Shambach,0,903,919,6,819,Steve Robbins,0,1042,1043,4,7,3,1999-01-30,False
4946,15,False,797,Paul Epstein,0,1986,1962,2,2451,Pat Badgley,0,1498,1509,6,2,1,1999-01-30,False
4947,15,False,797,Paul Epstein,0,1986,1962,2,2457,Mary Ellen Raleigh,0,1522,1548,3,3,1,1999-01-30,False
4948,15,False,797,Paul Epstein,0,1986,1962,2,3351,Jerome Boyd,0,1537,1540,7,4,1,1999-01-30,False
4949,15,False,797,Paul Epstein,0,1986,1962,2,3427,Dianne Thomas,0,1563,1561,5,5,1,1999-01-30,False
4950,15,False,797,Paul Epstein,0,1986,1962,2,2351,Ken Lambe,0,1624,1610,4,6,1,1999-01-30,False
4951,15,False,799,Ron Hoekstra,0,1693,1705,1,2451,Pat Badgley,0,1498,1509,6,1,1,1999-01-30,False
4952,15,False,799,Ron Hoekstra,0,1693,1705,1,3351,Jerome Boyd,0,1537,1540,7,2,1,1999-01-30,False
4953,15,False,799,Ron Hoekstra,0,1693,1705,1,2351,Ken Lambe,0,1624,1610,4,3,1,1999-01-30,False
4954,15,False,799,Ron Hoekstra,0,1693,1705,1,3427,Dianne Thomas,0,1563,1561,5,6,1,1999-01-30,False
4955,15,False,799,Ron Hoekstra,0,1693,1705,1,797,Paul Epstein,0,1986,1962,2,7,1,1999-01-30,False
4956,15,False,818,Jim Wedell,0,996,1027,1,3546,Tobi Bell,0,1037,999,8,1,3,1999-01-30,False
4957,15,False,818,Jim Wedell,0,996,1027,1,285,Danny Kidd,0,1059,1036,5,2,3,1999-01-30,False
4958,15,False,818,Jim Wedell,0,996,1027,1,1238,Dolores Alioto,0,944,946,7,3,3,1999-01-30,False
4959,15,False,818,Jim Wedell,0,996,1027,1,682,Mason Shambach,0,903,919,6,6,3,1999-01-30,False
4960,15,False,818,Jim Wedell,0,996,1027,1,2466,Roberta J F Wray,0,945,967,3,7,3,1999-01-30,False
4961,15,False,819,Steve Robbins,0,1042,1043,4,2466,Roberta J F Wray,0,945,967,3,1,3,1999-01-30,False
4962,15,False,819,Steve Robbins,0,1042,1043,4,285,Danny Kidd,0,1059,1036,5,3,3,1999-01-30,False
4963,15,False,819,Steve Robbins,0,1042,1043,4,818,Jim Wedell,0,996,1027,1,5,3,1999-01-30,False
4964,15,False,819,Steve Robbins,0,1042,1043,4,1235,Leianna Dutton,0,1070,1065,2,6,3,1999-01-30,False
4965,15,False,830,Sophia Murzin,0,897,880,4,3865,Jill Clissold,0,727,750,3,3,4,1999-01-30,False
4966,15,False,830,Sophia Murzin,0,897,880,4,4304,Victoria Karlyle,0,779,804,2,5,4,1999-01-30,False
4967,15,False,830,Sophia Murzin,0,897,880,4,1236,Kathleen Washburn,0,845,858,1,7,4,1999-01-30,False
4968,15,False,1235,Leianna Dutton,0,1070,1065,2,1238,Dolores Alioto,0,944,946,7,2,3,1999-01-30,False
4969,15,False,1235,Leianna Dutton,0,1070,1065,2,818,Jim Wedell,0,996,1027,1,4,3,1999-01-30,False
4970,15,False,1235,Leianna Dutton,0,1070,1065,2,3546,Tobi Bell,0,1037,999,8,5,3,1999-01-30,False
4971,15,False,1235,Leianna Dutton,0,1070,1065,2,285,Danny Kidd,0,1059,1036,5,7,3,1999-01-30,False
4972,15,False,1236,Kathleen Washburn,0,845,858,1,2922,Joe Seeyah,0,0,807,5,1,4,1999-01-30,False
4973,15,False,1236,Kathleen Washburn,0,845,858,1,18669,Mary Walker,0,749,736,7,2,4,1999-01-30,False
4974,15,False,1236,Kathleen Washburn,0,845,858,1,1240,Barbara Lafayette,0,844,817,6,3,4,1999-01-30,False
4975,15,False,1236,Kathleen Washburn,0,845,858,1,3865,Jill Clissold,0,727,750,3,5,4,1999-01-30,False
4976,15,False,1238,Dolores Alioto,0,944,946,7,819,Steve Robbins,0,1042,1043,4,4,3,1999-01-30,False
4977,15,False,1238,Dolores Alioto,0,944,946,7,682,Mason Shambach,0,903,919,6,5,3,1999-01-30,False
4978,15,False,1238,Dolores Alioto,0,944,946,7,2466,Roberta J F Wray,0,945,967,3,6,3,1999-01-30,False
4979,15,False,1240,Barbara Lafayette,0,844,817,6,18669,Mary Walker,0,749,736,7,5,4,1999-01-30,False
4980,15,False,1240,Barbara Lafayette,0,844,817,6,830,Sophia Murzin,0,897,880,4,6,4,1999-01-30,False
4981,15,False,1411,Kit Morehead,0,1424,1402,3,3220,Mark Olin,0,1231,1229,7,3,2,1999-01-30,False
4982,15,False,1411,Kit Morehead,0,1424,1402,3,3063,Dorothy Laws,0,1234,1273,1,4,2,1999-01-30,False
4983,15,False,1411,Kit Morehead,0,1424,1402,3,1630,Bill Menor,0,1313,1274,8,5,2,1999-01-30,False
4984,15,False,1411,Kit Morehead,0,1424,1402,3,2455,David Ross,0,1331,1328,2,6,2,1999-01-30,False
4985,15,False,1414,Eve Jones,0,1138,1177,4,1411,Kit Morehead,0,1424,1402,3,2,2,1999-01-30,False
4986,15,False,1414,Eve Jones,0,1138,1177,4,3063,Dorothy Laws,0,1234,1273,1,3,2,1999-01-30,False
4987,15,False,1414,Eve Jones,0,1138,1177,4,5975,Mitch Pollack,0,1132,1150,6,5,2,1999-01-30,False
4988,15,False,1414,Eve Jones,0,1138,1177,4,3220,Mark Olin,0,1231,1229,7,6,2,1999-01-30,False
4989,15,False,1458,Karrie Bowe,0,1338,1313,5,1414,Eve Jones,0,1138,1177,4,1,2,1999-01-30,False
4990,15,False,1458,Karrie Bowe,0,1338,1313,5,5975,Mitch Pollack,0,1132,1150,6,4,2,1999-01-30,False
4991,15,False,1458,Karrie Bowe,0,1338,1313,5,1411,Kit Morehead,0,1424,1402,3,7,2,1999-01-30,False
4992,15,False,1630,Bill Menor,0,1313,1274,8,1458,Karrie Bowe,0,1338,1313,5,6,2,1999-01-30,False
4993,15,False,1630,Bill Menor,0,1313,1274,8,1414,Eve Jones,0,1138,1177,4,7,2,1999-01-30,False
4994,15,False,2351,Ken Lambe,0,1624,1610,4,2457,Mary Ellen Raleigh,0,1522,1548,3,1,1,1999-01-30,False
4995,15,False,2351,Ken Lambe,0,1624,1610,4,3351,Jerome Boyd,0,1537,1540,7,5,1,1999-01-30,False
4996,15,False,2351,Ken Lambe,0,1624,1610,4,2452,Virginia Hampton,0,1477,1472,8,7,1,1999-01-30,False
4997,15,False,2451,Pat Badgley,0,1498,1509,6,2351,Ken Lambe,0,1624,1610,4,4,1,1999-01-30,False
4998,15,False,2451,Pat Badgley,0,1498,1509,6,2452,Virginia Hampton,0,1477,1472,8,5,1,1999-01-30,False
4999,15,False,2451,Pat Badgley,0,1498,1509,6,3427,Dianne Thomas,0,1563,1561,5,7,1,1999-01-30,False
5000,15,False,2452,Virginia Hampton,0,1477,1472,8,797,Paul Epstein,0,1986,1962,2,1,1,1999-01-30,False
5001,15,False,2452,Virginia Hampton,0,1477,1472,8,799,Ron Hoekstra,0,1693,1705,1,4,1,1999-01-30,False
5002,15,False,2455,David Ross,0,1331,1328,2,1630,Bill Menor,0,1313,1274,8,2,2,1999-01-30,False
5003,15,False,2455,David Ross,0,1331,1328,2,1458,Karrie Bowe,0,1338,1313,5,3,2,1999-01-30,False
5004,15,False,2455,David Ross,0,1331,1328,2,1414,Eve Jones,0,1138,1177,4,4,2,1999-01-30,False
5005,15,False,2455,David Ross,0,1331,1328,2,5975,Mitch Pollack,0,1132,1150,6,7,2,1999-01-30,False
5006,15,False,2457,Mary Ellen Raleigh,0,1522,1548,3,2452,Virginia Hampton,0,1477,1472,8,2,1,1999-01-30,False
5007,15,False,2457,Mary Ellen Raleigh,0,1522,1548,3,3427,Dianne Thomas,0,1563,1561,5,4,1,1999-01-30,False
5008,15,False,2457,Mary Ellen Raleigh,0,1522,1548,3,799,Ron Hoekstra,0,1693,1705,1,5,1,1999-01-30,False
5009,15,False,2457,Mary Ellen Raleigh,0,1522,1548,3,2451,Pat Badgley,0,1498,1509,6,6,1,1999-01-30,False
5010,15,False,2466,Roberta J F Wray,0,945,967,3,682,Mason Shambach,0,903,919,6,2,3,1999-01-30,False
5011,15,False,2466,Roberta J F Wray,0,945,967,3,1235,Leianna Dutton,0,1070,1065,2,3,3,1999-01-30,False
5012,15,False,2466,Roberta J F Wray,0,945,967,3,3546,Tobi Bell,0,1037,999,8,4,3,1999-01-30,False
5013,15,False,2466,Roberta J F Wray,0,945,967,3,285,Danny Kidd,0,1059,1036,5,5,3,1999-01-30,False
5014,15,False,2922,Joe Seeyah,0,0,807,5,830,Sophia Murzin,0,897,880,4,2,4,1999-01-30,False
5015,15,False,2922,Joe Seeyah,0,0,807,5,1240,Barbara Lafayette,0,844,817,6,4,4,1999-01-30,False
5016,15,False,2922,Joe Seeyah,0,0,807,5,4304,Victoria Karlyle,0,779,804,2,7,4,1999-01-30,False
5017,15,False,3063,Dorothy Laws,0,1234,1273,1,1630,Bill Menor,0,1313,1274,8,1,2,1999-01-30,False
5018,15,False,3063,Dorothy Laws,0,1234,1273,1,1458,Karrie Bowe,0,1338,1313,5,2,2,1999-01-30,False
5019,15,False,3063,Dorothy Laws,0,1234,1273,1,2455,David Ross,0,1331,1328,2,5,2,1999-01-30,False
5020,15,False,3063,Dorothy Laws,0,1234,1273,1,5975,Mitch Pollack,0,1132,1150,6,6,2,1999-01-30,False
5021,15,False,3063,Dorothy Laws,0,1234,1273,1,3220,Mark Olin,0,1231,1229,7,7,2,1999-01-30,False
5022,15,False,3220,Mark Olin,0,1231,1229,7,2455,David Ross,0,1331,1328,2,1,2,1999-01-30,False
5023,15,False,3220,Mark Olin,0,1231,1229,7,1630,Bill Menor,0,1313,1274,8,4,2,1999-01-30,False
5024,15,False,3220,Mark Olin,0,1231,1229,7,1458,Karrie Bowe,0,1338,1313,5,5,2,1999-01-30,False
5025,15,False,3351,Jerome Boyd,0,1537,1540,7,2451,Pat Badgley,0,1498,1509,6,3,1,1999-01-30,False
5026,15,False,3351,Jerome Boyd,0,1537,1540,7,2452,Virginia Hampton,0,1477,1472,8,6,1,1999-01-30,False
5027,15,False,3351,Jerome Boyd,0,1537,1540,7,2457,Mary Ellen Raleigh,0,1522,1548,3,7,1,1999-01-30,False
5028,15,False,18669,Mary Walker,0,749,736,7,2922,Joe Seeyah,0,0,807,5,3,4,1999-01-30,False
5029,15,False,18669,Mary Walker,0,749,736,7,830,Sophia Murzin,0,897,880,4,4,4,1999-01-30,False
5030,15,False,3427,Dianne Thomas,0,1563,1561,5,3351,Jerome Boyd,0,1537,1540,7,1,1,1999-01-30,False
5031,15,False,3427,Dianne Thomas,0,1563,1561,5,2351,Ken Lambe,0,1624,1610,4,2,1,1999-01-30,False
5032,15,False,3427,Dianne Thomas,0,1563,1561,5,2452,Virginia Hampton,0,1477,1472,8,3,1,1999-01-30,False
5033,15,False,3865,Jill Clissold,0,727,750,3,1240,Barbara Lafayette,0,844,817,6,1,4,1999-01-30,False
5034,15,False,3865,Jill Clissold,0,727,750,3,2922,Joe Seeyah,0,0,807,5,6,4,1999-01-30,False
5035,15,False,3865,Jill Clissold,0,727,750,3,18669,Mary Walker,0,749,736,7,7,4,1999-01-30,False
5036,15,False,4304,Victoria Karlyle,0,779,804,2,18669,Mary Walker,0,749,736,7,1,4,1999-01-30,False
5037,15,False,4304,Victoria Karlyle,0,779,804,2,1240,Barbara Lafayette,0,844,817,6,2,4,1999-01-30,False
5038,15,False,4304,Victoria Karlyle,0,779,804,2,3865,Jill Clissold,0,727,750,3,4,4,1999-01-30,False
5039,15,False,4304,Victoria Karlyle,0,779,804,2,1236,Kathleen Washburn,0,845,858,1,6,4,1999-01-30,False
5040,15,False,5975,Mitch Pollack,0,1132,1150,6,1411,Kit Morehead,0,1424,1402,3,1,2,1999-01-30,False
5041,15,False,5975,Mitch Pollack,0,1132,1150,6,3220,Mark Olin,0,1231,1229,7,2,2,1999-01-30,False
5042,15,False,5975,Mitch Pollack,0,1132,1150,6,1630,Bill Menor,0,1313,1274,8,3,2,1999-01-30,False
5043,15,False,3546,Tobi Bell,0,1037,999,8,819,Steve Robbins,0,1042,1043,4,2,3,1999-01-30,False
5044,15,False,3546,Tobi Bell,0,1037,999,8,1238,Dolores Alioto,0,944,946,7,7,3,1999-01-30,False
5045,16,False,37,Ron Tiekert,0,2034,1982,9,268,Harriette Lakernick,0,1684,1670,16,1,1,1999-02-19,False
5046,16,False,37,Ron Tiekert,0,2034,1982,9,5936,John Attamack,0,1716,1766,8,2,1,1999-02-19,False
5047,16,False,37,Ron Tiekert,0,2034,1982,9,2994,Jim Pate,0,1772,1726,15,3,1,1999-02-19,False
5048,16,False,37,Ron Tiekert,0,2034,1982,9,2627,Randy Hersom,0,1869,1874,4,5,1,1999-02-19,False
5049,16,False,37,Ron Tiekert,0,2034,1982,9,65,Susi Tiekert,0,1666,1677,13,7,1,1999-02-19,False
5050,16,False,37,Ron Tiekert,0,2034,1982,9,435,Chris Cree,0,1798,1822,6,10,1,1999-02-19,False
5051,16,False,37,Ron Tiekert,0,2034,1982,9,44,Paul Avrin,0,1780,1772,11,15,1,1999-02-19,False
5052,16,False,44,Paul Avrin,0,1780,1772,11,65,Susi Tiekert,0,1666,1677,13,3,1,1999-02-19,False
5053,16,False,44,Paul Avrin,0,1780,1772,11,435,Chris Cree,0,1798,1822,6,6,1,1999-02-19,False
5054,16,False,44,Paul Avrin,0,1780,1772,11,37,Ron Tiekert,0,2034,1982,9,9,1,1999-02-19,False
5055,16,False,44,Paul Avrin,0,1780,1772,11,2994,Jim Pate,0,1772,1726,15,11,1,1999-02-19,False
5056,16,False,44,Paul Avrin,0,1780,1772,11,1448,Marlene Milkent,0,1790,1760,12,12,1,1999-02-19,False
5057,16,False,44,Paul Avrin,0,1780,1772,11,2994,Jim Pate,0,1772,1726,15,14,1,1999-02-19,False
5058,16,False,53,Joel Sherman,0,1989,1996,3,853,Tracy Cobbs,0,1703,1727,10,1,1,1999-02-19,False
5059,16,False,53,Joel Sherman,0,1989,1996,3,44,Paul Avrin,0,1780,1772,11,2,1,1999-02-19,False
5060,16,False,53,Joel Sherman,0,1989,1996,3,2865,Martin Weisskopf,0,1775,1801,7,3,1,1999-02-19,False
5061,16,False,53,Joel Sherman,0,1989,1996,3,5216,Richard Ross,0,1924,1924,5,5,1,1999-02-19,False
5062,16,False,53,Joel Sherman,0,1989,1996,3,37,Ron Tiekert,0,2034,1982,9,6,1,1999-02-19,False
5063,16,False,53,Joel Sherman,0,1989,1996,3,5936,John Attamack,0,1716,1766,8,8,1,1999-02-19,False
5064,16,False,53,Joel Sherman,0,1989,1996,3,2994,Jim Pate,0,1772,1726,15,9,1,1999-02-19,False
5065,16,False,53,Joel Sherman,0,1989,1996,3,3707,Tunde Ogunyemi,0,1833,1775,14,10,1,1999-02-19,False
5066,16,False,53,Joel Sherman,0,1989,1996,3,2030,Jeremiah Mead,0,2020,2029,2,12,1,1999-02-19,False
5067,16,False,53,Joel Sherman,0,1989,1996,3,65,Susi Tiekert,0,1666,1677,13,13,1,1999-02-19,False
5068,16,False,53,Joel Sherman,0,1989,1996,3,5216,Richard Ross,0,1924,1924,5,14,1,1999-02-19,False
5069,16,False,65,Susi Tiekert,0,1666,1677,13,853,Tracy Cobbs,0,1703,1727,10,2,1,1999-02-19,False
5070,16,False,65,Susi Tiekert,0,1666,1677,13,2865,Martin Weisskopf,0,1775,1801,7,4,1,1999-02-19,False
5071,16,False,65,Susi Tiekert,0,1666,1677,13,2627,Randy Hersom,0,1869,1874,4,12,1,1999-02-19,False
5072,16,False,65,Susi Tiekert,0,1666,1677,13,268,Harriette Lakernick,0,1684,1670,16,14,1,1999-02-19,False
5073,16,False,65,Susi Tiekert,0,1666,1677,13,2994,Jim Pate,0,1772,1726,15,15,1,1999-02-19,False
5074,16,False,268,Harriette Lakernick,0,1684,1670,16,53,Joel Sherman,0,1989,1996,3,7,1,1999-02-19,False
5075,16,False,268,Harriette Lakernick,0,1684,1670,16,65,Susi Tiekert,0,1666,1677,13,8,1,1999-02-19,False
5076,16,False,268,Harriette Lakernick,0,1684,1670,16,853,Tracy Cobbs,0,1703,1727,10,9,1,1999-02-19,False
5077,16,False,268,Harriette Lakernick,0,1684,1670,16,2865,Martin Weisskopf,0,1775,1801,7,10,1,1999-02-19,False
5078,16,False,1465,Jan Fisher,0,1590,1563,7,2590,Raymond Slaughter,0,1389,1373,12,2,2,1999-02-19,False
5079,16,False,1465,Jan Fisher,0,1590,1563,7,1816,Toni Douglas,0,1419,1431,5,3,2,1999-02-19,False
5080,16,False,1465,Jan Fisher,0,1590,1563,7,5448,Richard Benjamin,0,1208,1230,14,7,2,1999-02-19,False
5081,16,False,1465,Jan Fisher,0,1590,1563,7,1191,Jacqueline Camper,0,1373,1420,6,8,2,1999-02-19,False
5082,16,False,1465,Jan Fisher,0,1590,1563,7,1817,Margaret Swanson,0,1407,1399,13,9,2,1999-02-19,False
5083,16,False,1465,Jan Fisher,0,1590,1563,7,2521,Joann Burchett,0,0,1361,10,10,2,1999-02-19,False
5084,16,False,1465,Jan Fisher,0,1590,1563,7,2867,Mary Ellen Weisskopf,0,1658,1633,2,13,2,1999-02-19,False
5085,16,False,1465,Jan Fisher,0,1590,1563,7,1191,Jacqueline Camper,0,1373,1420,6,15,2,1999-02-19,False
5086,16,False,283,Marie Gier,0,1054,1162,7,3542,Stephen Dennis,0,1352,1324,8,1,3,1999-02-19,False
5087,16,False,283,Marie Gier,0,1054,1162,7,5456,Erma Bowens,0,1120,1147,13,2,3,1999-02-19,False
5088,16,False,283,Marie Gier,0,1054,1162,7,5455,Barbara Jordan,0,1166,1151,14,3,3,1999-02-19,False
5089,16,False,283,Marie Gier,0,1054,1162,7,1372,Robert Gillis,0,1194,1261,1,4,3,1999-02-19,False
5090,16,False,283,Marie Gier,0,1054,1162,7,388,Paul Myers,0,1324,1220,17,5,3,1999-02-19,False
5091,16,False,283,Marie Gier,0,1054,1162,7,1828,Georgia T Philpot,0,1100,1064,20,6,3,1999-02-19,False
5092,16,False,283,Marie Gier,0,1054,1162,7,2436,Toni Nicholson,0,1099,1101,16,10,3,1999-02-19,False
5093,16,False,283,Marie Gier,0,1054,1162,7,870,Billie Garver,0,1350,1297,10,11,3,1999-02-19,False
5094,16,False,283,Marie Gier,0,1054,1162,7,1824,Phyllis Atchison,0,1130,1163,11,15,3,1999-02-19,False
5095,16,False,305,Ralph King,0,1403,1376,4,1824,Phyllis Atchison,0,1130,1163,11,3,3,1999-02-19,False
5096,16,False,305,Ralph King,0,1403,1376,4,3200,Kathy Gray,0,1170,1154,15,5,3,1999-02-19,False
5097,16,False,305,Ralph King,0,1403,1376,4,2525,Dick Brittain,0,1185,1192,12,6,3,1999-02-19,False
5098,16,False,305,Ralph King,0,1403,1376,4,4277,Kevin Glenn,0,1219,1219,9,7,3,1999-02-19,False
5099,16,False,305,Ralph King,0,1403,1376,4,1821,Michael Christophel,0,1322,1324,3,8,3,1999-02-19,False
5100,16,False,305,Ralph King,0,1403,1376,4,3542,Stephen Dennis,0,1352,1324,8,10,3,1999-02-19,False
5101,16,False,305,Ralph King,0,1403,1376,4,1828,Georgia T Philpot,0,1100,1064,20,11,3,1999-02-19,False
5102,16,False,305,Ralph King,0,1403,1376,4,865,Justine Zollinger,0,1143,1204,6,12,3,1999-02-19,False
5103,16,False,305,Ralph King,0,1403,1376,4,283,Marie Gier,0,1054,1162,7,14,3,1999-02-19,False
5104,16,False,305,Ralph King,0,1403,1376,4,3542,Stephen Dennis,0,1352,1324,8,15,3,1999-02-19,False
5105,16,False,388,Paul Myers,0,1324,1220,17,1828,Georgia T Philpot,0,1100,1064,20,1,3,1999-02-19,False
5106,16,False,388,Paul Myers,0,1324,1220,17,1819,Joanne Smith,0,1150,1196,5,3,3,1999-02-19,False
5107,16,False,388,Paul Myers,0,1324,1220,17,5455,Barbara Jordan,0,1166,1151,14,7,3,1999-02-19,False
5108,16,False,388,Paul Myers,0,1324,1220,17,870,Billie Garver,0,1350,1297,10,10,3,1999-02-19,False
5109,16,False,388,Paul Myers,0,1324,1220,17,1091,Kathi Cann,0,1163,1120,18,13,3,1999-02-19,False
5110,16,False,435,Chris Cree,0,1798,1822,6,1448,Marlene Milkent,0,1790,1760,12,1,1,1999-02-19,False
5111,16,False,435,Chris Cree,0,1798,1822,6,3707,Tunde Ogunyemi,0,1833,1775,14,2,1,1999-02-19,False
5112,16,False,435,Chris Cree,0,1798,1822,6,2627,Randy Hersom,0,1869,1874,4,3,1,1999-02-19,False
5113,16,False,435,Chris Cree,0,1798,1822,6,53,Joel Sherman,0,1989,1996,3,4,1,1999-02-19,False
5114,16,False,435,Chris Cree,401,1798,1822,6,1389,Trip Payne,383,1892,1958,1,9,1,1999-02-19,False
5115,16,False,435,Chris Cree,0,1798,1822,6,268,Harriette Lakernick,0,1684,1670,16,11,1,1999-02-19,False
5116,16,False,435,Chris Cree,0,1798,1822,6,2994,Jim Pate,0,1772,1726,15,13,1,1999-02-19,False
5117,16,False,435,Chris Cree,0,1798,1822,6,37,Ron Tiekert,0,2034,1982,9,14,1,1999-02-19,False
5118,16,False,853,Tracy Cobbs,0,1703,1727,10,44,Paul Avrin,0,1780,1772,11,4,1,1999-02-19,False
5119,16,False,853,Tracy Cobbs,0,1703,1727,10,435,Chris Cree,0,1798,1822,6,5,1,1999-02-19,False
5120,16,False,853,Tracy Cobbs,0,1703,1727,10,37,Ron Tiekert,0,2034,1982,9,8,1,1999-02-19,False
5121,16,False,853,Tracy Cobbs,0,1703,1727,10,3707,Tunde Ogunyemi,0,1833,1775,14,12,1,1999-02-19,False
5122,16,False,853,Tracy Cobbs,0,1703,1727,10,3707,Tunde Ogunyemi,0,1833,1775,14,14,1,1999-02-19,False
5123,16,False,853,Tracy Cobbs,0,1703,1727,10,1448,Marlene Milkent,0,1790,1760,12,15,1,1999-02-19,False
5124,16,False,865,Justine Zollinger,0,1143,1204,6,388,Paul Myers,0,1324,1220,17,2,3,1999-02-19,False
5125,16,False,865,Justine Zollinger,0,1143,1204,6,1828,Georgia T Philpot,0,1100,1064,20,3,3,1999-02-19,False
5126,16,False,865,Justine Zollinger,0,1143,1204,6,1829,Kaaren Dolinsky,0,1314,1339,2,6,3,1999-02-19,False
5127,16,False,865,Justine Zollinger,0,1143,1204,6,283,Marie Gier,0,1054,1162,7,7,3,1999-02-19,False
5128,16,False,865,Justine Zollinger,0,1143,1204,6,5456,Erma Bowens,0,1120,1147,13,8,3,1999-02-19,False
5129,16,False,865,Justine Zollinger,0,1143,1204,6,5455,Barbara Jordan,0,1166,1151,14,9,3,1999-02-19,False
5130,16,False,865,Justine Zollinger,0,1143,1204,6,1091,Kathi Cann,0,1163,1120,18,10,3,1999-02-19,False
5131,16,False,865,Justine Zollinger,0,1143,1204,6,870,Billie Garver,0,1350,1297,10,13,3,1999-02-19,False
5132,16,False,865,Justine Zollinger,0,1143,1204,6,4277,Kevin Glenn,0,1219,1219,9,15,3,1999-02-19,False
5133,16,False,870,Billie Garver,0,1350,1297,10,1091,Kathi Cann,0,1163,1120,18,2,3,1999-02-19,False
5134,16,False,870,Billie Garver,0,1350,1297,10,2525,Dick Brittain,0,1185,1192,12,3,3,1999-02-19,False
5135,16,False,870,Billie Garver,0,1350,1297,10,2436,Toni Nicholson,0,1099,1101,16,5,3,1999-02-19,False
5136,16,False,870,Billie Garver,0,1350,1297,10,1824,Phyllis Atchison,0,1130,1163,11,6,3,1999-02-19,False
5137,16,False,870,Billie Garver,0,1350,1297,10,3200,Kathy Gray,0,1170,1154,15,7,3,1999-02-19,False
5138,16,False,870,Billie Garver,0,1350,1297,10,305,Ralph King,0,1403,1376,4,9,3,1999-02-19,False
5139,16,False,870,Billie Garver,0,1350,1297,10,5456,Erma Bowens,0,1120,1147,13,12,3,1999-02-19,False
5140,16,False,870,Billie Garver,0,1350,1297,10,2525,Dick Brittain,0,1185,1192,12,15,3,1999-02-19,False
5141,16,False,877,Virginia Wood,0,899,889,13,2593,Joyce Slaughter,0,775,750,19,1,4,1999-02-19,False
5142,16,False,877,Virginia Wood,0,899,889,13,1834,Sharon Downing,0,1005,1003,6,3,4,1999-02-19,False
5143,16,False,877,Virginia Wood,0,899,889,13,5792,Dottie Freeman,0,0,548,22,5,4,1999-02-19,False
5144,16,False,877,Virginia Wood,0,899,889,13,1509,Wendell Smith,0,1050,1029,9,9,4,1999-02-19,False
5145,16,False,877,Virginia Wood,0,899,889,13,4981,Angelina Downing,0,400,406,23,11,4,1999-02-19,False
5146,16,False,877,Virginia Wood,0,899,889,13,4734,Lincoln Carter,0,913,864,15,12,4,1999-02-19,False
5147,16,False,877,Virginia Wood,0,899,889,13,2883,Mary Mathews,0,854,837,17,13,4,1999-02-19,False
5148,16,False,903,Rebecca Soble,0,0,801,16,1837,Janette Ford,0,1048,1023,7,1,4,1999-02-19,False
5149,16,False,903,Rebecca Soble,0,0,801,16,5709,Keith Osbon,0,1018,1044,1,6,4,1999-02-19,False
5150,16,False,903,Rebecca Soble,0,0,801,16,5238,Mark Wutka,0,0,1082,5,7,4,1999-02-19,False
5151,16,False,903,Rebecca Soble,0,0,801,16,1830,Vicki Blizzard,0,697,777,14,9,4,1999-02-19,False
5152,16,False,903,Rebecca Soble,0,0,801,16,4734,Lincoln Carter,0,913,864,15,10,4,1999-02-19,False
5153,16,False,903,Rebecca Soble,0,0,801,16,2593,Joyce Slaughter,0,775,750,19,14,4,1999-02-19,False
5154,16,False,1091,Kathi Cann,0,1163,1120,18,2875,Eileen Willis,0,1092,1059,19,3,3,1999-02-19,False
5155,16,False,1091,Kathi Cann,0,1163,1120,18,305,Ralph King,0,1403,1376,4,4,3,1999-02-19,False
5156,16,False,1091,Kathi Cann,0,1163,1120,18,2436,Toni Nicholson,0,1099,1101,16,7,3,1999-02-19,False
5157,16,False,1091,Kathi Cann,0,1163,1120,18,1828,Georgia T Philpot,0,1100,1064,20,15,3,1999-02-19,False
5158,16,False,1191,Jacqueline Camper,0,1373,1420,6,2744,Jerri Bergeron,0,1578,1541,4,1,2,1999-02-19,False
5159,16,False,1191,Jacqueline Camper,0,1373,1420,6,5448,Richard Benjamin,0,1208,1230,14,2,2,1999-02-19,False
5160,16,False,1191,Jacqueline Camper,0,1373,1420,6,2867,Mary Ellen Weisskopf,0,1658,1633,2,3,2,1999-02-19,False
5161,16,False,1191,Jacqueline Camper,0,1373,1420,6,1814,Ray Smith,0,1563,1544,3,7,2,1999-02-19,False
5162,16,False,1191,Jacqueline Camper,0,1373,1420,6,2485,Varney Senii,0,1278,1336,9,9,2,1999-02-19,False
5163,16,False,1191,Jacqueline Camper,0,1373,1420,6,2590,Raymond Slaughter,0,1389,1373,12,10,2,1999-02-19,False
5164,16,False,1191,Jacqueline Camper,0,1373,1420,6,1330,Carl Davis,0,1481,1535,1,12,2,1999-02-19,False
5165,16,False,1191,Jacqueline Camper,0,1373,1420,6,2523,Becky Brittain,0,1513,1453,11,13,2,1999-02-19,False
5166,16,False,1330,Carl Davis,0,1481,1535,1,2521,Joann Burchett,0,0,1361,10,1,2,1999-02-19,False
5167,16,False,1330,Carl Davis,0,1481,1535,1,1465,Jan Fisher,0,1590,1563,7,4,2,1999-02-19,False
5168,16,False,1330,Carl Davis,0,1481,1535,1,2590,Raymond Slaughter,0,1389,1373,12,6,2,1999-02-19,False
5169,16,False,1330,Carl Davis,0,1481,1535,1,1816,Toni Douglas,0,1419,1431,5,7,2,1999-02-19,False
5170,16,False,1330,Carl Davis,0,1481,1535,1,2867,Mary Ellen Weisskopf,0,1658,1633,2,8,2,1999-02-19,False
5171,16,False,1330,Carl Davis,0,1481,1535,1,2523,Becky Brittain,0,1513,1453,11,9,2,1999-02-19,False
5172,16,False,1330,Carl Davis,0,1481,1535,1,2744,Jerri Bergeron,0,1578,1541,4,10,2,1999-02-19,False
5173,16,False,1330,Carl Davis,0,1481,1535,1,5448,Richard Benjamin,0,1208,1230,14,11,2,1999-02-19,False
5174,16,False,1330,Carl Davis,0,1481,1535,1,2744,Jerri Bergeron,0,1578,1541,4,14,2,1999-02-19,False
5175,16,False,1330,Carl Davis,0,1481,1535,1,1814,Ray Smith,0,1563,1544,3,15,2,1999-02-19,False
5176,16,False,1331,Michelle Davis,0,1414,1417,8,1330,Carl Davis,0,1481,1535,1,2,2,1999-02-19,False
5177,16,False,1331,Michelle Davis,0,1414,1417,8,2744,Jerri Bergeron,0,1578,1541,4,4,2,1999-02-19,False
5178,16,False,1331,Michelle Davis,0,1414,1417,8,5448,Richard Benjamin,0,1208,1230,14,5,2,1999-02-19,False
5179,16,False,1331,Michelle Davis,0,1414,1417,8,1191,Jacqueline Camper,0,1373,1420,6,6,2,1999-02-19,False
5180,16,False,1331,Michelle Davis,0,1414,1417,8,1465,Jan Fisher,0,1590,1563,7,11,2,1999-02-19,False
5181,16,False,1331,Michelle Davis,0,1414,1417,8,2521,Joann Burchett,0,0,1361,10,14,2,1999-02-19,False
5182,16,False,1331,Michelle Davis,0,1414,1417,8,2523,Becky Brittain,0,1513,1453,11,15,2,1999-02-19,False
5183,16,False,1372,Robert Gillis,0,1194,1261,1,865,Justine Zollinger,0,1143,1204,6,1,3,1999-02-19,False
5184,16,False,1372,Robert Gillis,0,1194,1261,1,1819,Joanne Smith,0,1150,1196,5,2,3,1999-02-19,False
5185,16,False,1372,Robert Gillis,0,1194,1261,1,1829,Kaaren Dolinsky,0,1314,1339,2,3,3,1999-02-19,False
5186,16,False,1372,Robert Gillis,0,1194,1261,1,5456,Erma Bowens,0,1120,1147,13,5,3,1999-02-19,False
5187,16,False,1372,Robert Gillis,0,1194,1261,1,388,Paul Myers,0,1324,1220,17,8,3,1999-02-19,False
5188,16,False,1372,Robert Gillis,0,1194,1261,1,1828,Georgia T Philpot,0,1100,1064,20,9,3,1999-02-19,False
5189,16,False,1372,Robert Gillis,0,1194,1261,1,4277,Kevin Glenn,0,1219,1219,9,10,3,1999-02-19,False
5190,16,False,1372,Robert Gillis,0,1194,1261,1,3200,Kathy Gray,0,1170,1154,15,11,3,1999-02-19,False
5191,16,False,1372,Robert Gillis,0,1194,1261,1,1824,Phyllis Atchison,0,1130,1163,11,12,3,1999-02-19,False
5192,16,False,1372,Robert Gillis,0,1194,1261,1,2875,Eileen Willis,0,1092,1059,19,13,3,1999-02-19,False
5193,16,False,1372,Robert Gillis,0,1194,1261,1,1819,Joanne Smith,0,1150,1196,5,14,3,1999-02-19,False
5194,16,False,1389,Trip Payne,431,1892,1958,1,2994,Jim Pate,382,1772,1726,15,1,1,1999-02-19,False
5195,16,False,1389,Trip Payne,392,1892,1958,1,1448,Marlene Milkent,302,1790,1760,12,2,1,1999-02-19,False
5196,16,False,1389,Trip Payne,357,1892,1958,1,3707,Tunde Ogunyemi,347,1833,1775,14,3,1,1999-02-19,False
5197,16,False,1389,Trip Payne,407,1892,1958,1,65,Susi Tiekert,315,1666,1677,13,5,1,1999-02-19,False
5198,16,False,1389,Trip Payne,428,1892,1958,1,853,Tracy Cobbs,394,1703,1727,10,6,1,1999-02-19,False
5199,16,False,1389,Trip Payne,470,1892,1958,1,44,Paul Avrin,320,1780,1772,11,7,1,1999-02-19,False
5200,16,False,1389,Trip Payne,423,1892,1958,1,2865,Martin Weisskopf,382,1775,1801,7,8,1,1999-02-19,False
5201,16,False,1389,Trip Payne,404,1892,1958,1,5216,Richard Ross,318,1924,1924,5,10,1,1999-02-19,False
5202,16,False,1389,Trip Payne,438,1892,1958,1,37,Ron Tiekert,301,2034,1982,9,11,1,1999-02-19,False
5203,16,False,1389,Trip Payne,466,1892,1958,1,268,Harriette Lakernick,297,1684,1670,16,12,1,1999-02-19,False
5204,16,False,1389,Trip Payne,411,1892,1958,1,5936,John Attamack,326,1716,1766,8,13,1,1999-02-19,False
5205,16,False,1389,Trip Payne,391,1892,1958,1,2030,Jeremiah Mead,329,2020,2029,2,14,1,1999-02-19,False
5206,16,False,1389,Trip Payne,368,1892,1958,1,53,Joel Sherman,367,1989,1996,3,15,1,1999-02-19,False
5207,16,False,1415,Rosemarie Leitzell,0,1105,1123,2,5938,Dave Wilson,0,0,710,18,2,4,1999-02-19,False
5208,16,False,1415,Rosemarie Leitzell,0,1105,1123,2,5792,Dottie Freeman,0,0,548,22,3,4,1999-02-19,False
5209,16,False,1415,Rosemarie Leitzell,0,1105,1123,2,4981,Angelina Downing,0,400,406,23,4,4,1999-02-19,False
5210,16,False,1415,Rosemarie Leitzell,0,1105,1123,2,1833,Todd Pfalzgraf,0,577,732,12,5,4,1999-02-19,False
5211,16,False,1415,Rosemarie Leitzell,0,1105,1123,2,2593,Joyce Slaughter,0,775,750,19,6,4,1999-02-19,False
5212,16,False,1415,Rosemarie Leitzell,0,1105,1123,2,877,Virginia Wood,0,899,889,13,7,4,1999-02-19,False
5213,16,False,1415,Rosemarie Leitzell,0,1105,1123,2,4536,Jacquitta Ladson,0,962,986,3,9,4,1999-02-19,False
5214,16,False,1415,Rosemarie Leitzell,0,1105,1123,2,1834,Sharon Downing,0,1005,1003,6,10,4,1999-02-19,False
5215,16,False,1415,Rosemarie Leitzell,0,1105,1123,2,4748,Luke Glusco,0,1133,1125,4,12,4,1999-02-19,False
5216,16,False,1415,Rosemarie Leitzell,0,1105,1123,2,1834,Sharon Downing,0,1005,1003,6,14,4,1999-02-19,False
5217,16,False,1415,Rosemarie Leitzell,0,1105,1123,2,4748,Luke Glusco,0,1133,1125,4,15,4,1999-02-19,False
5218,16,False,1448,Marlene Milkent,0,1790,1760,12,37,Ron Tiekert,0,2034,1982,9,4,1,1999-02-19,False
5219,16,False,1448,Marlene Milkent,0,1790,1760,12,2994,Jim Pate,0,1772,1726,15,6,1,1999-02-19,False
5220,16,False,1448,Marlene Milkent,0,1790,1760,12,3707,Tunde Ogunyemi,0,1833,1775,14,8,1,1999-02-19,False
5221,16,False,1448,Marlene Milkent,0,1790,1760,12,65,Susi Tiekert,0,1666,1677,13,10,1,1999-02-19,False
5222,16,False,1448,Marlene Milkent,0,1790,1760,12,853,Tracy Cobbs,0,1703,1727,10,11,1,1999-02-19,False
5223,16,False,1509,Wendell Smith,0,1050,1029,9,5938,Dave Wilson,0,0,710,18,1,4,1999-02-19,False
5224,16,False,1509,Wendell Smith,0,1050,1029,9,2593,Joyce Slaughter,0,775,750,19,3,4,1999-02-19,False
5225,16,False,1509,Wendell Smith,0,1050,1029,9,2441,Avis Turner,0,953,943,11,4,4,1999-02-19,False
5226,16,False,1509,Wendell Smith,0,1050,1029,9,5792,Dottie Freeman,0,0,548,22,7,4,1999-02-19,False
5227,16,False,1509,Wendell Smith,0,1050,1029,9,1833,Todd Pfalzgraf,0,577,732,12,8,4,1999-02-19,False
5228,16,False,1509,Wendell Smith,0,1050,1029,9,4536,Jacquitta Ladson,0,962,986,3,10,4,1999-02-19,False
5229,16,False,1509,Wendell Smith,0,1050,1029,9,1415,Rosemarie Leitzell,0,1105,1123,2,11,4,1999-02-19,False
5230,16,False,1509,Wendell Smith,0,1050,1029,9,903,Rebecca Soble,0,0,801,16,13,4,1999-02-19,False
5231,16,False,1509,Wendell Smith,0,1050,1029,9,2522,Jerry Schwartz,0,955,969,10,14,4,1999-02-19,False
5232,16,False,1814,Ray Smith,0,1563,1544,3,1330,Carl Davis,0,1481,1535,1,3,2,1999-02-19,False
5233,16,False,1814,Ray Smith,0,1563,1544,3,2523,Becky Brittain,0,1513,1453,11,4,2,1999-02-19,False
5234,16,False,1814,Ray Smith,0,1563,1544,3,2744,Jerri Bergeron,0,1578,1541,4,5,2,1999-02-19,False
5235,16,False,1814,Ray Smith,0,1563,1544,3,5448,Richard Benjamin,0,1208,1230,14,6,2,1999-02-19,False
5236,16,False,1814,Ray Smith,0,1563,1544,3,1817,Margaret Swanson,0,1407,1399,13,8,2,1999-02-19,False
5237,16,False,1814,Ray Smith,0,1563,1544,3,2521,Joann Burchett,0,0,1361,10,9,2,1999-02-19,False
5238,16,False,1814,Ray Smith,0,1563,1544,3,1331,Michelle Davis,0,1414,1417,8,10,2,1999-02-19,False
5239,16,False,1814,Ray Smith,0,1563,1544,3,1465,Jan Fisher,0,1590,1563,7,12,2,1999-02-19,False
5240,16,False,1814,Ray Smith,0,1563,1544,3,1191,Jacqueline Camper,0,1373,1420,6,14,2,1999-02-19,False
5241,16,False,1816,Toni Douglas,0,1419,1431,5,1331,Michelle Davis,0,1414,1417,8,1,2,1999-02-19,False
5242,16,False,1816,Toni Douglas,0,1419,1431,5,1814,Ray Smith,0,1563,1544,3,2,2,1999-02-19,False
5243,16,False,1816,Toni Douglas,0,1419,1431,5,5448,Richard Benjamin,0,1208,1230,14,10,2,1999-02-19,False
5244,16,False,1816,Toni Douglas,0,1419,1431,5,1191,Jacqueline Camper,0,1373,1420,6,11,2,1999-02-19,False
5245,16,False,1816,Toni Douglas,0,1419,1431,5,1817,Margaret Swanson,0,1407,1399,13,12,2,1999-02-19,False
5246,16,False,1816,Toni Douglas,0,1419,1431,5,2521,Joann Burchett,0,0,1361,10,13,2,1999-02-19,False
5247,16,False,1816,Toni Douglas,0,1419,1431,5,2485,Varney Senii,0,1278,1336,9,14,2,1999-02-19,False
5248,16,False,1816,Toni Douglas,0,1419,1431,5,2485,Varney Senii,0,1278,1336,9,15,2,1999-02-19,False
5249,16,False,1817,Margaret Swanson,0,1407,1399,13,5448,Richard Benjamin,0,1208,1230,14,3,2,1999-02-19,False
5250,16,False,1817,Margaret Swanson,0,1407,1399,13,1191,Jacqueline Camper,0,1373,1420,6,4,2,1999-02-19,False
5251,16,False,1817,Margaret Swanson,0,1407,1399,13,2521,Joann Burchett,0,0,1361,10,6,2,1999-02-19,False
5252,16,False,1817,Margaret Swanson,0,1407,1399,13,1331,Michelle Davis,0,1414,1417,8,7,2,1999-02-19,False
5253,16,False,1817,Margaret Swanson,0,1407,1399,13,2485,Varney Senii,0,1278,1336,9,10,2,1999-02-19,False
5254,16,False,1821,Michael Christophel,0,1322,1324,3,1824,Phyllis Atchison,0,1130,1163,11,1,3,1999-02-19,False
5255,16,False,1821,Michael Christophel,0,1322,1324,3,3200,Kathy Gray,0,1170,1154,15,2,3,1999-02-19,False
5256,16,False,1821,Michael Christophel,0,1322,1324,3,870,Billie Garver,0,1350,1297,10,4,3,1999-02-19,False
5257,16,False,1821,Michael Christophel,0,1322,1324,3,2875,Eileen Willis,0,1092,1059,19,5,3,1999-02-19,False
5258,16,False,1821,Michael Christophel,0,1322,1324,3,1091,Kathi Cann,0,1163,1120,18,6,3,1999-02-19,False
5259,16,False,1821,Michael Christophel,0,1322,1324,3,2525,Dick Brittain,0,1185,1192,12,7,3,1999-02-19,False
5260,16,False,1821,Michael Christophel,0,1322,1324,3,1829,Kaaren Dolinsky,0,1314,1339,2,10,3,1999-02-19,False
5261,16,False,1821,Michael Christophel,0,1322,1324,3,1828,Georgia T Philpot,0,1100,1064,20,12,3,1999-02-19,False
5262,16,False,1821,Michael Christophel,0,1322,1324,3,865,Justine Zollinger,0,1143,1204,6,14,3,1999-02-19,False
5263,16,False,1821,Michael Christophel,0,1322,1324,3,1819,Joanne Smith,0,1150,1196,5,15,3,1999-02-19,False
5264,16,False,1824,Phyllis Atchison,0,1130,1163,11,2436,Toni Nicholson,0,1099,1101,16,2,3,1999-02-19,False
5265,16,False,1824,Phyllis Atchison,0,1130,1163,11,3200,Kathy Gray,0,1170,1154,15,4,3,1999-02-19,False
5266,16,False,1824,Phyllis Atchison,0,1130,1163,11,4277,Kevin Glenn,0,1219,1219,9,5,3,1999-02-19,False
5267,16,False,1824,Phyllis Atchison,0,1130,1163,11,2875,Eileen Willis,0,1092,1059,19,7,3,1999-02-19,False
5268,16,True,1824,Phyllis Atchison,0,1130,1163,11,1091,Kathi Cann,0,1163,1120,18,8,3,1999-02-19,False
5269,16,False,1824,Phyllis Atchison,0,1130,1163,11,2525,Dick Brittain,0,1185,1192,12,9,3,1999-02-19,False
5270,16,False,1824,Phyllis Atchison,0,1130,1163,11,5455,Barbara Jordan,0,1166,1151,14,11,3,1999-02-19,False
5271,16,False,1824,Phyllis Atchison,0,1130,1163,11,870,Billie Garver,0,1350,1297,10,14,3,1999-02-19,False
5272,16,False,1828,Georgia T Philpot,0,1100,1064,20,5456,Erma Bowens,0,1120,1147,13,7,3,1999-02-19,False
5273,16,False,1828,Georgia T Philpot,0,1100,1064,20,4277,Kevin Glenn,0,1219,1219,9,13,3,1999-02-19,False
5274,16,False,1828,Georgia T Philpot,0,1100,1064,20,1091,Kathi Cann,0,1163,1120,18,14,3,1999-02-19,False
5275,16,False,1829,Kaaren Dolinsky,0,1314,1339,2,5456,Erma Bowens,0,1120,1147,13,1,3,1999-02-19,False
5276,16,False,1829,Kaaren Dolinsky,0,1314,1339,2,5455,Barbara Jordan,0,1166,1151,14,2,3,1999-02-19,False
5277,16,False,1829,Kaaren Dolinsky,0,1314,1339,2,388,Paul Myers,0,1324,1220,17,4,3,1999-02-19,False
5278,16,False,1829,Kaaren Dolinsky,0,1314,1339,2,1828,Georgia T Philpot,0,1100,1064,20,5,3,1999-02-19,False
5279,16,False,1829,Kaaren Dolinsky,0,1314,1339,2,1819,Joanne Smith,0,1150,1196,5,7,3,1999-02-19,False
5280,16,False,1829,Kaaren Dolinsky,0,1314,1339,2,3542,Stephen Dennis,0,1352,1324,8,8,3,1999-02-19,False
5281,16,False,1829,Kaaren Dolinsky,0,1314,1339,2,283,Marie Gier,0,1054,1162,7,9,3,1999-02-19,False
5282,16,False,1829,Kaaren Dolinsky,0,1314,1339,2,1091,Kathi Cann,0,1163,1120,18,12,3,1999-02-19,False
5283,16,False,1829,Kaaren Dolinsky,0,1314,1339,2,1824,Phyllis Atchison,0,1130,1163,11,13,3,1999-02-19,False
5284,16,False,1829,Kaaren Dolinsky,0,1314,1339,2,3542,Stephen Dennis,0,1352,1324,8,14,3,1999-02-19,False
5285,16,False,1829,Kaaren Dolinsky,0,1314,1339,2,1372,Robert Gillis,0,1194,1261,1,15,3,1999-02-19,False
5286,16,False,1830,Vicki Blizzard,0,697,777,14,5457,Willie Collins,0,0,757,20,4,4,1999-02-19,False
5287,16,False,1830,Vicki Blizzard,0,697,777,14,1837,Janette Ford,0,1048,1023,7,8,4,1999-02-19,False
5288,16,False,1830,Vicki Blizzard,0,697,777,14,1844,Lorrell Jones,0,557,542,21,10,4,1999-02-19,False
5289,16,False,1830,Vicki Blizzard,0,697,777,14,2883,Mary Mathews,0,854,837,17,11,4,1999-02-19,False
5290,16,False,1830,Vicki Blizzard,0,697,777,14,1833,Todd Pfalzgraf,0,577,732,12,12,4,1999-02-19,False
5291,16,False,1830,Vicki Blizzard,0,697,777,14,5457,Willie Collins,0,0,757,20,14,4,1999-02-19,False
5292,16,False,1830,Vicki Blizzard,0,697,777,14,5938,Dave Wilson,0,0,710,18,15,4,1999-02-19,False
5293,16,False,1833,Todd Pfalzgraf,0,577,732,12,877,Virginia Wood,0,899,889,13,6,4,1999-02-19,False
5294,16,False,1833,Todd Pfalzgraf,0,577,732,12,5938,Dave Wilson,0,0,710,18,9,4,1999-02-19,False
5295,16,False,1833,Todd Pfalzgraf,0,577,732,12,4981,Angelina Downing,0,400,406,23,10,4,1999-02-19,False
5296,16,False,1833,Todd Pfalzgraf,0,577,732,12,2593,Joyce Slaughter,0,775,750,19,11,4,1999-02-19,False
5297,16,False,1833,Todd Pfalzgraf,0,577,732,12,2522,Jerry Schwartz,0,955,969,10,13,4,1999-02-19,False
5298,16,False,1833,Todd Pfalzgraf,0,577,732,12,5938,Dave Wilson,0,0,710,18,14,4,1999-02-19,False
5299,16,False,1833,Todd Pfalzgraf,0,577,732,12,903,Rebecca Soble,0,0,801,16,15,4,1999-02-19,False
5300,16,False,1834,Sharon Downing,0,1005,1003,6,5792,Dottie Freeman,0,0,548,22,1,4,1999-02-19,False
5301,16,False,1834,Sharon Downing,0,1005,1003,6,1833,Todd Pfalzgraf,0,577,732,12,2,4,1999-02-19,False
5302,16,False,1834,Sharon Downing,0,1005,1003,6,4536,Jacquitta Ladson,0,962,986,3,4,4,1999-02-19,False
5303,16,False,1834,Sharon Downing,0,1005,1003,6,1509,Wendell Smith,0,1050,1029,9,5,4,1999-02-19,False
5304,16,False,1834,Sharon Downing,0,1005,1003,6,5938,Dave Wilson,0,0,710,18,6,4,1999-02-19,False
5305,16,False,1834,Sharon Downing,0,1005,1003,6,4981,Angelina Downing,0,400,406,23,7,4,1999-02-19,False
5306,16,False,1834,Sharon Downing,0,1005,1003,6,2593,Joyce Slaughter,0,775,750,19,8,4,1999-02-19,False
5307,16,False,1834,Sharon Downing,0,1005,1003,6,2441,Avis Turner,0,953,943,11,9,4,1999-02-19,False
5308,16,False,1834,Sharon Downing,0,1005,1003,6,5457,Willie Collins,0,0,757,20,13,4,1999-02-19,False
5309,16,False,1837,Janette Ford,0,1048,1023,7,1844,Lorrell Jones,0,557,542,21,2,4,1999-02-19,False
5310,16,False,1837,Janette Ford,0,1048,1023,7,2883,Mary Mathews,0,854,837,17,3,4,1999-02-19,False
5311,16,False,1837,Janette Ford,0,1048,1023,7,5709,Keith Osbon,0,1018,1044,1,5,4,1999-02-19,False
5312,16,False,1837,Janette Ford,0,1048,1023,7,5238,Mark Wutka,0,0,1082,5,6,4,1999-02-19,False
5313,16,False,1837,Janette Ford,0,1048,1023,7,5457,Willie Collins,0,0,757,20,7,4,1999-02-19,False
5314,16,False,1837,Janette Ford,0,1048,1023,7,4734,Lincoln Carter,0,913,864,15,9,4,1999-02-19,False
5315,16,False,1837,Janette Ford,0,1048,1023,7,1509,Wendell Smith,0,1050,1029,9,12,4,1999-02-19,False
5316,16,False,1837,Janette Ford,0,1048,1023,7,877,Virginia Wood,0,899,889,13,14,4,1999-02-19,False
5317,16,False,1837,Janette Ford,0,1048,1023,7,4276,Annette Glenn,0,971,975,8,15,4,1999-02-19,False
5318,16,False,1844,Lorrell Jones,0,557,542,21,903,Rebecca Soble,0,0,801,16,3,4,1999-02-19,False
5319,16,False,1844,Lorrell Jones,0,557,542,21,4981,Angelina Downing,0,400,406,23,12,4,1999-02-19,False
5320,16,False,1844,Lorrell Jones,0,557,542,21,4981,Angelina Downing,0,400,406,23,15,4,1999-02-19,False
5321,16,False,2030,Jeremiah Mead,0,2020,2029,2,65,Susi Tiekert,0,1666,1677,13,1,1,1999-02-19,False
5322,16,False,2030,Jeremiah Mead,0,2020,2029,2,268,Harriette Lakernick,0,1684,1670,16,2,1,1999-02-19,False
5323,16,False,2030,Jeremiah Mead,0,2020,2029,2,853,Tracy Cobbs,0,1703,1727,10,3,1,1999-02-19,False
5324,16,False,2030,Jeremiah Mead,0,2020,2029,2,2994,Jim Pate,0,1772,1726,15,5,1,1999-02-19,False
5325,16,False,2030,Jeremiah Mead,0,2020,2029,2,2865,Martin Weisskopf,0,1775,1801,7,6,1,1999-02-19,False
5326,16,False,2030,Jeremiah Mead,0,2020,2029,2,1448,Marlene Milkent,0,1790,1760,12,7,1,1999-02-19,False
5327,16,False,2030,Jeremiah Mead,0,2020,2029,2,435,Chris Cree,0,1798,1822,6,8,1,1999-02-19,False
5328,16,False,2030,Jeremiah Mead,0,2020,2029,2,3707,Tunde Ogunyemi,0,1833,1775,14,9,1,1999-02-19,False
5329,16,False,2030,Jeremiah Mead,0,2020,2029,2,2627,Randy Hersom,0,1869,1874,4,10,1,1999-02-19,False
5330,16,False,2030,Jeremiah Mead,0,2020,2029,2,5216,Richard Ross,0,1924,1924,5,11,1,1999-02-19,False
5331,16,False,2030,Jeremiah Mead,0,2020,2029,2,37,Ron Tiekert,0,2034,1982,9,13,1,1999-02-19,False
5332,16,False,2030,Jeremiah Mead,0,2020,2029,2,5216,Richard Ross,0,1924,1924,5,15,1,1999-02-19,False
5333,16,False,2436,Toni Nicholson,0,1099,1101,16,305,Ralph King,0,1403,1376,4,1,3,1999-02-19,False
5334,16,False,2436,Toni Nicholson,0,1099,1101,16,2875,Eileen Willis,0,1092,1059,19,6,3,1999-02-19,False
5335,16,False,2436,Toni Nicholson,0,1099,1101,16,2525,Dick Brittain,0,1185,1192,12,8,3,1999-02-19,False
5336,16,False,2436,Toni Nicholson,0,1099,1101,16,1821,Michael Christophel,0,1322,1324,3,9,3,1999-02-19,False
5337,16,False,2436,Toni Nicholson,0,1099,1101,16,2875,Eileen Willis,0,1092,1059,19,14,3,1999-02-19,False
5338,16,False,2436,Toni Nicholson,0,1099,1101,16,2875,Eileen Willis,0,1092,1059,19,15,3,1999-02-19,False
5339,16,False,2441,Avis Turner,0,953,943,11,1833,Todd Pfalzgraf,0,577,732,12,1,4,1999-02-19,False
5340,16,False,2441,Avis Turner,0,953,943,11,877,Virginia Wood,0,899,889,13,2,4,1999-02-19,False
5341,16,False,2441,Avis Turner,0,953,943,11,5938,Dave Wilson,0,0,710,18,5,4,1999-02-19,False
5342,16,False,2441,Avis Turner,0,953,943,11,4981,Angelina Downing,0,400,406,23,6,4,1999-02-19,False
5343,16,False,2441,Avis Turner,0,953,943,11,2593,Joyce Slaughter,0,775,750,19,7,4,1999-02-19,False
5344,16,False,2441,Avis Turner,0,953,943,11,1415,Rosemarie Leitzell,0,1105,1123,2,8,4,1999-02-19,False
5345,16,False,2441,Avis Turner,0,953,943,11,5792,Dottie Freeman,0,0,548,22,11,4,1999-02-19,False
5346,16,False,2441,Avis Turner,0,953,943,11,1830,Vicki Blizzard,0,697,777,14,13,4,1999-02-19,False
5347,16,False,2485,Varney Senii,0,1278,1336,9,2590,Raymond Slaughter,0,1389,1373,12,3,2,1999-02-19,False
5348,16,False,2485,Varney Senii,0,1278,1336,9,1816,Toni Douglas,0,1419,1431,5,4,2,1999-02-19,False
5349,16,False,2485,Varney Senii,0,1278,1336,9,1330,Carl Davis,0,1481,1535,1,5,2,1999-02-19,False
5350,16,False,2485,Varney Senii,0,1278,1336,9,2523,Becky Brittain,0,1513,1453,11,6,2,1999-02-19,False
5351,16,False,2485,Varney Senii,0,1278,1336,9,2521,Joann Burchett,0,0,1361,10,11,2,1999-02-19,False
5352,16,False,2485,Varney Senii,0,1278,1336,9,1331,Michelle Davis,0,1414,1417,8,12,2,1999-02-19,False
5353,16,False,2485,Varney Senii,0,1278,1336,9,1814,Ray Smith,0,1563,1544,3,13,2,1999-02-19,False
5354,16,False,2521,Joann Burchett,0,0,1361,10,2523,Becky Brittain,0,1513,1453,11,2,2,1999-02-19,False
5355,16,False,2521,Joann Burchett,0,0,1361,10,2744,Jerri Bergeron,0,1578,1541,4,3,2,1999-02-19,False
5356,16,False,2521,Joann Burchett,0,0,1361,10,1191,Jacqueline Camper,0,1373,1420,6,5,2,1999-02-19,False
5357,16,False,2521,Joann Burchett,0,0,1361,10,1331,Michelle Davis,0,1414,1417,8,8,2,1999-02-19,False
5358,16,False,2521,Joann Burchett,0,0,1361,10,2590,Raymond Slaughter,0,1389,1373,12,12,2,1999-02-19,False
5359,16,False,2521,Joann Burchett,0,0,1361,10,5448,Richard Benjamin,0,1208,1230,14,15,2,1999-02-19,False
5360,16,False,2522,Jerry Schwartz,0,955,969,10,1830,Vicki Blizzard,0,697,777,14,1,4,1999-02-19,False
5361,16,False,2522,Jerry Schwartz,0,955,969,10,4734,Lincoln Carter,0,913,864,15,2,4,1999-02-19,False
5362,16,False,2522,Jerry Schwartz,0,955,969,10,4276,Annette Glenn,0,971,975,8,3,4,1999-02-19,False
5363,16,False,2522,Jerry Schwartz,0,955,969,10,1837,Janette Ford,0,1048,1023,7,4,4,1999-02-19,False
5364,16,False,2522,Jerry Schwartz,0,955,969,10,903,Rebecca Soble,0,0,801,16,5,4,1999-02-19,False
5365,16,False,2522,Jerry Schwartz,0,955,969,10,1844,Lorrell Jones,0,557,542,21,6,4,1999-02-19,False
5366,16,False,2522,Jerry Schwartz,0,955,969,10,2883,Mary Mathews,0,854,837,17,7,4,1999-02-19,False
5367,16,False,2522,Jerry Schwartz,0,955,969,10,2441,Avis Turner,0,953,943,11,12,4,1999-02-19,False
5368,16,False,2522,Jerry Schwartz,0,955,969,10,877,Virginia Wood,0,899,889,13,15,4,1999-02-19,False
5369,16,False,2523,Becky Brittain,0,1513,1453,11,1817,Margaret Swanson,0,1407,1399,13,1,2,1999-02-19,False
5370,16,False,2523,Becky Brittain,0,1513,1453,11,1331,Michelle Davis,0,1414,1417,8,3,2,1999-02-19,False
5371,16,False,2523,Becky Brittain,0,1513,1453,11,1465,Jan Fisher,0,1590,1563,7,5,2,1999-02-19,False
5372,16,False,2523,Becky Brittain,0,1513,1453,11,1816,Toni Douglas,0,1419,1431,5,8,2,1999-02-19,False
5373,16,False,2523,Becky Brittain,0,1513,1453,11,5448,Richard Benjamin,0,1208,1230,14,12,2,1999-02-19,False
5374,16,False,2523,Becky Brittain,0,1513,1453,11,2590,Raymond Slaughter,0,1389,1373,12,14,2,1999-02-19,False
5375,16,False,2525,Dick Brittain,0,1185,1192,12,3200,Kathy Gray,0,1170,1154,15,1,3,1999-02-19,False
5376,16,False,2525,Dick Brittain,0,1185,1192,12,4277,Kevin Glenn,0,1219,1219,9,2,3,1999-02-19,False
5377,16,False,2525,Dick Brittain,0,1185,1192,12,2875,Eileen Willis,0,1092,1059,19,4,3,1999-02-19,False
5378,16,False,2525,Dick Brittain,0,1185,1192,12,1091,Kathi Cann,0,1163,1120,18,5,3,1999-02-19,False
5379,16,False,2525,Dick Brittain,0,1185,1192,12,1829,Kaaren Dolinsky,0,1314,1339,2,11,3,1999-02-19,False
5380,16,False,2525,Dick Brittain,0,1185,1192,12,3542,Stephen Dennis,0,1352,1324,8,12,3,1999-02-19,False
5381,16,False,2525,Dick Brittain,0,1185,1192,12,283,Marie Gier,0,1054,1162,7,13,3,1999-02-19,False
5382,16,False,2590,Raymond Slaughter,0,1389,1373,12,1814,Ray Smith,0,1563,1544,3,1,2,1999-02-19,False
5383,16,False,2590,Raymond Slaughter,0,1389,1373,12,1816,Toni Douglas,0,1419,1431,5,5,2,1999-02-19,False
5384,16,False,2590,Raymond Slaughter,0,1389,1373,12,2523,Becky Brittain,0,1513,1453,11,7,2,1999-02-19,False
5385,16,False,2590,Raymond Slaughter,0,1389,1373,12,1817,Margaret Swanson,0,1407,1399,13,11,2,1999-02-19,False
5386,16,False,2590,Raymond Slaughter,0,1389,1373,12,1331,Michelle Davis,0,1414,1417,8,13,2,1999-02-19,False
5387,16,False,2593,Joyce Slaughter,0,775,750,19,4536,Jacquitta Ladson,0,962,986,3,2,4,1999-02-19,False
5388,16,False,2593,Joyce Slaughter,0,775,750,19,5938,Dave Wilson,0,0,710,18,4,4,1999-02-19,False
5389,16,False,2593,Joyce Slaughter,0,775,750,19,4981,Angelina Downing,0,400,406,23,5,4,1999-02-19,False
5390,16,False,2593,Joyce Slaughter,0,775,750,19,5792,Dottie Freeman,0,0,548,22,10,4,1999-02-19,False
5391,16,False,2593,Joyce Slaughter,0,775,750,19,5792,Dottie Freeman,0,0,548,22,15,4,1999-02-19,False
5392,16,False,2627,Randy Hersom,0,1869,1874,4,44,Paul Avrin,0,1780,1772,11,1,1,1999-02-19,False
5393,16,False,2627,Randy Hersom,432,1869,1874,4,1389,Trip Payne,376,1892,1958,1,4,1,1999-02-19,False
5394,16,False,2627,Randy Hersom,0,1869,1874,4,268,Harriette Lakernick,0,1684,1670,16,6,1,1999-02-19,False
5395,16,False,2627,Randy Hersom,0,1869,1874,4,2994,Jim Pate,0,1772,1726,15,8,1,1999-02-19,False
5396,16,False,2627,Randy Hersom,0,1869,1874,4,1448,Marlene Milkent,0,1790,1760,12,9,1,1999-02-19,False
5397,16,False,2627,Randy Hersom,0,1869,1874,4,53,Joel Sherman,0,1989,1996,3,11,1,1999-02-19,False
5398,16,False,2627,Randy Hersom,0,1869,1874,4,853,Tracy Cobbs,0,1703,1727,10,13,1,1999-02-19,False
5399,16,False,2627,Randy Hersom,0,1869,1874,4,5936,John Attamack,0,1716,1766,8,14,1,1999-02-19,False
5400,16,False,2627,Randy Hersom,0,1869,1874,4,435,Chris Cree,0,1798,1822,6,15,1,1999-02-19,False
5401,16,False,2744,Jerri Bergeron,0,1578,1541,4,1817,Margaret Swanson,0,1407,1399,13,2,2,1999-02-19,False
5402,16,False,2744,Jerri Bergeron,0,1578,1541,4,1465,Jan Fisher,0,1590,1563,7,6,2,1999-02-19,False
5403,16,False,2744,Jerri Bergeron,0,1578,1541,4,2485,Varney Senii,0,1278,1336,9,7,2,1999-02-19,False
5404,16,False,2744,Jerri Bergeron,0,1578,1541,4,2590,Raymond Slaughter,0,1389,1373,12,8,2,1999-02-19,False
5405,16,False,2744,Jerri Bergeron,0,1578,1541,4,1816,Toni Douglas,0,1419,1431,5,9,2,1999-02-19,False
5406,16,False,2744,Jerri Bergeron,0,1578,1541,4,2523,Becky Brittain,0,1513,1453,11,11,2,1999-02-19,False
5407,16,False,2744,Jerri Bergeron,0,1578,1541,4,2867,Mary Ellen Weisskopf,0,1658,1633,2,12,2,1999-02-19,False
5408,16,False,2744,Jerri Bergeron,0,1578,1541,4,5448,Richard Benjamin,0,1208,1230,14,13,2,1999-02-19,False
5409,16,False,2865,Martin Weisskopf,0,1775,1801,7,3707,Tunde Ogunyemi,0,1833,1775,14,1,1,1999-02-19,False
5410,16,False,2865,Martin Weisskopf,0,1775,1801,7,2627,Randy Hersom,0,1869,1874,4,2,1,1999-02-19,False
5411,16,False,2865,Martin Weisskopf,0,1775,1801,7,44,Paul Avrin,0,1780,1772,11,5,1,1999-02-19,False
